id,employer_id,benefit_policy_id,policy_number,parent_id,active,updated_at,updated_by
10242,1,,,,t,2026-05-30 21:53:41.032457,
84858,1,,,,t,2026-06-28 01:34:40.152491,
84859,1,,,,t,2026-06-28 01:34:40.193058,
84860,1,,,,t,2026-06-28 01:34:40.200299,
84861,1,,,,t,2026-06-28 01:34:40.203841,
84862,1,,,,t,2026-06-28 01:34:40.207372,
84863,1,,,,t,2026-06-28 01:34:40.219328,
84864,1,,,,t,2026-06-28 01:34:40.22879,
84865,1,,,,t,2026-06-28 01:34:40.237669,
84866,1,,,,t,2026-06-28 01:34:40.244138,
84867,1,,,,t,2026-06-28 01:34:40.249473,
84868,1,,,,t,2026-06-28 01:34:40.269638,
84869,1,,,,t,2026-06-28 01:34:40.280942,
84870,1,,,,t,2026-06-28 01:34:40.288498,
84871,1,,,,t,2026-06-28 01:34:40.308613,
84872,1,,,,t,2026-06-28 01:34:40.310843,
84873,1,,,,t,2026-06-28 01:34:40.31298,
84874,1,,,,t,2026-06-28 01:34:40.314448,
84875,1,,,,t,2026-06-28 01:34:40.316734,
84876,1,,,,t,2026-06-28 01:34:40.325192,
84877,1,,,,t,2026-06-28 01:34:40.332797,
84878,1,,,,t,2026-06-28 01:34:40.339919,
84879,1,,,,t,2026-06-28 01:34:40.348087,
84880,1,,,,t,2026-06-28 01:34:40.351547,
84881,1,,,,t,2026-06-28 01:34:40.355013,
84882,1,,,,t,2026-06-28 01:34:40.358704,
84883,1,,,,t,2026-06-28 01:34:40.367282,
84884,1,,,,t,2026-06-28 01:34:40.377613,
84885,1,,,,t,2026-06-28 01:34:40.385615,
84886,1,,,,t,2026-06-28 01:34:40.392808,
84887,1,,,,t,2026-06-28 01:34:40.39918,
84888,1,,,,t,2026-06-28 01:34:40.40852,
84889,1,,,,t,2026-06-28 01:34:40.417334,
84890,1,,,,t,2026-06-28 01:34:40.425646,
84891,1,,,,t,2026-06-28 01:34:40.432977,
84892,1,,,,t,2026-06-28 01:34:40.444913,
84893,1,,,,t,2026-06-28 01:34:40.454107,
84894,1,,,,t,2026-06-28 01:34:40.462156,
84895,1,,,,t,2026-06-28 01:34:40.468056,
84896,1,,,,t,2026-06-28 01:34:40.470759,
84897,1,,,,t,2026-06-28 01:34:40.478785,
84898,1,,,,t,2026-06-28 01:34:40.485321,
84899,1,,,,t,2026-06-28 01:34:40.4929,
84900,1,,,,t,2026-06-28 01:34:40.500037,
84901,1,,,,t,2026-06-28 01:34:40.508915,
84902,1,,,,t,2026-06-28 01:34:40.518728,
84903,1,,,,t,2026-06-28 01:34:40.528888,
84904,1,,,,t,2026-06-28 01:34:40.533464,
84905,1,,,,t,2026-06-28 01:34:40.537303,
84906,1,,,,t,2026-06-28 01:34:40.543155,
84907,1,,,,t,2026-06-28 01:34:40.564135,
84908,1,,,,t,2026-06-28 01:34:40.56944,
84909,1,,,,t,2026-06-28 01:34:40.576825,
84910,1,,,,t,2026-06-28 01:34:40.582262,
84911,1,,,,t,2026-06-28 01:34:40.586072,
84912,1,,,,t,2026-06-28 01:34:40.591405,
84913,1,,,,t,2026-06-28 01:34:40.595551,
84914,1,,,,t,2026-06-28 01:34:40.599647,
84915,1,,,,t,2026-06-28 01:34:40.632927,
84916,1,,,,t,2026-06-28 01:34:40.636343,
84917,1,,,,t,2026-06-28 01:34:40.642067,
84918,1,,,,t,2026-06-28 01:34:40.651342,
84919,1,,,,t,2026-06-28 01:34:40.657433,
84920,1,,,,t,2026-06-28 01:34:40.661832,
84921,1,,,,t,2026-06-28 01:34:40.669994,
84922,1,,,,t,2026-06-28 01:34:40.680762,
84923,1,,,,t,2026-06-28 01:34:40.688474,
84924,1,,,,t,2026-06-28 01:34:40.69301,
84925,1,,,,t,2026-06-28 01:34:40.697763,
84926,1,,,,t,2026-06-28 01:34:40.702414,
84927,1,,,,t,2026-06-28 01:34:40.70669,
84928,1,,,,t,2026-06-28 01:34:40.711515,
84929,1,,,,t,2026-06-28 01:34:40.71494,
84930,1,,,,t,2026-06-28 01:34:40.719025,
84931,1,,,,t,2026-06-28 01:34:40.723298,
84932,1,,,,t,2026-06-28 01:34:40.727705,
84933,1,,,,t,2026-06-28 01:34:40.732374,
84934,1,,,,t,2026-06-28 01:34:40.736982,
84935,1,,,,t,2026-06-28 01:34:40.742055,
84936,1,,,,t,2026-06-28 01:34:40.748337,
84937,1,,,,t,2026-06-28 01:34:40.756235,
84938,1,,,,t,2026-06-28 01:34:40.761688,
84939,1,,,,t,2026-06-28 01:34:40.769147,
84940,1,,,,t,2026-06-28 01:34:40.773304,
84941,1,,,,t,2026-06-28 01:34:40.77912,
84942,1,,,,t,2026-06-28 01:34:40.79377,
84943,1,,,,t,2026-06-28 01:34:40.80151,
84944,1,,,,t,2026-06-28 01:34:40.805807,
84945,1,,,,t,2026-06-28 01:34:40.810879,
84946,1,,,,t,2026-06-28 01:34:40.814034,
84947,1,,,,t,2026-06-28 01:34:40.817002,
84948,1,,,,t,2026-06-28 01:34:40.820681,
84949,1,,,,t,2026-06-28 01:34:40.824219,
84950,1,,,,t,2026-06-28 01:34:40.829441,
84951,1,,,,t,2026-06-28 01:34:40.831491,
84952,1,,,,t,2026-06-28 01:34:40.833882,
84953,1,,,,t,2026-06-28 01:34:40.837483,
84954,1,,,,t,2026-06-28 01:34:40.842498,
84955,1,,,,t,2026-06-28 01:34:40.850815,
84956,1,,,,t,2026-06-28 01:34:40.854247,
84957,1,,,,t,2026-06-28 01:34:40.85945,
84958,1,,,,t,2026-06-28 01:34:41.864996,
84959,1,,,,t,2026-06-28 01:34:41.869723,
84960,1,,,,t,2026-06-28 01:34:41.874193,
84961,1,,,,t,2026-06-28 01:34:41.878902,
84962,1,,,,t,2026-06-28 01:34:41.882178,
84963,1,,,,t,2026-06-28 01:34:41.88468,
84964,1,,,,t,2026-06-28 01:34:41.887502,
84965,1,,,,t,2026-06-28 01:34:41.891332,
84966,1,,,,t,2026-06-28 01:34:41.895722,
84967,1,,,,t,2026-06-28 01:34:41.89863,
84968,1,,,,t,2026-06-28 01:34:41.901675,
84969,1,,,,t,2026-06-28 01:34:41.905247,
84970,1,,,,t,2026-06-28 01:34:41.909428,
84971,1,,,,t,2026-06-28 01:34:41.914692,
84972,1,,,,t,2026-06-28 01:34:41.918478,
84973,1,,,,t,2026-06-28 01:34:41.921108,
84974,1,,,,t,2026-06-28 01:34:41.927787,
84975,1,,,,t,2026-06-28 01:34:41.931938,
84976,1,,,,t,2026-06-28 01:34:41.935866,
84977,1,,,,t,2026-06-28 01:34:41.938878,
84978,1,,,,t,2026-06-28 01:34:41.946616,
84979,1,,,,t,2026-06-28 01:34:41.951516,
84980,1,,,,t,2026-06-28 01:34:41.954014,
84981,1,,,,t,2026-06-28 01:34:41.9587,
84982,1,,,,t,2026-06-28 01:34:41.963582,
84983,1,,,,t,2026-06-28 01:34:41.967724,
84984,1,,,,t,2026-06-28 01:34:41.977185,
84985,1,,,,t,2026-06-28 01:34:41.983568,
84986,1,,,,t,2026-06-28 01:34:41.995629,
84987,1,,,,t,2026-06-28 01:34:42.000062,
84988,1,,,,t,2026-06-28 01:34:42.003959,
84989,1,,,,t,2026-06-28 01:34:42.008687,
84990,1,,,,t,2026-06-28 01:34:42.011991,
84991,1,,,,t,2026-06-28 01:34:42.015451,
84992,1,,,,t,2026-06-28 01:34:42.019027,
84993,1,,,,t,2026-06-28 01:34:42.024818,
84994,1,,,,t,2026-06-28 01:34:42.028573,
84995,1,,,,t,2026-06-28 01:34:42.031393,
84996,1,,,,t,2026-06-28 01:34:42.03649,
84997,1,,,,t,2026-06-28 01:34:42.040058,
84998,1,,,,t,2026-06-28 01:34:42.043797,
84999,1,,,,t,2026-06-28 01:34:42.047025,
85000,1,,,,t,2026-06-28 01:34:42.049986,
85001,1,,,,t,2026-06-28 01:34:42.053209,
85002,1,,,,t,2026-06-28 01:34:42.057248,
85003,1,,,,t,2026-06-28 01:34:42.060438,
85004,1,,,,t,2026-06-28 01:34:42.062388,
85005,1,,,,t,2026-06-28 01:34:42.06491,
85006,1,,,,t,2026-06-28 01:34:42.067928,
85007,1,,,,t,2026-06-28 01:34:42.071762,
85008,1,,,,t,2026-06-28 01:34:42.074658,
85009,1,,,,t,2026-06-28 01:34:42.078941,
85010,1,,,,t,2026-06-28 01:34:42.081489,
85011,1,,,,t,2026-06-28 01:34:42.084553,
85012,1,,,,t,2026-06-28 01:34:42.088263,
85013,1,,,,t,2026-06-28 01:34:42.091076,
85014,1,,,,t,2026-06-28 01:34:42.094312,
85015,1,,,,t,2026-06-28 01:34:42.097879,
85016,1,,,,t,2026-06-28 01:34:42.100637,
85017,1,,,,t,2026-06-28 01:34:42.103466,
85018,1,,,,t,2026-06-28 01:34:42.106957,
85019,1,,,,t,2026-06-28 01:34:42.109865,
85020,1,,,,t,2026-06-28 01:34:42.113821,
85021,1,,,,t,2026-06-28 01:34:42.116129,
85022,1,,,,t,2026-06-28 01:34:42.118917,
85023,1,,,,t,2026-06-28 01:34:42.122294,
85024,1,,,,t,2026-06-28 01:34:42.142642,
85025,1,,,,t,2026-06-28 01:34:42.146037,
85026,1,,,,t,2026-06-28 01:34:42.148724,
85027,1,,,,t,2026-06-28 01:34:42.151507,
85028,1,,,,t,2026-06-28 01:34:42.153872,
85029,1,,,,t,2026-06-28 01:34:42.156833,
85030,1,,,,t,2026-06-28 01:34:42.159087,
85031,1,,,,t,2026-06-28 01:34:42.162269,
85032,1,,,,t,2026-06-28 01:34:42.164673,
85033,1,,,,t,2026-06-28 01:34:42.1666,
85034,1,,,,t,2026-06-28 01:34:42.169628,
85035,1,,,,t,2026-06-28 01:34:42.174724,
85036,1,,,,t,2026-06-28 01:34:42.180393,
85037,1,,,,t,2026-06-28 01:34:42.186424,
85038,1,,,,t,2026-06-28 01:34:42.191903,
85039,1,,,,t,2026-06-28 01:34:42.197527,
85040,1,,,,t,2026-06-28 01:34:42.20207,
85041,1,,,,t,2026-06-28 01:34:42.2088,
85042,1,,,,t,2026-06-28 01:34:42.213813,
85043,1,,,,t,2026-06-28 01:34:42.218183,
85044,1,,,,t,2026-06-28 01:34:42.226087,
85045,1,,,,t,2026-06-28 01:34:42.230993,
85046,1,,,,t,2026-06-28 01:34:42.233667,
85047,1,,,,t,2026-06-28 01:34:42.237825,
85048,1,,,,t,2026-06-28 01:34:42.242113,
85049,1,,,,t,2026-06-28 01:34:42.245221,
85050,1,,,,t,2026-06-28 01:34:42.248216,
85051,1,,,,t,2026-06-28 01:34:42.250902,
85052,1,,,,t,2026-06-28 01:34:42.254822,
85053,1,,,,t,2026-06-28 01:34:42.261868,
85054,1,,,,t,2026-06-28 01:34:42.264514,
85055,1,,,,t,2026-06-28 01:34:42.269511,
85056,1,,,,t,2026-06-28 01:34:42.273611,
85057,1,,,,t,2026-06-28 01:34:42.280304,
85058,1,,,,t,2026-06-28 01:34:43.196995,
85059,1,,,,t,2026-06-28 01:34:43.203644,
85060,1,,,,t,2026-06-28 01:34:43.208633,
85061,1,,,,t,2026-06-28 01:34:43.211541,
85062,1,,,,t,2026-06-28 01:34:43.215014,
85063,1,,,,t,2026-06-28 01:34:43.217804,
85064,1,,,,t,2026-06-28 01:34:43.221675,
85065,1,,,,t,2026-06-28 01:34:43.224917,
85066,1,,,,t,2026-06-28 01:34:43.228177,
85067,1,,,,t,2026-06-28 01:34:43.232432,
85068,1,,,,t,2026-06-28 01:34:43.236361,
85069,1,,,,t,2026-06-28 01:34:43.248957,
85070,1,,,,t,2026-06-28 01:34:43.255676,
85071,1,,,,t,2026-06-28 01:34:43.262537,
85072,1,,,,t,2026-06-28 01:34:43.268245,
85073,1,,,,t,2026-06-28 01:34:43.275014,
85074,1,,,,t,2026-06-28 01:34:43.281019,
85075,1,,,,t,2026-06-28 01:34:43.288469,
85076,1,,,,t,2026-06-28 01:34:43.294256,
85077,1,,,,t,2026-06-28 01:34:43.301051,
85078,1,,,,t,2026-06-28 01:34:43.305709,
85079,1,,,,t,2026-06-28 01:34:43.311952,
85080,1,,,,t,2026-06-28 01:34:43.334221,
85081,1,,,,t,2026-06-28 01:34:43.340509,
85082,1,,,,t,2026-06-28 01:34:43.34575,
85083,1,,,,t,2026-06-28 01:34:43.351837,
85084,1,,,,t,2026-06-28 01:34:43.357933,
85085,1,,,,t,2026-06-28 01:34:43.362731,
85086,1,,,,t,2026-06-28 01:34:43.367177,
85087,1,,,,t,2026-06-28 01:34:43.374284,
85088,1,,,,t,2026-06-28 01:34:43.379714,
85089,1,,,,t,2026-06-28 01:34:43.384255,
85090,1,,,,t,2026-06-28 01:34:43.391104,
85091,1,,,,t,2026-06-28 01:34:43.396499,
85092,1,,,,t,2026-06-28 01:34:43.402851,
85093,1,,,,t,2026-06-28 01:34:43.40961,
85094,1,,,,t,2026-06-28 01:34:43.414251,
85095,1,,,,t,2026-06-28 01:34:43.425745,
85096,1,,,,t,2026-06-28 01:34:43.430623,
85097,1,,,,t,2026-06-28 01:34:43.435541,
85098,1,,,,t,2026-06-28 01:34:43.441861,
85099,1,,,,t,2026-06-28 01:34:43.446987,
85100,1,,,,t,2026-06-28 01:34:43.452329,
85101,1,,,,t,2026-06-28 01:34:43.458213,
85102,1,,,,t,2026-06-28 01:34:43.463292,
85103,1,,,,t,2026-06-28 01:34:43.46795,
85104,1,,,,t,2026-06-28 01:34:43.473448,
85105,1,,,,t,2026-06-28 01:34:43.477921,
85106,1,,,,t,2026-06-28 01:34:43.480947,
85107,1,,,,t,2026-06-28 01:34:43.485855,
85108,1,,,,t,2026-06-28 01:34:43.491168,
85109,1,,,,t,2026-06-28 01:34:43.497595,
85110,1,,,,t,2026-06-28 01:34:43.505456,
85111,1,,,,t,2026-06-28 01:34:43.51493,
85112,1,,,,t,2026-06-28 01:34:43.526767,
85113,1,,,,t,2026-06-28 01:34:43.535545,
85114,1,,,,t,2026-06-28 01:34:43.541742,
85115,1,,,,t,2026-06-28 01:34:43.54654,
85116,1,,,,t,2026-06-28 01:34:43.551021,
85117,1,,,,t,2026-06-28 01:34:43.556417,
85118,1,,,,t,2026-06-28 01:34:43.560222,
85119,1,,,,t,2026-06-28 01:34:43.565283,
85120,1,,,,t,2026-06-28 01:34:43.570332,
85121,1,,,,t,2026-06-28 01:34:43.57418,
85122,1,,,,t,2026-06-28 01:34:43.578343,
85123,1,,,,t,2026-06-28 01:34:43.581123,
85124,1,,,,t,2026-06-28 01:34:43.589974,
85125,1,,,,t,2026-06-28 01:34:43.594254,
85126,1,,,,t,2026-06-28 01:34:43.597107,
85127,1,,,,t,2026-06-28 01:34:43.600976,
85128,1,,,,t,2026-06-28 01:34:43.604526,
85129,1,,,,t,2026-06-28 01:34:43.607999,
85130,1,,,,t,2026-06-28 01:34:43.610592,
85131,1,,,,t,2026-06-28 01:34:43.614251,
85132,1,,,,t,2026-06-28 01:34:43.618768,
85133,1,,,,t,2026-06-28 01:34:43.624666,
85134,1,,,,t,2026-06-28 01:34:43.627764,
85135,1,,,,t,2026-06-28 01:34:43.631107,
85136,1,,,,t,2026-06-28 01:34:43.635181,
85137,1,,,,t,2026-06-28 01:34:43.638863,
85138,1,,,,t,2026-06-28 01:34:43.642881,
85139,1,,,,t,2026-06-28 01:34:43.646126,
85140,1,,,,t,2026-06-28 01:34:43.650475,
85141,1,,,,t,2026-06-28 01:34:43.655446,
85142,1,,,,t,2026-06-28 01:34:43.659057,
85143,1,,,,t,2026-06-28 01:34:43.663111,
85144,1,,,,t,2026-06-28 01:34:43.666,
85145,1,,,,t,2026-06-28 01:34:43.670103,
85146,1,,,,t,2026-06-28 01:34:43.674116,
85147,1,,,,t,2026-06-28 01:34:43.677492,
85148,1,,,,t,2026-06-28 01:34:43.681684,
85149,1,,,,t,2026-06-28 01:34:43.685507,
85150,1,,,,t,2026-06-28 01:34:43.68825,
85151,1,,,,t,2026-06-28 01:34:43.691976,
85152,1,,,,t,2026-06-28 01:34:43.69799,
85153,1,,,,t,2026-06-28 01:34:43.702278,
85154,1,,,,t,2026-06-28 01:34:43.706872,
85155,1,,,,t,2026-06-28 01:34:43.711599,
85156,1,,,,t,2026-06-28 01:34:43.714854,
85157,1,,,,t,2026-06-28 01:34:43.718523,
85158,1,,,,t,2026-06-28 01:34:44.995873,
85159,1,,,,t,2026-06-28 01:34:44.999765,
85160,1,,,,t,2026-06-28 01:34:45.003688,
85161,1,,,,t,2026-06-28 01:34:45.006752,
85162,1,,,,t,2026-06-28 01:34:45.010375,
85163,1,,,,t,2026-06-28 01:34:45.012775,
85164,1,,,,t,2026-06-28 01:34:45.01522,
85165,1,,,,t,2026-06-28 01:34:45.020494,
85166,1,,,,t,2026-06-28 01:34:45.023443,
85167,1,,,,t,2026-06-28 01:34:45.026717,
85168,1,,,,t,2026-06-28 01:34:45.030012,
85169,1,,,,t,2026-06-28 01:34:45.033456,
85170,1,,,,t,2026-06-28 01:34:45.037223,
85171,1,,,,t,2026-06-28 01:34:45.040864,
85172,1,,,,t,2026-06-28 01:34:45.044008,
85173,1,,,,t,2026-06-28 01:34:45.047313,
85174,1,,,,t,2026-06-28 01:34:45.050911,
85175,1,,,,t,2026-06-28 01:34:45.055447,
85176,1,,,,t,2026-06-28 01:34:45.058924,
85177,1,,,,t,2026-06-28 01:34:45.063481,
85178,1,,,,t,2026-06-28 01:34:45.066967,
85179,1,,,,t,2026-06-28 01:34:45.071842,
85180,1,,,,t,2026-06-28 01:34:45.074629,
85181,1,,,,t,2026-06-28 01:34:45.077844,
85182,1,,,,t,2026-06-28 01:34:45.080616,
85183,1,,,,t,2026-06-28 01:34:45.083997,
85184,1,,,,t,2026-06-28 01:34:45.089096,
85185,1,,,,t,2026-06-28 01:34:45.092272,
85186,1,,,,t,2026-06-28 01:34:45.094861,
85187,1,,,,t,2026-06-28 01:34:45.098122,
85188,1,,,,t,2026-06-28 01:34:45.102495,
85189,1,,,,t,2026-06-28 01:34:45.105949,
85190,1,,,,t,2026-06-28 01:34:45.109295,
85191,1,,,,t,2026-06-28 01:34:45.113197,
85192,1,,,,t,2026-06-28 01:34:45.116068,
85193,1,,,,t,2026-06-28 01:34:45.120115,
85194,1,,,,t,2026-06-28 01:34:45.124251,
85195,1,,,,t,2026-06-28 01:34:45.127354,
85196,1,,,,t,2026-06-28 01:34:45.130106,
85197,1,,,,t,2026-06-28 01:34:45.133364,
85198,1,,,,t,2026-06-28 01:34:45.135117,
85199,1,,,,t,2026-06-28 01:34:45.137705,
85200,1,,,,t,2026-06-28 01:34:45.140706,
85201,1,,,,t,2026-06-28 01:34:45.142925,
85202,1,,,,t,2026-06-28 01:34:45.145185,
85203,1,,,,t,2026-06-28 01:34:45.148275,
85204,1,,,,t,2026-06-28 01:34:45.150678,
85205,1,,,,t,2026-06-28 01:34:45.154379,
85206,1,,,,t,2026-06-28 01:34:45.156603,
85207,1,,,,t,2026-06-28 01:34:45.158913,
85208,1,,,,t,2026-06-28 01:34:45.161479,
85209,1,,,,t,2026-06-28 01:34:45.163427,
85210,1,,,,t,2026-06-28 01:34:45.166007,
85211,1,,,,t,2026-06-28 01:34:45.170853,
85212,1,,,,t,2026-06-28 01:34:45.172905,
85213,1,,,,t,2026-06-28 01:34:45.175481,
85214,1,,,,t,2026-06-28 01:34:45.178274,
85215,1,,,,t,2026-06-28 01:34:45.181029,
85216,1,,,,t,2026-06-28 01:34:45.183416,
85217,1,,,,t,2026-06-28 01:34:45.185888,
85218,1,,,,t,2026-06-28 01:34:45.188176,
85219,1,,,,t,2026-06-28 01:34:45.19047,
85220,1,,,,t,2026-06-28 01:34:45.193278,
85221,1,,,,t,2026-06-28 01:34:45.197328,
85222,1,,,,t,2026-06-28 01:34:45.205233,
85223,1,,,,t,2026-06-28 01:34:45.210715,
85224,1,,,,t,2026-06-28 01:34:45.217833,
85225,1,,,,t,2026-06-28 01:34:45.224235,
85226,1,,,,t,2026-06-28 01:34:45.227714,
85227,1,,,,t,2026-06-28 01:34:45.230923,
85228,1,,,,t,2026-06-28 01:34:45.233878,
85229,1,,,,t,2026-06-28 01:34:45.240598,
85230,1,,,,t,2026-06-28 01:34:45.242952,
85231,1,,,,t,2026-06-28 01:34:45.248475,
85232,1,,,,t,2026-06-28 01:34:45.251693,
85233,1,,,,t,2026-06-28 01:34:45.255536,
85234,1,,,,t,2026-06-28 01:34:45.258283,
85235,1,,,,t,2026-06-28 01:34:45.261531,
85236,1,,,,t,2026-06-28 01:34:45.26435,
85237,1,,,,t,2026-06-28 01:34:45.275561,
85238,1,,,,t,2026-06-28 01:34:45.304327,
85239,1,,,,t,2026-06-28 01:34:45.309432,
85240,1,,,,t,2026-06-28 01:34:45.34438,
85241,1,,,,t,2026-06-28 01:34:45.358687,
85242,1,,,,t,2026-06-28 01:34:45.364641,
85243,1,,,,t,2026-06-28 01:34:45.367502,
85244,1,,,,t,2026-06-28 01:34:45.388304,
85245,1,,,,t,2026-06-28 01:34:45.393231,
85246,1,,,,t,2026-06-28 01:34:45.39611,
85247,1,,,,t,2026-06-28 01:34:45.39988,
85248,1,,,,t,2026-06-28 01:34:45.406033,
85249,1,,,,t,2026-06-28 01:34:45.408676,
85250,1,,,,t,2026-06-28 01:34:45.413314,
85251,1,,,,t,2026-06-28 01:34:45.418713,
85252,1,,,,t,2026-06-28 01:34:45.421525,
85253,1,,,,t,2026-06-28 01:34:45.426186,
85254,1,,,,t,2026-06-28 01:34:45.428982,
85255,1,,,,t,2026-06-28 01:34:45.432985,
85256,1,,,,t,2026-06-28 01:34:45.435661,
85257,1,,,,t,2026-06-28 01:34:45.438346,
85258,1,,,,t,2026-06-28 01:34:46.236983,
85259,1,,,,t,2026-06-28 01:34:46.242919,
85260,1,,,,t,2026-06-28 01:34:46.246363,
85261,1,,,,t,2026-06-28 01:34:46.250357,
85262,1,,,,t,2026-06-28 01:34:46.258621,
85263,1,,,,t,2026-06-28 01:34:46.262058,
85264,1,,,,t,2026-06-28 01:34:46.273299,
85265,1,,,,t,2026-06-28 01:34:46.281984,
85266,1,,,,t,2026-06-28 01:34:46.285241,
85267,1,,,,t,2026-06-28 01:34:46.292822,
85268,1,,,,t,2026-06-28 01:34:46.29595,
85269,1,,,,t,2026-06-28 01:34:46.299197,
85270,1,,,,t,2026-06-28 01:34:46.302461,
85271,1,,,,t,2026-06-28 01:34:46.305938,
85272,1,,,,t,2026-06-28 01:34:46.308559,
85273,1,,,,t,2026-06-28 01:34:46.311253,
85274,1,,,,t,2026-06-28 01:34:46.312695,
85275,1,,,,t,2026-06-28 01:34:46.318789,
85276,1,,,,t,2026-06-28 01:34:46.323127,
85277,1,,,,t,2026-06-28 01:34:46.325761,
85278,1,,,,t,2026-06-28 01:34:46.329135,
85279,1,,,,t,2026-06-28 01:34:46.332501,
85280,1,,,,t,2026-06-28 01:34:46.336752,
85281,1,,,,t,2026-06-28 01:34:46.33947,
85282,1,,,,t,2026-06-28 01:34:46.341012,
85283,1,,,,t,2026-06-28 01:34:46.347391,
85284,1,,,,t,2026-06-28 01:34:46.351523,
85285,1,,,,t,2026-06-28 01:34:46.356521,
85286,1,,,,t,2026-06-28 01:34:46.358516,
85287,1,,,,t,2026-06-28 01:34:46.360381,
85288,1,,,,t,2026-06-28 01:34:46.362414,
85289,1,,,,t,2026-06-28 01:34:46.371192,
85290,1,,,,t,2026-06-28 01:34:46.373888,
85291,1,,,,t,2026-06-28 01:34:46.375917,
85292,1,,,,t,2026-06-28 01:34:46.377253,
85293,1,,,,t,2026-06-28 01:34:46.382508,
85294,1,,,,t,2026-06-28 01:34:46.387763,
85295,1,,,,t,2026-06-28 01:34:46.390855,
85296,1,,,,t,2026-06-28 01:34:46.39763,
85297,1,,,,t,2026-06-28 01:34:46.402368,
85298,1,,,,t,2026-06-28 01:34:46.405919,
85299,1,,,,t,2026-06-28 01:34:46.408229,
85300,1,,,,t,2026-06-28 01:34:46.412881,
85301,1,,,,t,2026-06-28 01:34:46.414126,
85302,1,,,,t,2026-06-28 01:34:46.418004,
85303,1,,,,t,2026-06-28 01:34:46.420574,
85304,1,,,,t,2026-06-28 01:34:46.424295,
85305,1,,,,t,2026-06-28 01:34:46.427182,
85306,1,,,,t,2026-06-28 01:34:46.430838,
85307,1,,,,t,2026-06-28 01:34:46.442331,
85308,1,,,,t,2026-06-28 01:34:46.44639,
85309,1,,,,t,2026-06-28 01:34:46.449674,
85310,1,,,,t,2026-06-28 01:34:46.452641,
85311,1,,,,t,2026-06-28 01:34:46.455157,
85312,1,,,,t,2026-06-28 01:34:46.457937,
85313,1,,,,t,2026-06-28 01:34:46.459827,
85314,1,,,,t,2026-06-28 01:34:46.461826,
85315,1,,,,t,2026-06-28 01:34:46.463798,
85316,1,,,,t,2026-06-28 01:34:46.465121,
85317,1,,,,t,2026-06-28 01:34:46.471386,
85318,1,,,,t,2026-06-28 01:34:46.473643,
85319,1,,,,t,2026-06-28 01:34:46.477198,
85320,1,,,,t,2026-06-28 01:34:46.480288,
85321,1,,,,t,2026-06-28 01:34:46.483358,
85322,1,,,,t,2026-06-28 01:34:46.486437,
85323,1,,,,t,2026-06-28 01:34:46.489326,
85324,1,,,,t,2026-06-28 01:34:46.492085,
85325,1,,,,t,2026-06-28 01:34:46.494302,
85326,1,,,,t,2026-06-28 01:34:46.496686,
85327,1,,,,t,2026-06-28 01:34:46.501111,
85328,1,,,,t,2026-06-28 01:34:46.504455,
85329,1,,,,t,2026-06-28 01:34:46.507422,
85330,1,,,,t,2026-06-28 01:34:46.510641,
85331,1,,,,t,2026-06-28 01:34:46.512014,
85332,1,,,,t,2026-06-28 01:34:46.514409,
85333,1,,,,t,2026-06-28 01:34:46.517223,
85334,1,,,,t,2026-06-28 01:34:46.522313,
85335,1,,,,t,2026-06-28 01:34:46.52677,
85336,1,,,,t,2026-06-28 01:34:46.52941,
85337,1,,,,t,2026-06-28 01:34:46.53373,
85338,1,,,,t,2026-06-28 01:34:46.538128,
85339,1,,,,t,2026-06-28 01:34:46.540127,
85340,1,,,,t,2026-06-28 01:34:46.542581,
85341,1,,,,t,2026-06-28 01:34:46.547375,
85342,1,,,,t,2026-06-28 01:34:46.555536,
85343,1,,,,t,2026-06-28 01:34:46.560562,
85344,1,,,,t,2026-06-28 01:34:46.563907,
85345,1,,,,t,2026-06-28 01:34:46.567231,
85346,1,,,,t,2026-06-28 01:34:46.570231,
85347,1,,,,t,2026-06-28 01:34:46.573496,
85348,1,,,,t,2026-06-28 01:34:46.576282,
85349,1,,,,t,2026-06-28 01:34:46.581792,
85350,1,,,,t,2026-06-28 01:34:46.588624,
85351,1,,,,t,2026-06-28 01:34:46.591616,
85352,1,,,,t,2026-06-28 01:34:46.595021,
85353,1,,,,t,2026-06-28 01:34:46.598504,
85354,1,,,,t,2026-06-28 01:34:46.602518,
85355,1,,,,t,2026-06-28 01:34:46.60531,
85356,1,,,,t,2026-06-28 01:34:46.607556,
85357,1,,,,t,2026-06-28 01:34:46.615095,
85358,1,,,,t,2026-06-28 01:34:47.307217,
85359,1,,,,t,2026-06-28 01:34:47.310198,
85360,1,,,,t,2026-06-28 01:34:47.313207,
85361,1,,,,t,2026-06-28 01:34:47.314951,
85362,1,,,,t,2026-06-28 01:34:47.319201,
85363,1,,,,t,2026-06-28 01:34:47.322774,
85364,1,,,,t,2026-06-28 01:34:47.325532,
85365,1,,,,t,2026-06-28 01:34:47.330255,
85366,1,,,,t,2026-06-28 01:34:47.338019,
85367,1,,,,t,2026-06-28 01:34:47.342618,
85368,1,,,,t,2026-06-28 01:34:47.34523,
85369,1,,,,t,2026-06-28 01:34:47.349475,
85370,1,,,,t,2026-06-28 01:34:47.352704,
85371,1,,,,t,2026-06-28 01:34:47.354949,
85372,1,,,,t,2026-06-28 01:34:47.357283,
85373,1,,,,t,2026-06-28 01:34:47.359348,
85374,1,,,,t,2026-06-28 01:34:47.361656,
85375,1,,,,t,2026-06-28 01:34:47.364409,
85376,1,,,,t,2026-06-28 01:34:47.372039,
85377,1,,,,t,2026-06-28 01:34:47.374924,
85378,1,,,,t,2026-06-28 01:34:47.377446,
85379,1,,,,t,2026-06-28 01:34:47.378801,
85380,1,,,,t,2026-06-28 01:34:47.38074,
85381,1,,,,t,2026-06-28 01:34:47.386931,
85382,1,,,,t,2026-06-28 01:34:47.39143,
85383,1,,,,t,2026-06-28 01:34:47.394123,
85384,1,,,,t,2026-06-28 01:34:47.395672,
85385,1,,,,t,2026-06-28 01:34:47.400147,
85386,1,,,,t,2026-06-28 01:34:47.403684,
85387,1,,,,t,2026-06-28 01:34:47.406567,
85388,1,,,,t,2026-06-28 01:34:47.416433,
85389,1,,,,t,2026-06-28 01:34:47.41991,
85390,1,,,,t,2026-06-28 01:34:47.423461,
85391,1,,,,t,2026-06-28 01:34:47.426477,
85392,1,,,,t,2026-06-28 01:34:47.428429,
85393,1,,,,t,2026-06-28 01:34:47.431523,
85394,1,,,,t,2026-06-28 01:34:47.437104,
85395,1,,,,t,2026-06-28 01:34:47.44043,
85396,1,,,,t,2026-06-28 01:34:47.442374,
85397,1,,,,t,2026-06-28 01:34:47.444623,
85398,1,,,,t,2026-06-28 01:34:47.448748,
85399,1,,,,t,2026-06-28 01:34:47.453471,
85400,1,,,,t,2026-06-28 01:34:47.456183,
85401,1,,,,t,2026-06-28 01:34:47.459303,
85402,1,,,,t,2026-06-28 01:34:47.462643,
85403,1,,,,t,2026-06-28 01:34:47.464657,
85404,1,,,,t,2026-06-28 01:34:47.470292,
85405,1,,,,t,2026-06-28 01:34:47.476014,
85406,1,,,,t,2026-06-28 01:34:47.479141,
85407,1,,,,t,2026-06-28 01:34:47.485457,
85408,1,,,,t,2026-06-28 01:34:47.489459,
85409,1,,,,t,2026-06-28 01:34:47.495114,
85410,1,,,,t,2026-06-28 01:34:47.497679,
85411,1,,,,t,2026-06-28 01:34:47.502251,
85412,1,,,,t,2026-06-28 01:34:47.504353,
85413,1,,,,t,2026-06-28 01:34:47.509421,
85414,1,,,,t,2026-06-28 01:34:47.511993,
85415,1,,,,t,2026-06-28 01:34:47.517526,
85416,1,,,,t,2026-06-28 01:34:47.520657,
85417,1,,,,t,2026-06-28 01:34:47.52257,
85418,1,,,,t,2026-06-28 01:34:47.525021,
85419,1,,,,t,2026-06-28 01:34:47.527534,
85420,1,,,,t,2026-06-28 01:34:47.531534,
85421,1,,,,t,2026-06-28 01:34:47.535987,
85422,1,,,,t,2026-06-28 01:34:47.539925,
85423,1,,,,t,2026-06-28 01:34:47.542158,
85424,1,,,,t,2026-06-28 01:34:47.545063,
85425,1,,,,t,2026-06-28 01:34:47.547479,
85426,1,,,,t,2026-06-28 01:34:47.551222,
85427,1,,,,t,2026-06-28 01:34:47.555761,
85428,1,,,,t,2026-06-28 01:34:47.557881,
85429,1,,,,t,2026-06-28 01:34:47.559506,
85430,1,,,,t,2026-06-28 01:34:47.567048,
85431,1,,,,t,2026-06-28 01:34:47.572295,
85432,1,,,,t,2026-06-28 01:34:47.574904,
85433,1,,,,t,2026-06-28 01:34:47.578704,
85434,1,,,,t,2026-06-28 01:34:47.582892,
85435,1,,,,t,2026-06-28 01:34:47.585992,
85436,1,,,,t,2026-06-28 01:34:47.58849,
85437,1,,,,t,2026-06-28 01:34:47.590508,
85438,1,,,,t,2026-06-28 01:34:47.593059,
85439,1,,,,t,2026-06-28 01:34:47.59469,
85440,1,,,,t,2026-06-28 01:34:47.598699,
85441,1,,,,t,2026-06-28 01:34:47.605474,
85442,1,,,,t,2026-06-28 01:34:47.609151,
85443,1,,,,t,2026-06-28 01:34:47.611205,
85444,1,,,,t,2026-06-28 01:34:47.613371,
85445,1,,,,t,2026-06-28 01:34:47.615247,
85446,1,,,,t,2026-06-28 01:34:47.616892,
85447,1,,,,t,2026-06-28 01:34:47.618892,
85448,1,,,,t,2026-06-28 01:34:47.620223,
85449,1,,,,t,2026-06-28 01:34:47.623178,
85450,1,,,,t,2026-06-28 01:34:47.62675,
85451,1,,,,t,2026-06-28 01:34:47.632448,
85452,1,,,,t,2026-06-28 01:34:47.63746,
85453,1,,,,t,2026-06-28 01:34:47.640738,
85454,1,,,,t,2026-06-28 01:34:47.644091,
85455,1,,,,t,2026-06-28 01:34:47.646356,
85456,1,,,,t,2026-06-28 01:34:47.649883,
85457,1,,,,t,2026-06-28 01:34:47.654033,
85458,1,,,,t,2026-06-28 01:34:48.473255,
85459,1,,,,t,2026-06-28 01:34:48.474361,
85460,1,,,,t,2026-06-28 01:34:48.475468,
85461,1,,,,t,2026-06-28 01:34:48.476596,
85462,1,,,,t,2026-06-28 01:34:48.477683,
85463,1,,,,t,2026-06-28 01:34:48.482834,
85464,1,,,,t,2026-06-28 01:34:48.485938,
85465,1,,,,t,2026-06-28 01:34:48.488683,
85466,1,,,,t,2026-06-28 01:34:48.489864,
85467,1,,,,t,2026-06-28 01:34:48.491081,
85468,1,,,,t,2026-06-28 01:34:48.493362,
85469,1,,,,t,2026-06-28 01:34:48.497447,
85470,1,,,,t,2026-06-28 01:34:48.506477,
85471,1,,,,t,2026-06-28 01:34:48.510486,
85472,1,,,,t,2026-06-28 01:34:48.515367,
85473,1,,,,t,2026-06-28 01:34:48.518293,
85474,1,,,,t,2026-06-28 01:34:48.521954,
85475,1,,,,t,2026-06-28 01:34:48.52483,
85476,1,,,,t,2026-06-28 01:34:48.530053,
85477,1,,,,t,2026-06-28 01:34:48.533476,
85478,1,,,,t,2026-06-28 01:34:48.538013,
85479,1,,,,t,2026-06-28 01:34:48.539786,
85480,1,,,,t,2026-06-28 01:34:48.54233,
85481,1,,,,t,2026-06-28 01:34:48.546013,
85482,1,,,,t,2026-06-28 01:34:48.548962,
85483,1,,,,t,2026-06-28 01:34:48.55122,
85484,1,,,,t,2026-06-28 01:34:48.553121,
85485,1,,,,t,2026-06-28 01:34:48.555687,
85486,1,,,,t,2026-06-28 01:34:48.557702,
85487,1,,,,t,2026-06-28 01:34:48.560862,
85488,1,,,,t,2026-06-28 01:34:48.565658,
85489,1,,,,t,2026-06-28 01:34:48.567874,
85490,1,,,,t,2026-06-28 01:34:48.570197,
85491,1,,,,t,2026-06-28 01:34:48.572171,
85492,1,,,,t,2026-06-28 01:34:48.574219,
85493,1,,,,t,2026-06-28 01:34:48.577493,
85494,1,,,,t,2026-06-28 01:34:48.580477,
85495,1,,,,t,2026-06-28 01:34:48.584215,
85496,1,,,,t,2026-06-28 01:34:48.586821,
85497,1,,,,t,2026-06-28 01:34:48.589049,
85498,1,,,,t,2026-06-28 01:34:48.592279,
85499,1,,,,t,2026-06-28 01:34:48.594739,
85500,1,,,,t,2026-06-28 01:34:48.599932,
85501,1,,,,t,2026-06-28 01:34:48.602698,
85502,1,,,,t,2026-06-28 01:34:48.604617,
85503,1,,,,t,2026-06-28 01:34:48.607834,
85504,1,,,,t,2026-06-28 01:34:48.621405,
85505,1,,,,t,2026-06-28 01:34:48.625513,
85506,1,,,,t,2026-06-28 01:34:48.63362,
85507,1,,,,t,2026-06-28 01:34:48.639132,
85508,1,,,,t,2026-06-28 01:34:48.640767,
85509,1,,,,t,2026-06-28 01:34:48.643025,
85510,1,,,,t,2026-06-28 01:34:48.646346,
85511,1,,,,t,2026-06-28 01:34:48.649874,
85512,1,,,,t,2026-06-28 01:34:48.651963,
85513,1,,,,t,2026-06-28 01:34:48.653653,
85514,1,,,,t,2026-06-28 01:34:48.657981,
85515,1,,,,t,2026-06-28 01:34:48.659414,
85516,1,,,,t,2026-06-28 01:34:48.667858,
85517,1,,,,t,2026-06-28 01:34:48.671091,
85518,1,,,,t,2026-06-28 01:34:48.673743,
85519,1,,,,t,2026-06-28 01:34:48.675406,
85520,1,,,,t,2026-06-28 01:34:48.678185,
85521,1,,,,t,2026-06-28 01:34:48.685625,
85522,1,,,,t,2026-06-28 01:34:48.688381,
85523,1,,,,t,2026-06-28 01:34:48.693424,
85524,1,,,,t,2026-06-28 01:34:48.696713,
85525,1,,,,t,2026-06-28 01:34:48.701204,
85526,1,,,,t,2026-06-28 01:34:48.70352,
85527,1,,,,t,2026-06-28 01:34:48.712503,
85528,1,,,,t,2026-06-28 01:34:48.716225,
85529,1,,,,t,2026-06-28 01:34:48.722127,
85530,1,,,,t,2026-06-28 01:34:48.725101,
85531,1,,,,t,2026-06-28 01:34:48.731048,
85532,1,,,,t,2026-06-28 01:34:48.734434,
85533,1,,,,t,2026-06-28 01:34:48.736133,
85534,1,,,,t,2026-06-28 01:34:48.738044,
85535,1,,,,t,2026-06-28 01:34:48.740085,
85536,1,,,,t,2026-06-28 01:34:48.742096,
85537,1,,,,t,2026-06-28 01:34:48.744436,
85538,1,,,,t,2026-06-28 01:34:48.748948,
85539,1,,,,t,2026-06-28 01:34:48.751929,
85540,1,,,,t,2026-06-28 01:34:48.759266,
85541,1,,,,t,2026-06-28 01:34:48.763319,
85542,1,,,,t,2026-06-28 01:34:48.769228,
85543,1,,,,t,2026-06-28 01:34:48.772041,
85544,1,,,,t,2026-06-28 01:34:48.775605,
85545,1,,,,t,2026-06-28 01:34:48.779133,
85546,1,,,,t,2026-06-28 01:34:48.783476,
85547,1,,,,t,2026-06-28 01:34:48.786382,
85548,1,,,,t,2026-06-28 01:34:48.788434,
85549,1,,,,t,2026-06-28 01:34:48.790427,
85550,1,,,,t,2026-06-28 01:34:48.791652,
85551,1,,,,t,2026-06-28 01:34:48.795255,
85552,1,,,,t,2026-06-28 01:34:48.800174,
85553,1,,,,t,2026-06-28 01:34:48.806761,
85554,1,,,,t,2026-06-28 01:34:48.811121,
85555,1,,,,t,2026-06-28 01:34:48.817284,
85556,1,,,,t,2026-06-28 01:34:48.822522,
85557,1,,,,t,2026-06-28 01:34:48.826901,
85558,1,,,,t,2026-06-28 01:34:49.590339,
85559,1,,,,t,2026-06-28 01:34:49.592513,
85560,1,,,,t,2026-06-28 01:34:49.596577,
85561,1,,,,t,2026-06-28 01:34:49.59938,
85562,1,,,,t,2026-06-28 01:34:49.601777,
85563,1,,,,t,2026-06-28 01:34:49.604095,
85564,1,,,,t,2026-06-28 01:34:49.606187,
85565,1,,,,t,2026-06-28 01:34:49.608062,
85566,1,,,,t,2026-06-28 01:34:49.6109,
85567,1,,,,t,2026-06-28 01:34:49.613948,
85568,1,,,,t,2026-06-28 01:34:49.61595,
85569,1,,,,t,2026-06-28 01:34:49.618572,
85570,1,,,,t,2026-06-28 01:34:49.620937,
85571,1,,,,t,2026-06-28 01:34:49.623175,
85572,1,,,,t,2026-06-28 01:34:49.626073,
85573,1,,,,t,2026-06-28 01:34:49.629127,
85574,1,,,,t,2026-06-28 01:34:49.631178,
85575,1,,,,t,2026-06-28 01:34:49.634152,
85576,1,,,,t,2026-06-28 01:34:49.637157,
85577,1,,,,t,2026-06-28 01:34:49.639204,
85578,1,,,,t,2026-06-28 01:34:49.642098,
85579,1,,,,t,2026-06-28 01:34:49.646794,
85580,1,,,,t,2026-06-28 01:34:49.650339,
85581,1,,,,t,2026-06-28 01:34:49.652424,
85582,1,,,,t,2026-06-28 01:34:49.655084,
85583,1,,,,t,2026-06-28 01:34:49.657748,
85584,1,,,,t,2026-06-28 01:34:49.660908,
85585,1,,,,t,2026-06-28 01:34:49.664261,
85586,1,,,,t,2026-06-28 01:34:49.66639,
85587,1,,,,t,2026-06-28 01:34:49.669197,
85588,1,,,,t,2026-06-28 01:34:49.671548,
85589,1,,,,t,2026-06-28 01:34:49.673879,
85590,1,,,,t,2026-06-28 01:34:49.675083,
85591,1,,,,t,2026-06-28 01:34:49.676885,
85592,1,,,,t,2026-06-28 01:34:49.678664,
85593,1,,,,t,2026-06-28 01:34:49.686225,
85594,1,,,,t,2026-06-28 01:34:49.688953,
85595,1,,,,t,2026-06-28 01:34:49.690068,
85596,1,,,,t,2026-06-28 01:34:49.692885,
85597,1,,,,t,2026-06-28 01:34:49.697584,
85598,1,,,,t,2026-06-28 01:34:49.700145,
85599,1,,,,t,2026-06-28 01:34:49.702778,
85600,1,,,,t,2026-06-28 01:34:49.704743,
85601,1,,,,t,2026-06-28 01:34:49.706536,
85602,1,,,,t,2026-06-28 01:34:49.708409,
85603,1,,,,t,2026-06-28 01:34:49.711929,
85604,1,,,,t,2026-06-28 01:34:49.717293,
85605,1,,,,t,2026-06-28 01:34:49.720367,
85606,1,,,,t,2026-06-28 01:34:49.722304,
85607,1,,,,t,2026-06-28 01:34:49.724241,
85608,1,,,,t,2026-06-28 01:34:49.7303,
85609,1,,,,t,2026-06-28 01:34:49.733495,
85610,1,,,,t,2026-06-28 01:34:49.735964,
85611,1,,,,t,2026-06-28 01:34:49.737887,
85612,1,,,,t,2026-06-28 01:34:49.740399,
85613,1,,,,t,2026-06-28 01:34:49.746799,
85614,1,,,,t,2026-06-28 01:34:49.751512,
85615,1,,,,t,2026-06-28 01:34:49.754994,
85616,1,,,,t,2026-06-28 01:34:49.757171,
85617,1,,,,t,2026-06-28 01:34:49.759201,
85618,1,,,,t,2026-06-28 01:34:49.761083,
85619,1,,,,t,2026-06-28 01:34:49.763636,
85620,1,,,,t,2026-06-28 01:34:49.765653,
85621,1,,,,t,2026-06-28 01:34:49.767539,
85622,1,,,,t,2026-06-28 01:34:49.768848,
85623,1,,,,t,2026-06-28 01:34:49.771183,
85624,1,,,,t,2026-06-28 01:34:49.773386,
85625,1,,,,t,2026-06-28 01:34:49.776792,
85626,1,,,,t,2026-06-28 01:34:49.782529,
85627,1,,,,t,2026-06-28 01:34:49.787516,
85628,1,,,,t,2026-06-28 01:34:49.790217,
85629,1,,,,t,2026-06-28 01:34:49.792665,
85630,1,,,,t,2026-06-28 01:34:49.796668,
85631,1,,,,t,2026-06-28 01:34:49.799875,
85632,1,,,,t,2026-06-28 01:34:49.804318,
85633,1,,,,t,2026-06-28 01:34:49.810532,
85634,1,,,,t,2026-06-28 01:34:49.814433,
85635,1,,,,t,2026-06-28 01:34:49.819024,
85636,1,,,,t,2026-06-28 01:34:49.821941,
85637,1,,,,t,2026-06-28 01:34:49.8237,
85638,1,,,,t,2026-06-28 01:34:49.825532,
85639,1,,,,t,2026-06-28 01:34:49.834216,
85640,1,,,,t,2026-06-28 01:34:49.838906,
85641,1,,,,t,2026-06-28 01:34:49.841615,
85642,1,,,,t,2026-06-28 01:34:49.845667,
85643,1,,,,t,2026-06-28 01:34:49.849936,
85644,1,,,,t,2026-06-28 01:34:49.859505,
85645,1,,,,t,2026-06-28 01:34:49.863112,
85646,1,,,,t,2026-06-28 01:34:49.865368,
85647,1,,,,t,2026-06-28 01:34:49.868014,
85648,1,,,,t,2026-06-28 01:34:49.870475,
85649,1,,,,t,2026-06-28 01:34:49.871703,
85650,1,,,,t,2026-06-28 01:34:49.883406,
85651,1,,,,t,2026-06-28 01:34:49.88644,
85652,1,,,,t,2026-06-28 01:34:49.895,
85653,1,,,,t,2026-06-28 01:34:49.898301,
85654,1,,,,t,2026-06-28 01:34:49.90306,
85655,1,,,,t,2026-06-28 01:34:49.905673,
85656,1,,,,t,2026-06-28 01:34:49.911214,
85657,1,,,,t,2026-06-28 01:34:49.915094,
85658,1,,,,t,2026-06-28 01:34:50.521198,
85659,1,,,,t,2026-06-28 01:34:50.525969,
85660,1,,,,t,2026-06-28 01:34:50.529166,
85661,1,,,,t,2026-06-28 01:34:50.53219,
85662,1,,,,t,2026-06-28 01:34:50.538798,
85663,1,,,,t,2026-06-28 01:34:50.542866,
85664,1,,,,t,2026-06-28 01:34:50.54802,
85665,1,,,,t,2026-06-28 01:34:50.5517,
85666,1,,,,t,2026-06-28 01:34:50.556563,
85667,1,,,,t,2026-06-28 01:34:50.560002,
85668,1,,,,t,2026-06-28 01:34:50.563715,
85669,1,,,,t,2026-06-28 01:34:50.566199,
85670,1,,,,t,2026-06-28 01:34:50.569395,
85671,1,,,,t,2026-06-28 01:34:50.57125,
85672,1,,,,t,2026-06-28 01:34:50.572916,
85673,1,,,,t,2026-06-28 01:34:50.574769,
85674,1,,,,t,2026-06-28 01:34:50.577591,
85675,1,,,,t,2026-06-28 01:34:50.581074,
85676,1,,,,t,2026-06-28 01:34:50.583703,
85677,1,,,,t,2026-06-28 01:34:50.586159,
85678,1,,,,t,2026-06-28 01:34:50.58831,
85679,1,,,,t,2026-06-28 01:34:50.590797,
85680,1,,,,t,2026-06-28 01:34:50.593478,
85681,1,,,,t,2026-06-28 01:34:50.596628,
85682,1,,,,t,2026-06-28 01:34:50.599311,
85683,1,,,,t,2026-06-28 01:34:50.6013,
85684,1,,,,t,2026-06-28 01:34:50.603891,
85685,1,,,,t,2026-06-28 01:34:50.606477,
85686,1,,,,t,2026-06-28 01:34:50.608658,
85687,1,,,,t,2026-06-28 01:34:50.611379,
85688,1,,,,t,2026-06-28 01:34:50.613536,
85689,1,,,,t,2026-06-28 01:34:50.616104,
85690,1,,,,t,2026-06-28 01:34:50.618204,
85691,1,,,,t,2026-06-28 01:34:50.619432,
85692,1,,,,t,2026-06-28 01:34:50.621978,
85693,1,,,,t,2026-06-28 01:34:50.62387,
85694,1,,,,t,2026-06-28 01:34:50.626438,
85695,1,,,,t,2026-06-28 01:34:50.629173,
85696,1,,,,t,2026-06-28 01:34:50.63097,
85697,1,,,,t,2026-06-28 01:34:50.633147,
85698,1,,,,t,2026-06-28 01:34:50.636077,
85699,1,,,,t,2026-06-28 01:34:50.638183,
85700,1,,,,t,2026-06-28 01:34:50.640905,
85701,1,,,,t,2026-06-28 01:34:50.64339,
85702,1,,,,t,2026-06-28 01:34:50.645696,
85703,1,,,,t,2026-06-28 01:34:50.648307,
85704,1,,,,t,2026-06-28 01:34:50.650324,
85705,1,,,,t,2026-06-28 01:34:50.652565,
85706,1,,,,t,2026-06-28 01:34:50.65562,
85707,1,,,,t,2026-06-28 01:34:50.657883,
85708,1,,,,t,2026-06-28 01:34:50.660534,
85709,1,,,,t,2026-06-28 01:34:50.663367,
85710,1,,,,t,2026-06-28 01:34:50.66641,
85711,1,,,,t,2026-06-28 01:34:50.668307,
85712,1,,,,t,2026-06-28 01:34:50.670941,
85713,1,,,,t,2026-06-28 01:34:50.672777,
85714,1,,,,t,2026-06-28 01:34:50.678988,
85715,1,,,,t,2026-06-28 01:34:50.682242,
85716,1,,,,t,2026-06-28 01:34:50.684563,
85717,1,,,,t,2026-06-28 01:34:50.686832,
85718,1,,,,t,2026-06-28 01:34:50.688747,
85719,1,,,,t,2026-06-28 01:34:50.69161,
85720,1,,,,t,2026-06-28 01:34:50.694454,
85721,1,,,,t,2026-06-28 01:34:50.69736,
85722,1,,,,t,2026-06-28 01:34:50.70032,
85723,1,,,,t,2026-06-28 01:34:50.704448,
85724,1,,,,t,2026-06-28 01:34:50.706416,
85725,1,,,,t,2026-06-28 01:34:50.709388,
85726,1,,,,t,2026-06-28 01:34:50.711239,
85727,1,,,,t,2026-06-28 01:34:50.71313,
85728,1,,,,t,2026-06-28 01:34:50.715161,
85729,1,,,,t,2026-06-28 01:34:50.716882,
85730,1,,,,t,2026-06-28 01:34:50.71886,
85731,1,,,,t,2026-06-28 01:34:50.720709,
85732,1,,,,t,2026-06-28 01:34:50.722409,
85733,1,,,,t,2026-06-28 01:34:50.725327,
85734,1,,,,t,2026-06-28 01:34:50.730603,
85735,1,,,,t,2026-06-28 01:34:50.734811,
85736,1,,,,t,2026-06-28 01:34:50.74037,
85737,1,,,,t,2026-06-28 01:34:50.744813,
85738,1,,,,t,2026-06-28 01:34:50.747827,
85739,1,,,,t,2026-06-28 01:34:50.751599,
85740,1,,,,t,2026-06-28 01:34:50.75648,
85741,1,,,,t,2026-06-28 01:34:50.759449,
85742,1,,,,t,2026-06-28 01:34:50.764517,
85743,1,,,,t,2026-06-28 01:34:50.766228,
85744,1,,,,t,2026-06-28 01:34:50.768359,
85745,1,,,,t,2026-06-28 01:34:50.770423,
85746,1,,,,t,2026-06-28 01:34:50.772787,
85747,1,,,,t,2026-06-28 01:34:50.774551,
85748,1,,,,t,2026-06-28 01:34:50.778424,
85749,1,,,,t,2026-06-28 01:34:50.782919,
85750,1,,,,t,2026-06-28 01:34:50.785304,
85751,1,,,,t,2026-06-28 01:34:50.786964,
85752,1,,,,t,2026-06-28 01:34:50.788931,
85753,1,,,,t,2026-06-28 01:34:50.792302,
85754,1,,,,t,2026-06-28 01:34:50.795588,
85755,1,,,,t,2026-06-28 01:34:50.800258,
85756,1,,,,t,2026-06-28 01:34:50.804056,
85757,1,,,,t,2026-06-28 01:34:50.807795,
85758,1,,,,t,2026-06-28 01:34:51.585392,
85759,1,,,,t,2026-06-28 01:34:51.591765,
85760,1,,,,t,2026-06-28 01:34:51.596524,
85761,1,,,,t,2026-06-28 01:34:51.599509,
85762,1,,,,t,2026-06-28 01:34:51.602443,
85763,1,,,,t,2026-06-28 01:34:51.608884,
85764,1,,,,t,2026-06-28 01:34:51.611935,
85765,1,,,,t,2026-06-28 01:34:51.615268,
85766,1,,,,t,2026-06-28 01:34:51.619179,
85767,1,,,,t,2026-06-28 01:34:51.628423,
85768,1,,,,t,2026-06-28 01:34:51.630869,
85769,1,,,,t,2026-06-28 01:34:51.632656,
85770,1,,,,t,2026-06-28 01:34:51.635687,
85771,1,,,,t,2026-06-28 01:34:51.642526,
85772,1,,,,t,2026-06-28 01:34:51.645425,
85773,1,,,,t,2026-06-28 01:34:51.649922,
85774,1,,,,t,2026-06-28 01:34:51.65141,
85775,1,,,,t,2026-06-28 01:34:51.65283,
85776,1,,,,t,2026-06-28 01:34:51.655136,
85777,1,,,,t,2026-06-28 01:34:51.660908,
85778,1,,,,t,2026-06-28 01:34:51.664816,
85779,1,,,,t,2026-06-28 01:34:51.668415,
85780,1,,,,t,2026-06-28 01:34:51.67402,
85781,1,,,,t,2026-06-28 01:34:51.677404,
85782,1,,,,t,2026-06-28 01:34:51.682381,
85783,1,,,,t,2026-06-28 01:34:51.685963,
85784,1,,,,t,2026-06-28 01:34:51.689081,
85785,1,,,,t,2026-06-28 01:34:51.693224,
85786,1,,,,t,2026-06-28 01:34:51.696323,
85787,1,,,,t,2026-06-28 01:34:51.697943,
85788,1,,,,t,2026-06-28 01:34:51.702815,
85789,1,,,,t,2026-06-28 01:34:51.706359,
85790,1,,,,t,2026-06-28 01:34:51.710209,
85791,1,,,,t,2026-06-28 01:34:51.712791,
85792,1,,,,t,2026-06-28 01:34:51.717287,
85793,1,,,,t,2026-06-28 01:34:51.723845,
85794,1,,,,t,2026-06-28 01:34:51.728462,
85795,1,,,,t,2026-06-28 01:34:51.732159,
85796,1,,,,t,2026-06-28 01:34:51.734972,
85797,1,,,,t,2026-06-28 01:34:51.742846,
85798,1,,,,t,2026-06-28 01:34:51.745969,
85799,1,,,,t,2026-06-28 01:34:51.748901,
85800,1,,,,t,2026-06-28 01:34:51.75141,
85801,1,,,,t,2026-06-28 01:34:51.762852,
85802,1,,,,t,2026-06-28 01:34:51.765094,
85803,1,,,,t,2026-06-28 01:34:51.772852,
85804,1,,,,t,2026-06-28 01:34:51.777784,
85805,1,,,,t,2026-06-28 01:34:51.779861,
85806,1,,,,t,2026-06-28 01:34:51.783011,
85807,1,,,,t,2026-06-28 01:34:51.790725,
85808,1,,,,t,2026-06-28 01:34:51.793963,
85809,1,,,,t,2026-06-28 01:34:51.795822,
85810,1,,,,t,2026-06-28 01:34:51.797934,
85811,1,,,,t,2026-06-28 01:34:51.799957,
85812,1,,,,t,2026-06-28 01:34:51.80197,
85813,1,,,,t,2026-06-28 01:34:51.803993,
85814,1,,,,t,2026-06-28 01:34:51.807101,
85815,1,,,,t,2026-06-28 01:34:51.810267,
85816,1,,,,t,2026-06-28 01:34:51.813765,
85817,1,,,,t,2026-06-28 01:34:51.815812,
85818,1,,,,t,2026-06-28 01:34:51.818188,
85819,1,,,,t,2026-06-28 01:34:51.820828,
85820,1,,,,t,2026-06-28 01:34:51.825662,
85821,1,,,,t,2026-06-28 01:34:51.82955,
85822,1,,,,t,2026-06-28 01:34:51.832224,
85823,1,,,,t,2026-06-28 01:34:51.834798,
85824,1,,,,t,2026-06-28 01:34:51.836087,
85825,1,,,,t,2026-06-28 01:34:51.839467,
85826,1,,,,t,2026-06-28 01:34:51.843108,
85827,1,,,,t,2026-06-28 01:34:51.845451,
85828,1,,,,t,2026-06-28 01:34:51.847488,
85829,1,,,,t,2026-06-28 01:34:51.849435,
85830,1,,,,t,2026-06-28 01:34:51.851583,
85831,1,,,,t,2026-06-28 01:34:51.854656,
85832,1,,,,t,2026-06-28 01:34:51.858034,
85833,1,,,,t,2026-06-28 01:34:51.860795,
85834,1,,,,t,2026-06-28 01:34:51.863462,
85835,1,,,,t,2026-06-28 01:34:51.865902,
85836,1,,,,t,2026-06-28 01:34:51.869219,
85837,1,,,,t,2026-06-28 01:34:51.872746,
85838,1,,,,t,2026-06-28 01:34:51.877719,
85839,1,,,,t,2026-06-28 01:34:51.880496,
85840,1,,,,t,2026-06-28 01:34:51.882297,
85841,1,,,,t,2026-06-28 01:34:51.884279,
85842,1,,,,t,2026-06-28 01:34:51.887071,
85843,1,,,,t,2026-06-28 01:34:51.889276,
85844,1,,,,t,2026-06-28 01:34:51.890729,
85845,1,,,,t,2026-06-28 01:34:51.892726,
85846,1,,,,t,2026-06-28 01:34:51.894379,
85847,1,,,,t,2026-06-28 01:34:51.895929,
85848,1,,,,t,2026-06-28 01:34:51.897804,
85849,1,,,,t,2026-06-28 01:34:51.899821,
85850,1,,,,t,2026-06-28 01:34:51.901708,
85851,1,,,,t,2026-06-28 01:34:51.902908,
85852,1,,,,t,2026-06-28 01:34:51.904724,
85853,1,,,,t,2026-06-28 01:34:51.906775,
85854,1,,,,t,2026-06-28 01:34:51.908695,
85855,1,,,,t,2026-06-28 01:34:51.910492,
85856,1,,,,t,2026-06-28 01:34:51.911746,
85857,1,,,,t,2026-06-28 01:34:51.913058,
85858,1,,,,t,2026-06-28 01:34:52.62239,
85859,1,,,,t,2026-06-28 01:34:52.625559,
85860,1,,,,t,2026-06-28 01:34:52.62768,
85861,1,,,,t,2026-06-28 01:34:52.629636,
85862,1,,,,t,2026-06-28 01:34:52.631699,
85863,1,,,,t,2026-06-28 01:34:52.634108,
85864,1,,,,t,2026-06-28 01:34:52.636591,
85865,1,,,,t,2026-06-28 01:34:52.639434,
85866,1,,,,t,2026-06-28 01:34:52.641421,
85867,1,,,,t,2026-06-28 01:34:52.644007,
85868,1,,,,t,2026-06-28 01:34:52.645939,
85869,1,,,,t,2026-06-28 01:34:52.648658,
85870,1,,,,t,2026-06-28 01:34:52.650479,
85871,1,,,,t,2026-06-28 01:34:52.652664,
85872,1,,,,t,2026-06-28 01:34:52.655282,
85873,1,,,,t,2026-06-28 01:34:52.658052,
85874,1,,,,t,2026-06-28 01:34:52.660227,
85875,1,,,,t,2026-06-28 01:34:52.661623,
85876,1,,,,t,2026-06-28 01:34:52.663263,
85877,1,,,,t,2026-06-28 01:34:52.665206,
85878,1,,,,t,2026-06-28 01:34:52.668625,
85879,1,,,,t,2026-06-28 01:34:52.670496,
85880,1,,,,t,2026-06-28 01:34:52.673067,
85881,1,,,,t,2026-06-28 01:34:52.675588,
85882,1,,,,t,2026-06-28 01:34:52.677938,
85883,1,,,,t,2026-06-28 01:34:52.68028,
85884,1,,,,t,2026-06-28 01:34:52.682156,
85885,1,,,,t,2026-06-28 01:34:52.68464,
85886,1,,,,t,2026-06-28 01:34:52.687614,
85887,1,,,,t,2026-06-28 01:34:52.69052,
85888,1,,,,t,2026-06-28 01:34:52.693831,
85889,1,,,,t,2026-06-28 01:34:52.696378,
85890,1,,,,t,2026-06-28 01:34:52.698055,
85891,1,,,,t,2026-06-28 01:34:52.700055,
85892,1,,,,t,2026-06-28 01:34:52.70341,
85893,1,,,,t,2026-06-28 01:34:52.708491,
85894,1,,,,t,2026-06-28 01:34:52.711294,
85895,1,,,,t,2026-06-28 01:34:52.71258,
85896,1,,,,t,2026-06-28 01:34:52.715389,
85897,1,,,,t,2026-06-28 01:34:52.716537,
85898,1,,,,t,2026-06-28 01:34:52.719419,
85899,1,,,,t,2026-06-28 01:34:52.725372,
85900,1,,,,t,2026-06-28 01:34:52.727814,
85901,1,,,,t,2026-06-28 01:34:52.73023,
85902,1,,,,t,2026-06-28 01:34:52.732553,
85903,1,,,,t,2026-06-28 01:34:52.734938,
85904,1,,,,t,2026-06-28 01:34:52.737108,
85905,1,,,,t,2026-06-28 01:34:52.739489,
85906,1,,,,t,2026-06-28 01:34:52.742271,
85907,1,,,,t,2026-06-28 01:34:52.744888,
85908,1,,,,t,2026-06-28 01:34:52.747724,
85909,1,,,,t,2026-06-28 01:34:52.750061,
85910,1,,,,t,2026-06-28 01:34:52.752029,
85911,1,,,,t,2026-06-28 01:34:52.754838,
85912,1,,,,t,2026-06-28 01:34:52.757439,
85913,1,,,,t,2026-06-28 01:34:52.760298,
85914,1,,,,t,2026-06-28 01:34:52.762324,
85915,1,,,,t,2026-06-28 01:34:52.765668,
85916,1,,,,t,2026-06-28 01:34:52.767835,
85917,1,,,,t,2026-06-28 01:34:52.776236,
85918,1,,,,t,2026-06-28 01:34:52.785036,
85919,1,,,,t,2026-06-28 01:34:52.791905,
85920,1,,,,t,2026-06-28 01:34:52.795473,
85921,1,,,,t,2026-06-28 01:34:52.797294,
85922,1,,,,t,2026-06-28 01:34:52.800561,
85923,1,,,,t,2026-06-28 01:34:52.802585,
85924,1,,,,t,2026-06-28 01:34:52.810129,
85925,1,,,,t,2026-06-28 01:34:52.813159,
85926,1,,,,t,2026-06-28 01:34:52.814635,
85927,1,,,,t,2026-06-28 01:34:52.816683,
85928,1,,,,t,2026-06-28 01:34:52.819613,
85929,1,,,,t,2026-06-28 01:34:52.825531,
85930,1,,,,t,2026-06-28 01:34:52.82766,
85931,1,,,,t,2026-06-28 01:34:52.832297,
85932,1,,,,t,2026-06-28 01:34:52.835471,
85933,1,,,,t,2026-06-28 01:34:52.842757,
85934,1,,,,t,2026-06-28 01:34:52.862446,
85935,1,,,,t,2026-06-28 01:34:52.864418,
85936,1,,,,t,2026-06-28 01:34:52.865797,
85937,1,,,,t,2026-06-28 01:34:52.868164,
85938,1,,,,t,2026-06-28 01:34:52.87286,
85939,1,,,,t,2026-06-28 01:34:52.876182,
85940,1,,,,t,2026-06-28 01:34:52.880179,
85941,1,,,,t,2026-06-28 01:34:52.88677,
85942,1,,,,t,2026-06-28 01:34:52.891533,
85943,1,,,,t,2026-06-28 01:34:52.895571,
85944,1,,,,t,2026-06-28 01:34:52.898361,
85945,1,,,,t,2026-06-28 01:34:52.902854,
85946,1,,,,t,2026-06-28 01:34:52.910539,
85947,1,,,,t,2026-06-28 01:34:52.91406,
85948,1,,,,t,2026-06-28 01:34:52.920441,
85949,1,,,,t,2026-06-28 01:34:52.927578,
85950,1,,,,t,2026-06-28 01:34:52.932217,
85951,1,,,,t,2026-06-28 01:34:52.936479,
85952,1,,,,t,2026-06-28 01:34:52.93936,
85953,1,,,,t,2026-06-28 01:34:52.941356,
85954,1,,,,t,2026-06-28 01:34:52.943499,
85955,1,,,,t,2026-06-28 01:34:52.946993,
85956,1,,,,t,2026-06-28 01:34:52.950274,
85957,1,,,,t,2026-06-28 01:34:52.954472,
85958,1,,,,t,2026-06-28 01:34:53.726839,
85959,1,,,,t,2026-06-28 01:34:53.731261,
85960,1,,,,t,2026-06-28 01:34:53.735503,
85961,1,,,,t,2026-06-28 01:34:53.740755,
85962,1,,,,t,2026-06-28 01:34:53.745559,
85963,1,,,,t,2026-06-28 01:34:53.750427,
85964,1,,,,t,2026-06-28 01:34:53.753822,
85965,1,,,,t,2026-06-28 01:34:53.759037,
85966,1,,,,t,2026-06-28 01:34:53.763352,
85967,1,,,,t,2026-06-28 01:34:53.769016,
85968,1,,,,t,2026-06-28 01:34:53.775199,
85969,1,,,,t,2026-06-28 01:34:53.780542,
85970,1,,,,t,2026-06-28 01:34:53.784742,
85971,1,,,,t,2026-06-28 01:34:53.790939,
85972,1,,,,t,2026-06-28 01:34:53.794223,
85973,1,,,,t,2026-06-28 01:34:53.797685,
85974,1,,,,t,2026-06-28 01:34:53.801656,
85975,1,,,,t,2026-06-28 01:34:53.807861,
85976,1,,,,t,2026-06-28 01:34:53.812995,
85977,1,,,,t,2026-06-28 01:34:53.815963,
85978,1,,,,t,2026-06-28 01:34:53.822079,
85979,1,,,,t,2026-06-28 01:34:53.826832,
85980,1,,,,t,2026-06-28 01:34:53.831579,
85981,1,,,,t,2026-06-28 01:34:53.839426,
85982,1,,,,t,2026-06-28 01:34:53.845314,
85983,1,,,,t,2026-06-28 01:34:53.852407,
85984,1,,,,t,2026-06-28 01:34:53.858882,
85985,1,,,,t,2026-06-28 01:34:53.865542,
85986,1,,,,t,2026-06-28 01:34:53.870516,
85987,1,,,,t,2026-06-28 01:34:53.87706,
85988,1,,,,t,2026-06-28 01:34:53.882001,
85989,1,,,,t,2026-06-28 01:34:53.88866,
85990,1,,,,t,2026-06-28 01:34:53.895139,
85991,1,,,,t,2026-06-28 01:34:53.902957,
85992,1,,,,t,2026-06-28 01:34:53.909049,
85993,1,,,,t,2026-06-28 01:34:53.914313,
85994,1,,,,t,2026-06-28 01:34:53.918456,
85995,1,,,,t,2026-06-28 01:34:53.92523,
85996,1,,,,t,2026-06-28 01:34:53.931295,
85997,1,,,,t,2026-06-28 01:34:53.936473,
85998,1,,,,t,2026-06-28 01:34:53.942146,
85999,1,,,,t,2026-06-28 01:34:53.946109,
86000,1,,,,t,2026-06-28 01:34:53.950468,
86001,1,,,,t,2026-06-28 01:34:53.957136,
86002,1,,,,t,2026-06-28 01:34:53.961737,
86003,1,,,,t,2026-06-28 01:34:53.966275,
86004,1,,,,t,2026-06-28 01:34:53.970383,
86005,1,,,,t,2026-06-28 01:34:53.976396,
86006,1,,,,t,2026-06-28 01:34:53.979484,
86007,1,,,,t,2026-06-28 01:34:53.985415,
86008,1,,,,t,2026-06-28 01:34:53.990911,
86009,1,,,,t,2026-06-28 01:34:53.99465,
86010,1,,,,t,2026-06-28 01:34:54.000999,
86011,1,,,,t,2026-06-28 01:34:54.00874,
86012,1,,,,t,2026-06-28 01:34:54.013308,
86013,1,,,,t,2026-06-28 01:34:54.018579,
86014,1,,,,t,2026-06-28 01:34:54.026579,
86015,1,,,,t,2026-06-28 01:34:54.03122,
86016,1,,,,t,2026-06-28 01:34:54.037523,
86017,1,,,,t,2026-06-28 01:34:54.044083,
86018,1,,,,t,2026-06-28 01:34:54.04924,
86019,1,,,,t,2026-06-28 01:34:54.054248,
86020,1,,,,t,2026-06-28 01:34:54.060053,
86021,1,,,,t,2026-06-28 01:34:54.064047,
86022,1,,,,t,2026-06-28 01:34:54.066227,
86023,1,,,,t,2026-06-28 01:34:54.074144,
86024,1,,,,t,2026-06-28 01:34:54.078463,
86025,1,,,,t,2026-06-28 01:34:54.082032,
86026,1,,,,t,2026-06-28 01:34:54.087025,
86027,1,,,,t,2026-06-28 01:34:54.091448,
86028,1,,,,t,2026-06-28 01:34:54.094918,
86029,1,,,,t,2026-06-28 01:34:54.099825,
86030,1,,,,t,2026-06-28 01:34:54.103097,
86031,1,,,,t,2026-06-28 01:34:54.107777,
86032,1,,,,t,2026-06-28 01:34:54.112922,
86033,1,,,,t,2026-06-28 01:34:54.116365,
86034,1,,,,t,2026-06-28 01:34:54.123282,
86035,1,,,85316,t,2026-06-28 01:34:55.2247,
86036,1,,,85316,t,2026-06-28 01:34:55.240843,
86037,1,,,84859,t,2026-06-28 01:34:55.250061,
86038,1,,,84859,t,2026-06-28 01:34:55.262571,
86039,1,,,84859,t,2026-06-28 01:34:55.273446,
86040,1,,,84859,t,2026-06-28 01:34:55.281436,
86041,1,,,84860,t,2026-06-28 01:34:55.28856,
86042,1,,,84860,t,2026-06-28 01:34:55.29807,
86043,1,,,84860,t,2026-06-28 01:34:55.305775,
86044,1,,,84860,t,2026-06-28 01:34:55.313957,
86045,1,,,84860,t,2026-06-28 01:34:55.319748,
86046,1,,,84860,t,2026-06-28 01:34:55.327295,
86047,1,,,84860,t,2026-06-28 01:34:55.334612,
86048,1,,,84860,t,2026-06-28 01:34:55.340542,
86049,1,,,84861,t,2026-06-28 01:34:55.347274,
86050,1,,,84861,t,2026-06-28 01:34:55.354392,
86051,1,,,84861,t,2026-06-28 01:34:55.361484,
86052,1,,,84862,t,2026-06-28 01:34:55.367241,
86053,1,,,84862,t,2026-06-28 01:34:55.375506,
86054,1,,,84862,t,2026-06-28 01:34:55.383191,
86055,1,,,84862,t,2026-06-28 01:34:55.391804,
86056,1,,,84862,t,2026-06-28 01:34:55.398652,
86057,1,,,84862,t,2026-06-28 01:34:55.407091,
86058,1,,,84862,t,2026-06-28 01:34:55.411645,
86059,1,,,84862,t,2026-06-28 01:34:55.420084,
86060,1,,,84862,t,2026-06-28 01:34:55.426186,
86061,1,,,84862,t,2026-06-28 01:34:55.432979,
86062,1,,,10249,t,2026-06-28 01:34:55.439152,
86063,1,,,10249,t,2026-06-28 01:34:55.445312,
86064,1,,,10249,t,2026-06-28 01:34:55.452491,
86065,1,,,10249,t,2026-06-28 01:34:55.459497,
86066,1,,,10249,t,2026-06-28 01:34:55.46667,
86067,1,,,10249,t,2026-06-28 01:34:55.472176,
86068,1,,,10249,t,2026-06-28 01:34:55.478071,
86069,1,,,85311,t,2026-06-28 01:36:52.406474,
86070,1,,,84863,t,2026-06-28 01:34:55.491297,
86071,1,,,84864,t,2026-06-28 01:37:13.806577,
86072,1,,,84864,t,2026-06-28 01:37:13.746244,
86073,1,,,84865,t,2026-06-28 01:34:55.509562,
86074,1,,,84865,t,2026-06-28 01:34:55.513571,
86075,1,,,84866,t,2026-06-28 01:34:55.517351,
86076,1,,,84866,t,2026-06-28 01:34:55.522872,
86077,1,,,84866,t,2026-06-28 01:34:55.526678,
86078,1,,,84866,t,2026-06-28 01:34:55.53052,
86079,1,,,84867,t,2026-06-28 01:34:55.53462,
86080,1,,,84867,t,2026-06-28 01:34:55.536899,
86081,1,,,84867,t,2026-06-28 01:34:55.540735,
86082,1,,,84867,t,2026-06-28 01:34:55.543821,
86083,1,,,84868,t,2026-06-28 01:34:55.546094,
86084,1,,,84868,t,2026-06-28 01:34:55.551793,
86085,1,,,84868,t,2026-06-28 01:34:55.555198,
86086,1,,,84870,t,2026-06-28 01:34:55.558941,
86087,1,,,84870,t,2026-06-28 01:34:55.561412,
86088,1,,,84870,t,2026-06-28 01:34:55.564301,
86089,1,,,84870,t,2026-06-28 01:34:55.567437,
86090,1,,,84871,t,2026-06-28 01:34:55.572559,
86091,1,,,84871,t,2026-06-28 01:34:55.575984,
86092,1,,,84871,t,2026-06-28 01:34:55.5794,
86093,1,,,84871,t,2026-06-28 01:34:55.581555,
86094,1,,,84871,t,2026-06-28 01:34:55.585461,
86095,1,,,84871,t,2026-06-28 01:34:55.587819,
86096,1,,,84871,t,2026-06-28 01:34:55.592389,
86097,1,,,84872,t,2026-06-28 01:34:55.595379,
86098,1,,,84872,t,2026-06-28 01:34:55.597385,
86099,1,,,84872,t,2026-06-28 01:34:55.600569,
86100,1,,,84872,t,2026-06-28 01:34:55.603631,
86101,1,,,84872,t,2026-06-28 01:34:55.606593,
86102,1,,,84872,t,2026-06-28 01:34:55.610591,
86103,1,,,84873,t,2026-06-28 01:34:55.612782,
86104,1,,,84873,t,2026-06-28 01:34:55.615897,
86105,1,,,84874,t,2026-06-28 01:34:55.620195,
86106,1,,,84874,t,2026-06-28 01:34:55.623121,
86107,1,,,84874,t,2026-06-28 01:34:55.625997,
86108,1,,,84874,t,2026-06-28 01:34:55.628739,
86109,1,,,84875,t,2026-06-28 01:37:14.108071,
86110,1,,,84875,t,2026-06-28 01:37:14.026502,
86111,1,,,84875,t,2026-06-28 01:37:13.926647,
86112,1,,,84876,t,2026-06-28 01:34:55.640715,
86113,1,,,84876,t,2026-06-28 01:34:55.642945,
86114,1,,,84876,t,2026-06-28 01:34:55.645755,
86115,1,,,84876,t,2026-06-28 01:34:55.649022,
86116,1,,,10263,t,2026-06-28 01:34:55.651559,
86117,1,,,84877,t,2026-06-28 01:34:55.65433,
86118,1,,,84877,t,2026-06-28 01:34:55.656318,
86119,1,,,84877,t,2026-06-28 01:34:55.686488,
86120,1,,,84877,t,2026-06-28 01:34:55.689294,
86121,1,,,84877,t,2026-06-28 01:34:55.692632,
86122,1,,,84878,t,2026-06-28 01:34:55.696697,
86123,1,,,84878,t,2026-06-28 01:34:55.699294,
86124,1,,,84878,t,2026-06-28 01:34:55.702613,
86125,1,,,84879,t,2026-06-28 01:34:55.705611,
86126,1,,,84879,t,2026-06-28 01:34:55.710488,
86127,1,,,84879,t,2026-06-28 01:34:55.713426,
86128,1,,,84879,t,2026-06-28 01:34:55.718292,
86129,1,,,84879,t,2026-06-28 01:34:55.7213,
86130,1,,,84880,t,2026-06-28 01:34:55.724371,
86131,1,,,84880,t,2026-06-28 01:34:55.728945,
86132,1,,,84880,t,2026-06-28 01:34:55.731558,
86133,1,,,84880,t,2026-06-28 01:34:55.735176,
86134,1,,,84880,t,2026-06-28 01:34:55.737209,
86135,1,,,84881,t,2026-06-28 01:34:56.712988,
86136,1,,,84881,t,2026-06-28 01:34:56.716704,
86137,1,,,84881,t,2026-06-28 01:34:56.719455,
86138,1,,,84881,t,2026-06-28 01:34:56.722933,
86139,1,,,84882,t,2026-06-28 01:37:14.445418,
86140,1,,,84882,t,2026-06-28 01:37:14.359986,
86141,1,,,84882,t,2026-06-28 01:37:14.362384,
86142,1,,,84882,t,2026-06-28 01:37:14.362384,
86143,1,,,84882,t,2026-06-28 01:37:14.261995,
86144,1,,,84883,t,2026-06-28 01:34:56.741181,
86145,1,,,84883,t,2026-06-28 01:34:56.74404,
86146,1,,,84883,t,2026-06-28 01:34:56.746923,
86147,1,,,84883,t,2026-06-28 01:34:56.751157,
86148,1,,,84883,t,2026-06-28 01:34:56.754334,
86149,1,,,84883,t,2026-06-28 01:34:56.756228,
86150,1,,,84883,t,2026-06-28 01:34:56.758232,
86151,1,,,84884,t,2026-06-28 01:34:56.760737,
86152,1,,,84884,t,2026-06-28 01:34:56.763129,
86153,1,,,84884,t,2026-06-28 01:34:56.766831,
86154,1,,,84884,t,2026-06-28 01:34:56.769272,
86155,1,,,84884,t,2026-06-28 01:34:56.771165,
86156,1,,,84884,t,2026-06-28 01:34:56.773367,
86157,1,,,84884,t,2026-06-28 01:34:56.77538,
86158,1,,,84885,t,2026-06-28 01:34:56.777172,
86159,1,,,84885,t,2026-06-28 01:34:56.779516,
86160,1,,,84885,t,2026-06-28 01:34:56.783667,
86161,1,,,84886,t,2026-06-28 01:34:56.785792,
86162,1,,,84886,t,2026-06-28 01:34:56.788188,
86163,1,,,84886,t,2026-06-28 01:34:56.7907,
86164,1,,,84886,t,2026-06-28 01:34:56.792641,
86165,1,,,10274,t,2026-06-28 01:34:56.795399,
86166,1,,,10274,t,2026-06-28 01:34:56.797301,
86167,1,,,10274,t,2026-06-28 01:34:56.801379,
86168,1,,,10274,t,2026-06-28 01:34:56.803094,
86169,1,,,10274,t,2026-06-28 01:34:56.804804,
86170,1,,,84887,t,2026-06-28 01:34:56.806961,
86171,1,,,84887,t,2026-06-28 01:34:56.808884,
86172,1,,,84887,t,2026-06-28 01:34:56.811308,
86173,1,,,84887,t,2026-06-28 01:34:56.813438,
86174,1,,,84887,t,2026-06-28 01:34:56.816719,
86175,1,,,84887,t,2026-06-28 01:34:56.818456,
86176,1,,,84888,t,2026-06-28 01:34:56.82125,
86177,1,,,84888,t,2026-06-28 01:34:56.823193,
86178,1,,,84888,t,2026-06-28 01:34:56.825189,
86179,1,,,84888,t,2026-06-28 01:34:56.826712,
86180,1,,,10279,t,2026-06-28 01:34:56.828807,
86181,1,,,10279,t,2026-06-28 01:34:56.830602,
86182,1,,,10279,t,2026-06-28 01:34:56.83811,
86183,1,,,84889,t,2026-06-28 01:34:56.841161,
86184,1,,,84889,t,2026-06-28 01:34:56.846386,
86185,1,,,84890,t,2026-06-28 01:34:56.849624,
86186,1,,,84890,t,2026-06-28 01:34:56.852423,
86187,1,,,84890,t,2026-06-28 01:34:56.854335,
86188,1,,,84890,t,2026-06-28 01:34:56.856638,
86189,1,,,84890,t,2026-06-28 01:34:56.859317,
86190,1,,,84890,t,2026-06-28 01:34:56.861763,
86191,1,,,84890,t,2026-06-28 01:34:56.870135,
86192,1,,,84890,t,2026-06-28 01:34:56.873021,
86193,1,,,84890,t,2026-06-28 01:34:56.87561,
86194,1,,,84891,t,2026-06-28 01:37:14.802265,
86195,1,,,84891,t,2026-06-28 01:37:14.621488,
86196,1,,,84891,t,2026-06-28 01:37:14.621488,
86197,1,,,84891,t,2026-06-28 01:37:14.621488,
86198,1,,,84891,t,2026-06-28 01:37:14.725706,
86199,1,,,84891,t,2026-06-28 01:37:14.621488,
86200,1,,,84892,t,2026-06-28 01:34:56.896954,
86201,1,,,84892,t,2026-06-28 01:34:56.900445,
86202,1,,,84892,t,2026-06-28 01:34:56.902883,
86203,1,,,84892,t,2026-06-28 01:34:56.904994,
86204,1,,,84892,t,2026-06-28 01:34:56.907,
86205,1,,,84892,t,2026-06-28 01:34:56.909258,
86206,1,,,84893,t,2026-06-28 01:34:56.911217,
86207,1,,,84893,t,2026-06-28 01:34:56.914381,
86208,1,,,84893,t,2026-06-28 01:34:56.91679,
86209,1,,,84894,t,2026-06-28 01:34:56.918632,
86210,1,,,84894,t,2026-06-28 01:34:56.920563,
86211,1,,,84894,t,2026-06-28 01:34:56.922937,
86212,1,,,84894,t,2026-06-28 01:34:56.924707,
86213,1,,,84894,t,2026-06-28 01:34:56.926676,
86214,1,,,84894,t,2026-06-28 01:34:56.92881,
86215,1,,,84894,t,2026-06-28 01:34:56.930697,
86216,1,,,84894,t,2026-06-28 01:34:56.935257,
86217,1,,,84894,t,2026-06-28 01:34:56.93789,
86218,1,,,84894,t,2026-06-28 01:34:56.940462,
86219,1,,,84895,t,2026-06-28 01:34:56.942382,
86220,1,,,84895,t,2026-06-28 01:34:56.944726,
86221,1,,,84895,t,2026-06-28 01:34:56.946564,
86222,1,,,84895,t,2026-06-28 01:34:56.949593,
86223,1,,,84895,t,2026-06-28 01:34:56.951725,
86224,1,,,84895,t,2026-06-28 01:34:56.957134,
86225,1,,,84895,t,2026-06-28 01:34:56.959445,
86226,1,,,84896,t,2026-06-28 01:37:15.170568,
86227,1,,,84896,t,2026-06-28 01:37:15.08077,
86228,1,,,84896,t,2026-06-28 01:37:14.96346,
86229,1,,,84896,t,2026-06-28 01:37:15.083858,
86230,1,,,84897,t,2026-06-28 01:37:15.44856,
86231,1,,,84897,t,2026-06-28 01:37:15.399531,
86232,1,,,84897,t,2026-06-28 01:37:15.399531,
86233,1,,,84897,t,2026-06-28 01:37:15.399531,
86234,1,,,84897,t,2026-06-28 01:37:15.318809,
86235,1,,,84898,t,2026-06-28 01:34:57.463587,
86236,1,,,84898,t,2026-06-28 01:34:57.467889,
86237,1,,,84898,t,2026-06-28 01:34:57.470289,
86238,1,,,84898,t,2026-06-28 01:34:57.473136,
86239,1,,,84898,t,2026-06-28 01:34:57.475337,
86240,1,,,84898,t,2026-06-28 01:34:57.478118,
86241,1,,,84898,t,2026-06-28 01:34:57.480556,
86242,1,,,84899,t,2026-06-28 01:34:57.484603,
86243,1,,,84899,t,2026-06-28 01:34:57.488489,
86244,1,,,84899,t,2026-06-28 01:34:57.491714,
86245,1,,,84899,t,2026-06-28 01:34:57.493495,
86246,1,,,84899,t,2026-06-28 01:34:57.496059,
86247,1,,,84900,t,2026-06-28 01:37:15.697731,
86248,1,,,84900,t,2026-06-28 01:37:15.6454,
86249,1,,,84900,t,2026-06-28 01:37:15.6454,
86250,1,,,84900,t,2026-06-28 01:37:15.583621,
86251,1,,,84900,t,2026-06-28 01:37:15.583621,
86252,1,,,84901,t,2026-06-28 01:34:57.529504,
86253,1,,,84902,t,2026-06-28 01:37:15.892848,
86254,1,,,84902,t,2026-06-28 01:37:15.841597,
86255,1,,,84902,t,2026-06-28 01:37:15.841597,
86256,1,,,84902,t,2026-06-28 01:37:15.842255,
86257,1,,,84902,t,2026-06-28 01:37:15.843005,
86258,1,,,84902,t,2026-06-28 01:37:15.784147,
86259,1,,,84903,t,2026-06-28 01:37:16.113602,
86260,1,,,84903,t,2026-06-28 01:37:16.040439,
86261,1,,,84903,t,2026-06-28 01:37:16.04178,
86262,1,,,84903,t,2026-06-28 01:37:16.04178,
86263,1,,,84903,t,2026-06-28 01:37:16.04178,
86264,1,,,84903,t,2026-06-28 01:37:16.04178,
86265,1,,,84904,t,2026-06-28 01:34:57.569448,
86266,1,,,84904,t,2026-06-28 01:34:57.571972,
86267,1,,,84904,t,2026-06-28 01:34:57.575007,
86268,1,,,84904,t,2026-06-28 01:34:57.578787,
86269,1,,,84904,t,2026-06-28 01:34:57.58491,
86270,1,,,84905,t,2026-06-28 01:37:16.275041,
86271,1,,,84905,t,2026-06-28 01:37:16.221771,
86272,1,,,84906,t,2026-06-28 01:34:57.594778,
86273,1,,,84906,t,2026-06-28 01:34:57.601226,
86274,1,,,84906,t,2026-06-28 01:34:57.606021,
86275,1,,,84906,t,2026-06-28 01:34:57.609091,
86276,1,,,84906,t,2026-06-28 01:34:57.612047,
86277,1,,,84906,t,2026-06-28 01:34:57.615007,
86278,1,,,84907,t,2026-06-28 01:34:57.618453,
86279,1,,,84907,t,2026-06-28 01:34:57.621658,
86280,1,,,84907,t,2026-06-28 01:34:57.624621,
86281,1,,,84907,t,2026-06-28 01:34:57.62586,
86282,1,,,84907,t,2026-06-28 01:34:57.631369,
86283,1,,,84908,t,2026-06-28 01:34:57.636888,
86284,1,,,84908,t,2026-06-28 01:34:57.640436,
86285,1,,,84909,t,2026-06-28 01:37:16.478522,
86286,1,,,84909,t,2026-06-28 01:37:16.428666,
86287,1,,,84909,t,2026-06-28 01:37:16.429178,
86288,1,,,84909,t,2026-06-28 01:37:16.429178,
86289,1,,,84910,t,2026-06-28 01:34:57.662509,
86290,1,,,84910,t,2026-06-28 01:34:57.668205,
86291,1,,,84910,t,2026-06-28 01:34:57.670673,
86292,1,,,84910,t,2026-06-28 01:34:57.673653,
86293,1,,,84910,t,2026-06-28 01:34:57.676641,
86294,1,,,84910,t,2026-06-28 01:34:57.686196,
86295,1,,,84910,t,2026-06-28 01:34:57.692465,
86296,1,,,84910,t,2026-06-28 01:34:57.697106,
86297,1,,,84910,t,2026-06-28 01:34:57.701259,
86298,1,,,84910,t,2026-06-28 01:34:57.705674,
86299,1,,,84910,t,2026-06-28 01:34:57.70893,
86300,1,,,84910,t,2026-06-28 01:34:57.711099,
86301,1,,,84910,t,2026-06-28 01:34:57.716423,
86302,1,,,84910,t,2026-06-28 01:34:57.720222,
86303,1,,,84910,t,2026-06-28 01:34:57.723534,
86304,1,,,84911,t,2026-06-28 01:37:16.592448,
86305,1,,,84912,t,2026-06-28 01:37:16.797931,
86306,1,,,84912,t,2026-06-28 01:37:16.751563,
86307,1,,,84912,t,2026-06-28 01:37:16.780025,
86308,1,,,84912,t,2026-06-28 01:37:16.751563,
86309,1,,,84912,t,2026-06-28 01:37:16.710858,
86310,1,,,84913,t,2026-06-28 01:34:57.74942,
86311,1,,,84913,t,2026-06-28 01:34:57.752371,
86312,1,,,84914,t,2026-06-28 01:34:57.755301,
86313,1,,,84914,t,2026-06-28 01:34:57.758605,
86314,1,,,84915,t,2026-06-28 01:34:57.761591,
86315,1,,,84915,t,2026-06-28 01:34:57.763919,
86316,1,,,84915,t,2026-06-28 01:34:57.76607,
86317,1,,,84915,t,2026-06-28 01:34:57.76923,
86318,1,,,84916,t,2026-06-28 01:34:57.771126,
86319,1,,,84916,t,2026-06-28 01:34:57.774011,
86320,1,,,84916,t,2026-06-28 01:34:57.776598,
86321,1,,,84916,t,2026-06-28 01:34:57.779067,
86322,1,,,84917,t,2026-06-28 01:34:57.784506,
86323,1,,,84917,t,2026-06-28 01:34:57.786846,
86324,1,,,84918,t,2026-06-28 01:34:57.789772,
86325,1,,,84918,t,2026-06-28 01:34:57.791861,
86326,1,,,84918,t,2026-06-28 01:34:57.794345,
86327,1,,,84918,t,2026-06-28 01:34:57.796719,
86328,1,,,84918,t,2026-06-28 01:34:57.799729,
86329,1,,,84918,t,2026-06-28 01:34:57.802347,
86330,1,,,84919,t,2026-06-28 01:37:11.263713,
86331,1,,,84919,t,2026-06-28 01:37:11.162154,
86332,1,,,84919,t,2026-06-28 01:37:11.162727,
86333,1,,,84919,t,2026-06-28 01:37:11.162727,
86334,1,,,84919,t,2026-06-28 01:37:11.087895,
86335,1,,,84920,t,2026-06-28 01:34:58.170109,
86336,1,,,84920,t,2026-06-28 01:34:58.173165,
86337,1,,,84921,t,2026-06-28 01:34:58.174702,
86338,1,,,84921,t,2026-06-28 01:34:58.177374,
86339,1,,,84921,t,2026-06-28 01:34:58.179545,
86340,1,,,84921,t,2026-06-28 01:34:58.185095,
86341,1,,,84921,t,2026-06-28 01:34:58.187718,
86342,1,,,84922,t,2026-06-28 01:37:16.87235,
86343,1,,,84922,t,2026-06-28 01:37:16.85632,
86344,1,,,84922,t,2026-06-28 01:37:16.833896,
86345,1,,,84922,t,2026-06-28 01:37:16.833896,
86346,1,,,84922,t,2026-06-28 01:37:16.834511,
86347,1,,,84922,t,2026-06-28 01:37:16.85632,
86348,1,,,84923,t,2026-06-28 01:37:16.986027,
86349,1,,,84923,t,2026-06-28 01:37:16.96193,
86350,1,,,84923,t,2026-06-28 01:37:16.96193,
86351,1,,,84923,t,2026-06-28 01:37:16.96193,
86352,1,,,84923,t,2026-06-28 01:37:16.96193,
86353,1,,,84923,t,2026-06-28 01:37:16.932129,
86354,1,,,84923,t,2026-06-28 01:37:16.96193,
86355,1,,,84923,t,2026-06-28 01:37:16.906157,
86356,1,,,84924,t,2026-06-28 01:34:58.2265,
86357,1,,,84924,t,2026-06-28 01:34:58.233313,
86358,1,,,84924,t,2026-06-28 01:34:58.237945,
86359,1,,,84925,t,2026-06-28 01:37:17.11694,
86360,1,,,84925,t,2026-06-28 01:37:17.122199,
86361,1,,,84925,t,2026-06-28 01:37:17.093243,
86362,1,,,84925,t,2026-06-28 01:37:17.064553,
86363,1,,,84925,t,2026-06-28 01:37:17.064553,
86364,1,,,84925,t,2026-06-28 01:37:17.034043,
86365,1,,,84926,t,2026-06-28 01:34:58.258978,
86366,1,,,84926,t,2026-06-28 01:34:58.260667,
86367,1,,,84926,t,2026-06-28 01:34:58.263267,
86368,1,,,84926,t,2026-06-28 01:34:58.265025,
86369,1,,,84927,t,2026-06-28 01:34:58.266872,
86370,1,,,84927,t,2026-06-28 01:34:58.26873,
86371,1,,,84927,t,2026-06-28 01:34:58.271433,
86372,1,,,84927,t,2026-06-28 01:34:58.274978,
86373,1,,,84927,t,2026-06-28 01:34:58.27747,
86374,1,,,84927,t,2026-06-28 01:34:58.282355,
86375,1,,,84927,t,2026-06-28 01:34:58.28547,
86376,1,,,84927,t,2026-06-28 01:34:58.288365,
86377,1,,,84927,t,2026-06-28 01:34:58.292794,
86378,1,,,84927,t,2026-06-28 01:34:58.297371,
86379,1,,,84927,t,2026-06-28 01:34:58.302281,
86380,1,,,84927,t,2026-06-28 01:34:58.305926,
86381,1,,,84927,t,2026-06-28 01:34:58.308362,
86382,1,,,84927,t,2026-06-28 01:34:58.311506,
86383,1,,,84927,t,2026-06-28 01:34:58.313655,
86384,1,,,84927,t,2026-06-28 01:34:58.315564,
86385,1,,,84927,t,2026-06-28 01:34:58.317737,
86386,1,,,84928,t,2026-06-28 01:34:58.319475,
86387,1,,,84928,t,2026-06-28 01:34:58.321232,
86388,1,,,84928,t,2026-06-28 01:34:58.323447,
86389,1,,,84928,t,2026-06-28 01:34:58.325412,
86390,1,,,84928,t,2026-06-28 01:34:58.327236,
86391,1,,,84928,t,2026-06-28 01:34:58.329698,
86392,1,,,84929,t,2026-06-28 01:34:58.332024,
86393,1,,,84929,t,2026-06-28 01:34:58.33399,
86394,1,,,84929,t,2026-06-28 01:34:58.336276,
86395,1,,,84929,t,2026-06-28 01:34:58.338708,
86396,1,,,84929,t,2026-06-28 01:34:58.341682,
86397,1,,,84929,t,2026-06-28 01:34:58.345448,
86398,1,,,84930,t,2026-06-28 01:34:58.348377,
86399,1,,,84930,t,2026-06-28 01:34:58.351363,
86400,1,,,84930,t,2026-06-28 01:34:58.355032,
86401,1,,,84930,t,2026-06-28 01:34:58.358794,
86402,1,,,84931,t,2026-06-28 01:34:58.36771,
86403,1,,,84931,t,2026-06-28 01:34:58.372034,
86404,1,,,84931,t,2026-06-28 01:34:58.377842,
86405,1,,,84931,t,2026-06-28 01:34:58.383007,
86406,1,,,84932,t,2026-06-28 01:34:58.386456,
86407,1,,,84932,t,2026-06-28 01:34:58.391691,
86408,1,,,84932,t,2026-06-28 01:34:58.396871,
86409,1,,,84932,t,2026-06-28 01:34:58.401961,
86410,1,,,84932,t,2026-06-28 01:34:58.404601,
86411,1,,,84932,t,2026-06-28 01:34:58.40842,
86412,1,,,84933,t,2026-06-28 01:34:58.41424,
86413,1,,,84933,t,2026-06-28 01:34:58.4169,
86414,1,,,84933,t,2026-06-28 01:34:58.421933,
86415,1,,,84934,t,2026-06-28 01:34:58.424861,
86416,1,,,84934,t,2026-06-28 01:34:58.427211,
86417,1,,,84934,t,2026-06-28 01:34:58.43139,
86418,1,,,84934,t,2026-06-28 01:34:58.434232,
86419,1,,,84934,t,2026-06-28 01:34:58.437196,
86420,1,,,84934,t,2026-06-28 01:34:58.439894,
86421,1,,,84934,t,2026-06-28 01:34:58.447029,
86422,1,,,84934,t,2026-06-28 01:34:58.45164,
86423,1,,,84934,t,2026-06-28 01:34:58.45396,
86424,1,,,84935,t,2026-06-28 01:34:58.456081,
86425,1,,,84936,t,2026-06-28 01:34:58.459458,
86426,1,,,84936,t,2026-06-28 01:34:58.464696,
86427,1,,,84936,t,2026-06-28 01:34:58.467149,
86428,1,,,84936,t,2026-06-28 01:34:58.46978,
86429,1,,,84936,t,2026-06-28 01:34:58.471769,
86430,1,,,84937,t,2026-06-28 01:37:17.240201,
86431,1,,,84937,t,2026-06-28 01:37:17.180018,
86432,1,,,84937,t,2026-06-28 01:37:17.180018,
86433,1,,,84937,t,2026-06-28 01:37:17.208333,
86434,1,,,84937,t,2026-06-28 01:37:17.180018,
86435,1,,,84937,t,2026-06-28 01:37:17.208333,
86436,1,,,84937,t,2026-06-28 01:37:17.208333,
86437,1,,,84937,t,2026-06-28 01:37:17.157468,
86438,1,,,84937,t,2026-06-28 01:37:17.236776,
86439,1,,,84937,t,2026-06-28 01:37:17.208333,
86440,1,,,84937,t,2026-06-28 01:37:17.208333,
86441,1,,,84937,t,2026-06-28 01:37:17.208333,
86442,1,,,84937,t,2026-06-28 01:37:17.208333,
86443,1,,,84938,t,2026-06-28 01:34:58.861539,
86444,1,,,84938,t,2026-06-28 01:34:58.864726,
86445,1,,,84938,t,2026-06-28 01:34:58.867313,
86446,1,,,84938,t,2026-06-28 01:34:58.869948,
86447,1,,,84939,t,2026-06-28 01:34:58.871915,
86448,1,,,84939,t,2026-06-28 01:34:58.874336,
86449,1,,,84939,t,2026-06-28 01:34:58.877211,
86450,1,,,84939,t,2026-06-28 01:34:58.884364,
86451,1,,,84940,t,2026-06-28 01:37:17.315259,
86452,1,,,84940,t,2026-06-28 01:37:17.273485,
86453,1,,,84940,t,2026-06-28 01:37:17.273485,
86454,1,,,84940,t,2026-06-28 01:37:17.273485,
86455,1,,,84940,t,2026-06-28 01:37:17.299497,
86456,1,,,84941,t,2026-06-28 01:34:58.902111,
86457,1,,,84941,t,2026-06-28 01:34:58.905064,
86458,1,,,84941,t,2026-06-28 01:34:58.908566,
86459,1,,,84941,t,2026-06-28 01:34:58.913515,
86460,1,,,84941,t,2026-06-28 01:34:58.915903,
86461,1,,,84941,t,2026-06-28 01:34:58.921113,
86462,1,,,84941,t,2026-06-28 01:34:58.923421,
86463,1,,,84941,t,2026-06-28 01:34:58.927042,
86464,1,,,84942,t,2026-06-28 01:34:58.931207,
86465,1,,,84942,t,2026-06-28 01:34:58.936256,
86466,1,,,84942,t,2026-06-28 01:34:58.942829,
86467,1,,,84942,t,2026-06-28 01:34:58.949163,
86468,1,,,84943,t,2026-06-28 01:34:58.953894,
86469,1,,,84943,t,2026-06-28 01:34:58.956674,
86470,1,,,84943,t,2026-06-28 01:34:58.958716,
86471,1,,,84943,t,2026-06-28 01:34:58.95983,
86472,1,,,84943,t,2026-06-28 01:34:58.961719,
86473,1,,,84944,t,2026-06-28 01:34:58.963997,
86474,1,,,84944,t,2026-06-28 01:34:58.966333,
86475,1,,,84944,t,2026-06-28 01:34:58.968322,
86476,1,,,84944,t,2026-06-28 01:34:58.970746,
86477,1,,,84944,t,2026-06-28 01:34:58.973123,
86478,1,,,84944,t,2026-06-28 01:34:58.974761,
86479,1,,,84944,t,2026-06-28 01:34:58.977426,
86480,1,,,84944,t,2026-06-28 01:34:58.979974,
86481,1,,,84945,t,2026-06-28 01:34:58.986079,
86482,1,,,84945,t,2026-06-28 01:34:58.992893,
86483,1,,,84945,t,2026-06-28 01:34:59.002257,
86484,1,,,84945,t,2026-06-28 01:34:59.007243,
86485,1,,,84946,t,2026-06-28 01:34:59.011282,
86486,1,,,84946,t,2026-06-28 01:34:59.018976,
86487,1,,,84946,t,2026-06-28 01:34:59.024885,
86488,1,,,84946,t,2026-06-28 01:34:59.038215,
86489,1,,,84946,t,2026-06-28 01:34:59.042682,
86490,1,,,84947,t,2026-06-28 01:34:59.04888,
86491,1,,,84947,t,2026-06-28 01:34:59.053183,
86492,1,,,84947,t,2026-06-28 01:34:59.056431,
86493,1,,,84947,t,2026-06-28 01:34:59.061967,
86494,1,,,84947,t,2026-06-28 01:34:59.066039,
86495,1,,,84947,t,2026-06-28 01:34:59.068092,
86496,1,,,84948,t,2026-06-28 01:34:59.070327,
86497,1,,,84948,t,2026-06-28 01:34:59.073667,
86498,1,,,84949,t,2026-06-28 01:37:17.402547,
86499,1,,,84949,t,2026-06-28 01:37:17.385481,
86500,1,,,84949,t,2026-06-28 01:37:17.355491,
86501,1,,,84949,t,2026-06-28 01:37:17.355491,
86502,1,,,84949,t,2026-06-28 01:37:17.355491,
86503,1,,,84949,t,2026-06-28 01:37:17.385481,
86504,1,,,84950,t,2026-06-28 01:34:59.092716,
86505,1,,,84950,t,2026-06-28 01:34:59.095723,
86506,1,,,84950,t,2026-06-28 01:34:59.097648,
86507,1,,,84950,t,2026-06-28 01:34:59.100447,
86508,1,,,84950,t,2026-06-28 01:34:59.10317,
86509,1,,,84951,t,2026-06-28 01:34:59.105172,
86510,1,,,84951,t,2026-06-28 01:34:59.107593,
86511,1,,,84951,t,2026-06-28 01:34:59.109453,
86512,1,,,84951,t,2026-06-28 01:34:59.112081,
86513,1,,,84952,t,2026-06-28 01:34:59.11614,
86514,1,,,84952,t,2026-06-28 01:34:59.119372,
86515,1,,,84952,t,2026-06-28 01:34:59.12066,
86516,1,,,84952,t,2026-06-28 01:34:59.122429,
86517,1,,,84952,t,2026-06-28 01:34:59.124777,
86518,1,,,84953,t,2026-06-28 01:34:59.126801,
86519,1,,,84953,t,2026-06-28 01:34:59.136755,
86520,1,,,84953,t,2026-06-28 01:34:59.139732,
86521,1,,,84953,t,2026-06-28 01:34:59.144679,
86522,1,,,84953,t,2026-06-28 01:34:59.147412,
86523,1,,,84954,t,2026-06-28 01:37:17.482072,
86524,1,,,84954,t,2026-06-28 01:37:17.462474,
86525,1,,,84954,t,2026-06-28 01:37:17.462474,
86526,1,,,84954,t,2026-06-28 01:37:17.439204,
86527,1,,,84955,t,2026-06-28 01:34:59.167712,
86528,1,,,84956,t,2026-06-28 01:34:59.172307,
86529,1,,,84957,t,2026-06-28 01:34:59.174183,
86530,1,,,84957,t,2026-06-28 01:34:59.176154,
86531,1,,,84957,t,2026-06-28 01:34:59.177426,
86532,1,,,84957,t,2026-06-28 01:34:59.179976,
86533,1,,,84957,t,2026-06-28 01:34:59.184949,
86534,1,,,84957,t,2026-06-28 01:34:59.188201,
86535,1,,,84958,t,2026-06-28 01:37:17.544637,
86536,1,,,84958,t,2026-06-28 01:37:17.520169,
86537,1,,,84958,t,2026-06-28 01:37:17.520169,
86538,1,,,84958,t,2026-06-28 01:37:17.520169,
86539,1,,,84959,t,2026-06-28 01:35:00.204316,
86540,1,,,84959,t,2026-06-28 01:35:00.20724,
86541,1,,,84959,t,2026-06-28 01:35:00.213391,
86542,1,,,84959,t,2026-06-28 01:35:00.217365,
86543,1,,,84959,t,2026-06-28 01:35:00.22146,
86544,1,,,84959,t,2026-06-28 01:35:00.227303,
86545,1,,,84959,t,2026-06-28 01:35:00.232544,
86546,1,,,84959,t,2026-06-28 01:35:00.237383,
86547,1,,,84959,t,2026-06-28 01:35:00.242717,
86548,1,,,84959,t,2026-06-28 01:35:00.246918,
86549,1,,,84959,t,2026-06-28 01:35:00.250197,
86550,1,,,84959,t,2026-06-28 01:35:00.254109,
86551,1,,,84959,t,2026-06-28 01:35:00.257189,
86552,1,,,84959,t,2026-06-28 01:35:00.260503,
86553,1,,,84959,t,2026-06-28 01:35:00.26295,
86554,1,,,84959,t,2026-06-28 01:35:00.267009,
86555,1,,,84959,t,2026-06-28 01:35:00.271979,
86556,1,,,84960,t,2026-06-28 01:35:00.275484,
86557,1,,,84960,t,2026-06-28 01:35:00.282303,
86558,1,,,84960,t,2026-06-28 01:35:00.285912,
86559,1,,,84960,t,2026-06-28 01:35:00.290557,
86560,1,,,84960,t,2026-06-28 01:35:00.29653,
86561,1,,,84960,t,2026-06-28 01:35:00.300064,
86562,1,,,84960,t,2026-06-28 01:35:00.30346,
86563,1,,,84961,t,2026-06-28 01:37:17.661259,
86564,1,,,84961,t,2026-06-28 01:37:17.638012,
86565,1,,,84961,t,2026-06-28 01:37:17.638012,
86566,1,,,84961,t,2026-06-28 01:37:17.638012,
86567,1,,,84961,t,2026-06-28 01:37:17.612306,
86568,1,,,84961,t,2026-06-28 01:37:17.664719,
86569,1,,,84961,t,2026-06-28 01:37:17.587053,
86570,1,,,84961,t,2026-06-28 01:37:17.638012,
86571,1,,,84961,t,2026-06-28 01:37:17.587053,
86572,1,,,84961,t,2026-06-28 01:37:17.638012,
86573,1,,,84961,t,2026-06-28 01:37:17.587053,
86574,1,,,84961,t,2026-06-28 01:37:17.587053,
86575,1,,,84961,t,2026-06-28 01:37:17.612306,
86576,1,,,84962,t,2026-06-28 01:35:00.352532,
86577,1,,,84962,t,2026-06-28 01:35:00.355129,
86578,1,,,84962,t,2026-06-28 01:35:00.357457,
86579,1,,,84962,t,2026-06-28 01:35:00.360136,
86580,1,,,84962,t,2026-06-28 01:35:00.362509,
86581,1,,,84962,t,2026-06-28 01:35:00.363786,
86582,1,,,84963,t,2026-06-28 01:37:17.763445,
86583,1,,,84963,t,2026-06-28 01:37:17.721822,
86584,1,,,84963,t,2026-06-28 01:37:17.721822,
86585,1,,,84963,t,2026-06-28 01:37:17.721822,
86586,1,,,84963,t,2026-06-28 01:37:17.746686,
86587,1,,,84963,t,2026-06-28 01:37:17.721822,
86588,1,,,84963,t,2026-06-28 01:37:17.721822,
86589,1,,,84963,t,2026-06-28 01:37:17.695396,
86590,1,,,84964,t,2026-06-28 01:35:00.384077,
86591,1,,,84964,t,2026-06-28 01:35:00.38665,
86592,1,,,84964,t,2026-06-28 01:35:00.388496,
86593,1,,,84964,t,2026-06-28 01:35:00.391093,
86594,1,,,84964,t,2026-06-28 01:35:00.39385,
86595,1,,,84964,t,2026-06-28 01:35:00.395502,
86596,1,,,84964,t,2026-06-28 01:35:00.397322,
86597,1,,,84965,t,2026-06-28 01:35:00.399259,
86598,1,,,84965,t,2026-06-28 01:35:00.401673,
86599,1,,,84966,t,2026-06-28 01:35:00.403724,
86600,1,,,84966,t,2026-06-28 01:35:00.405736,
86601,1,,,84966,t,2026-06-28 01:35:00.41158,
86602,1,,,84966,t,2026-06-28 01:35:00.414472,
86603,1,,,84966,t,2026-06-28 01:35:00.416914,
86604,1,,,84967,t,2026-06-28 01:35:00.42353,
86605,1,,,84967,t,2026-06-28 01:35:00.440697,
86606,1,,,84967,t,2026-06-28 01:35:00.445215,
86607,1,,,84967,t,2026-06-28 01:35:00.447874,
86608,1,,,84967,t,2026-06-28 01:35:00.451659,
86609,1,,,84967,t,2026-06-28 01:35:00.456531,
86610,1,,,84967,t,2026-06-28 01:35:00.459412,
86611,1,,,84967,t,2026-06-28 01:35:00.462917,
86612,1,,,84967,t,2026-06-28 01:35:00.473591,
86613,1,,,84968,t,2026-06-28 01:35:00.484997,
86614,1,,,84968,t,2026-06-28 01:35:00.49387,
86615,1,,,84968,t,2026-06-28 01:35:00.501128,
86616,1,,,84968,t,2026-06-28 01:35:00.505096,
86617,1,,,84969,t,2026-06-28 01:35:00.510378,
86618,1,,,84969,t,2026-06-28 01:35:00.51379,
86619,1,,,84969,t,2026-06-28 01:35:00.518957,
86620,1,,,84969,t,2026-06-28 01:35:00.522273,
86621,1,,,84969,t,2026-06-28 01:35:00.525475,
86622,1,,,84969,t,2026-06-28 01:35:00.529218,
86623,1,,,84969,t,2026-06-28 01:35:00.532065,
86624,1,,,84969,t,2026-06-28 01:35:00.53459,
86625,1,,,84969,t,2026-06-28 01:35:00.536314,
86626,1,,,84970,t,2026-06-28 01:35:00.539186,
86627,1,,,84971,t,2026-06-28 01:35:00.541768,
86628,1,,,84971,t,2026-06-28 01:35:00.545577,
86629,1,,,84971,t,2026-06-28 01:35:00.548335,
86630,1,,,84971,t,2026-06-28 01:35:00.550984,
86631,1,,,84971,t,2026-06-28 01:35:00.55312,
86632,1,,,84972,t,2026-06-28 01:35:00.555554,
86633,1,,,84972,t,2026-06-28 01:35:00.558352,
86634,1,,,84972,t,2026-06-28 01:35:00.562233,
86635,1,,,84972,t,2026-06-28 01:35:00.79562,
86636,1,,,84972,t,2026-06-28 01:35:00.798844,
86637,1,,,84973,t,2026-06-28 01:35:00.800861,
86638,1,,,84973,t,2026-06-28 01:35:00.804899,
86639,1,,,84973,t,2026-06-28 01:35:00.806247,
86640,1,,,84973,t,2026-06-28 01:35:00.808616,
86641,1,,,84974,t,2026-06-28 01:35:00.812559,
86642,1,,,84974,t,2026-06-28 01:35:00.818245,
86643,1,,,84975,t,2026-06-28 01:35:00.821311,
86644,1,,,84975,t,2026-06-28 01:35:00.824392,
86645,1,,,84975,t,2026-06-28 01:35:00.829452,
86646,1,,,84976,t,2026-06-28 01:35:00.832332,
86647,1,,,84976,t,2026-06-28 01:35:00.835054,
86648,1,,,84976,t,2026-06-28 01:35:00.83682,
86649,1,,,84977,t,2026-06-28 01:36:44.142184,
86650,1,,,84977,t,2026-06-28 01:36:44.088196,
86651,1,,,84977,t,2026-06-28 01:36:44.121356,
86652,1,,,84977,t,2026-06-28 01:36:44.088196,
86653,1,,,84977,t,2026-06-28 01:36:44.055869,
86654,1,,,84978,t,2026-06-28 01:35:00.884655,
86655,1,,,84978,t,2026-06-28 01:35:00.88827,
86656,1,,,84978,t,2026-06-28 01:35:00.893184,
86657,1,,,84978,t,2026-06-28 01:35:00.896147,
86658,1,,,84978,t,2026-06-28 01:35:00.899881,
86659,1,,,84978,t,2026-06-28 01:35:00.902659,
86660,1,,,84978,t,2026-06-28 01:35:00.917291,
86661,1,,,84978,t,2026-06-28 01:35:00.920841,
86662,1,,,84978,t,2026-06-28 01:35:00.928506,
86663,1,,,84978,t,2026-06-28 01:35:00.933038,
86664,1,,,84979,t,2026-06-28 01:35:00.937682,
86665,1,,,84979,t,2026-06-28 01:35:00.94403,
86666,1,,,84980,t,2026-06-28 01:35:00.94846,
86667,1,,,84980,t,2026-06-28 01:35:00.951827,
86668,1,,,84980,t,2026-06-28 01:35:00.960453,
86669,1,,,84980,t,2026-06-28 01:35:00.964079,
86670,1,,,84980,t,2026-06-28 01:35:00.969765,
86671,1,,,84980,t,2026-06-28 01:35:00.97366,
86672,1,,,84981,t,2026-06-28 01:35:00.981124,
86673,1,,,84981,t,2026-06-28 01:35:00.98568,
86674,1,,,84981,t,2026-06-28 01:35:00.990851,
86675,1,,,84981,t,2026-06-28 01:35:00.995646,
86676,1,,,84981,t,2026-06-28 01:35:00.999441,
86677,1,,,84982,t,2026-06-28 01:35:01.003233,
86678,1,,,84982,t,2026-06-28 01:35:01.006963,
86679,1,,,84982,t,2026-06-28 01:35:01.01236,
86680,1,,,84982,t,2026-06-28 01:35:01.019188,
86681,1,,,84982,t,2026-06-28 01:35:01.027244,
86682,1,,,84982,t,2026-06-28 01:35:01.029955,
86683,1,,,84982,t,2026-06-28 01:35:01.033002,
86684,1,,,84983,t,2026-06-28 01:35:01.035601,
86685,1,,,84983,t,2026-06-28 01:35:01.03837,
86686,1,,,84983,t,2026-06-28 01:35:01.042766,
86687,1,,,84983,t,2026-06-28 01:35:01.047936,
86688,1,,,84983,t,2026-06-28 01:35:01.05621,
86689,1,,,84983,t,2026-06-28 01:35:01.059855,
86690,1,,,84984,t,2026-06-28 01:35:01.062662,
86691,1,,,84984,t,2026-06-28 01:35:01.065862,
86692,1,,,84984,t,2026-06-28 01:35:01.068062,
86693,1,,,84984,t,2026-06-28 01:35:01.070291,
86694,1,,,84984,t,2026-06-28 01:35:01.07955,
86695,1,,,84984,t,2026-06-28 01:35:01.084873,
86696,1,,,84984,t,2026-06-28 01:35:01.088806,
86697,1,,,84985,t,2026-06-28 01:35:01.092764,
86698,1,,,84985,t,2026-06-28 01:35:01.097388,
86699,1,,,84985,t,2026-06-28 01:35:01.100271,
86700,1,,,84986,t,2026-06-28 01:35:01.102922,
86701,1,,,84986,t,2026-06-28 01:35:01.104917,
86702,1,,,84986,t,2026-06-28 01:35:01.107922,
86703,1,,,84987,t,2026-06-28 01:35:01.110898,
86704,1,,,84987,t,2026-06-28 01:35:01.11422,
86705,1,,,84987,t,2026-06-28 01:35:01.116048,
86706,1,,,84987,t,2026-06-28 01:35:01.11859,
86707,1,,,84987,t,2026-06-28 01:35:01.12082,
86708,1,,,84988,t,2026-06-28 01:36:44.296459,
86709,1,,,84988,t,2026-06-28 01:36:44.208573,
86710,1,,,84988,t,2026-06-28 01:36:44.237367,
86711,1,,,84988,t,2026-06-28 01:36:44.208573,
86712,1,,,84988,t,2026-06-28 01:36:44.184026,
86713,1,,,84988,t,2026-06-28 01:36:44.268304,
86714,1,,,84989,t,2026-06-28 01:35:01.137612,
86715,1,,,84989,t,2026-06-28 01:35:01.139497,
86716,1,,,84989,t,2026-06-28 01:35:01.146851,
86717,1,,,84990,t,2026-06-28 01:35:01.150109,
86718,1,,,84990,t,2026-06-28 01:35:01.156883,
86719,1,,,84990,t,2026-06-28 01:35:01.164715,
86720,1,,,84990,t,2026-06-28 01:35:01.169726,
86721,1,,,84990,t,2026-06-28 01:35:01.175162,
86722,1,,,84990,t,2026-06-28 01:35:01.179079,
86723,1,,,84991,t,2026-06-28 01:35:01.18595,
86724,1,,,84991,t,2026-06-28 01:35:01.190266,
86725,1,,,84991,t,2026-06-28 01:35:01.195306,
86726,1,,,84991,t,2026-06-28 01:35:01.199633,
86727,1,,,84992,t,2026-06-28 01:36:44.420995,
86728,1,,,84992,t,2026-06-28 01:36:44.359811,
86729,1,,,84992,t,2026-06-28 01:36:44.39093,
86730,1,,,84992,t,2026-06-28 01:36:44.359811,
86731,1,,,84992,t,2026-06-28 01:36:44.39093,
86732,1,,,84993,t,2026-06-28 01:35:01.218456,
86733,1,,,84993,t,2026-06-28 01:35:01.221194,
86734,1,,,84993,t,2026-06-28 01:35:01.224846,
86735,1,,,84994,t,2026-06-28 01:35:01.687038,
86736,1,,,84994,t,2026-06-28 01:35:01.691752,
86737,1,,,84994,t,2026-06-28 01:35:01.69673,
86738,1,,,84994,t,2026-06-28 01:35:01.69967,
86739,1,,,84994,t,2026-06-28 01:35:01.704271,
86740,1,,,84995,t,2026-06-28 01:35:01.711718,
86741,1,,,84995,t,2026-06-28 01:35:01.714279,
86742,1,,,85845,t,2026-06-28 01:35:01.71723,
86743,1,,,84996,t,2026-06-28 01:35:01.720289,
86744,1,,,84996,t,2026-06-28 01:35:01.731104,
86745,1,,,84996,t,2026-06-28 01:35:01.734295,
86746,1,,,84996,t,2026-06-28 01:35:01.737346,
86747,1,,,84997,t,2026-06-28 01:35:01.741217,
86748,1,,,84997,t,2026-06-28 01:35:01.744795,
86749,1,,,84997,t,2026-06-28 01:35:01.749733,
86750,1,,,84997,t,2026-06-28 01:35:01.754536,
86751,1,,,84997,t,2026-06-28 01:35:01.758204,
86752,1,,,84998,t,2026-06-28 01:36:44.466375,
86753,1,,,84999,t,2026-06-28 01:35:01.763362,
86754,1,,,84999,t,2026-06-28 01:35:01.767047,
86755,1,,,84999,t,2026-06-28 01:35:01.770485,
86756,1,,,84999,t,2026-06-28 01:35:01.772729,
86757,1,,,85000,t,2026-06-28 01:35:01.775833,
86758,1,,,85000,t,2026-06-28 01:35:01.779254,
86759,1,,,85000,t,2026-06-28 01:35:01.783492,
86760,1,,,85000,t,2026-06-28 01:35:01.785655,
86761,1,,,85000,t,2026-06-28 01:35:01.78987,
86762,1,,,85000,t,2026-06-28 01:35:01.794164,
86763,1,,,85001,t,2026-06-28 01:35:01.798615,
86764,1,,,85001,t,2026-06-28 01:35:01.802058,
86765,1,,,85001,t,2026-06-28 01:35:01.804324,
86766,1,,,85001,t,2026-06-28 01:35:01.807148,
86767,1,,,85001,t,2026-06-28 01:35:01.80978,
86768,1,,,85001,t,2026-06-28 01:35:01.813107,
86769,1,,,85001,t,2026-06-28 01:35:01.815163,
86770,1,,,85002,t,2026-06-28 01:35:01.818201,
86771,1,,,85002,t,2026-06-28 01:35:01.82055,
86772,1,,,85002,t,2026-06-28 01:35:01.822882,
86773,1,,,85002,t,2026-06-28 01:35:01.827065,
86774,1,,,85003,t,2026-06-28 01:36:44.66164,
86775,1,,,85003,t,2026-06-28 01:36:44.556938,
86776,1,,,85003,t,2026-06-28 01:36:44.556938,
86777,1,,,85003,t,2026-06-28 01:36:44.599362,
86778,1,,,85003,t,2026-06-28 01:36:44.600157,
86779,1,,,85003,t,2026-06-28 01:36:44.526928,
86780,1,,,85003,t,2026-06-28 01:36:44.639913,
86781,1,,,85004,t,2026-06-28 01:35:01.848073,
86782,1,,,85004,t,2026-06-28 01:35:01.850324,
86783,1,,,85004,t,2026-06-28 01:35:01.852754,
86784,1,,,85004,t,2026-06-28 01:35:01.854313,
86785,1,,,85004,t,2026-06-28 01:35:01.857683,
86786,1,,,85005,t,2026-06-28 01:36:44.763773,
86787,1,,,85005,t,2026-06-28 01:36:44.716658,
86788,1,,,85005,t,2026-06-28 01:36:44.744944,
86789,1,,,85005,t,2026-06-28 01:36:44.744944,
86790,1,,,85005,t,2026-06-28 01:36:44.716658,
86791,1,,,85005,t,2026-06-28 01:36:44.716658,
86792,1,,,85006,t,2026-06-28 01:35:01.882314,
86793,1,,,85006,t,2026-06-28 01:35:01.885689,
86794,1,,,85006,t,2026-06-28 01:35:01.891061,
86795,1,,,85006,t,2026-06-28 01:35:01.89343,
86796,1,,,85006,t,2026-06-28 01:35:01.897213,
86797,1,,,85006,t,2026-06-28 01:35:01.901205,
86798,1,,,85006,t,2026-06-28 01:35:01.903201,
86799,1,,,85006,t,2026-06-28 01:35:01.911561,
86800,1,,,85007,t,2026-06-28 01:35:01.914849,
86801,1,,,85007,t,2026-06-28 01:35:01.920151,
86802,1,,,85007,t,2026-06-28 01:35:01.930671,
86803,1,,,85007,t,2026-06-28 01:35:01.934366,
86804,1,,,85008,t,2026-06-28 01:36:44.878226,
86805,1,,,85008,t,2026-06-28 01:36:44.829464,
86806,1,,,85008,t,2026-06-28 01:36:44.861552,
86807,1,,,85008,t,2026-06-28 01:36:44.802615,
86808,1,,,85009,t,2026-06-28 01:35:01.94819,
86809,1,,,85009,t,2026-06-28 01:35:01.950302,
86810,1,,,85009,t,2026-06-28 01:35:01.951494,
86811,1,,,85009,t,2026-06-28 01:35:01.953315,
86812,1,,,85010,t,2026-06-28 01:35:01.957693,
86813,1,,,85010,t,2026-06-28 01:35:01.960591,
86814,1,,,85010,t,2026-06-28 01:35:01.96366,
86815,1,,,85011,t,2026-06-28 01:35:01.966641,
86816,1,,,85011,t,2026-06-28 01:35:01.969322,
86817,1,,,85011,t,2026-06-28 01:35:01.97102,
86818,1,,,85011,t,2026-06-28 01:35:01.975969,
86819,1,,,85011,t,2026-06-28 01:35:01.977485,
86820,1,,,85012,t,2026-06-28 01:36:45.07314,
86821,1,,,85012,t,2026-06-28 01:36:44.992168,
86822,1,,,85012,t,2026-06-28 01:36:44.992771,
86823,1,,,85012,t,2026-06-28 01:36:44.992771,
86824,1,,,85012,t,2026-06-28 01:36:44.992771,
86825,1,,,85012,t,2026-06-28 01:36:44.992771,
86826,1,,,85012,t,2026-06-28 01:36:45.055335,
86827,1,,,85012,t,2026-06-28 01:36:44.992771,
86828,1,,,85012,t,2026-06-28 01:36:44.992771,
86829,1,,,85012,t,2026-06-28 01:36:44.992771,
86830,1,,,85012,t,2026-06-28 01:36:44.943215,
86831,1,,,85013,t,2026-06-28 01:35:02.011672,
86832,1,,,85013,t,2026-06-28 01:35:02.014037,
86833,1,,,85013,t,2026-06-28 01:35:02.016516,
86834,1,,,85013,t,2026-06-28 01:35:02.019016,
86835,1,,,85014,t,2026-06-28 01:35:02.303241,
86836,1,,,85014,t,2026-06-28 01:35:02.311895,
86837,1,,,85014,t,2026-06-28 01:35:02.314704,
86838,1,,,85014,t,2026-06-28 01:35:02.316562,
86839,1,,,85014,t,2026-06-28 01:35:02.318395,
86840,1,,,85014,t,2026-06-28 01:35:02.320165,
86841,1,,,85015,t,2026-06-28 01:35:02.321815,
86842,1,,,85015,t,2026-06-28 01:35:02.324944,
86843,1,,,85015,t,2026-06-28 01:35:02.329624,
86844,1,,,85015,t,2026-06-28 01:35:02.335692,
86845,1,,,85015,t,2026-06-28 01:35:02.339546,
86846,1,,,85015,t,2026-06-28 01:35:02.343348,
86847,1,,,85015,t,2026-06-28 01:35:02.34737,
86848,1,,,85015,t,2026-06-28 01:35:02.353308,
86849,1,,,85016,t,2026-06-28 01:35:02.357642,
86850,1,,,85016,t,2026-06-28 01:35:02.360628,
86851,1,,,85016,t,2026-06-28 01:35:02.36363,
86852,1,,,85016,t,2026-06-28 01:35:02.366165,
86853,1,,,85016,t,2026-06-28 01:35:02.369541,
86854,1,,,85017,t,2026-06-28 01:35:02.373004,
86855,1,,,85017,t,2026-06-28 01:35:02.376601,
86856,1,,,85017,t,2026-06-28 01:35:02.380276,
86857,1,,,85017,t,2026-06-28 01:35:02.382154,
86858,1,,,85017,t,2026-06-28 01:35:02.384591,
86859,1,,,85017,t,2026-06-28 01:35:02.386381,
86860,1,,,85018,t,2026-06-28 01:35:02.390169,
86861,1,,,85018,t,2026-06-28 01:35:02.394764,
86862,1,,,85018,t,2026-06-28 01:35:02.400268,
86863,1,,,85019,t,2026-06-28 01:36:45.165489,
86864,1,,,85019,t,2026-06-28 01:36:45.117275,
86865,1,,,85019,t,2026-06-28 01:36:45.137172,
86866,1,,,85019,t,2026-06-28 01:36:45.117275,
86867,1,,,85019,t,2026-06-28 01:36:45.137172,
86868,1,,,85020,t,2026-06-28 01:35:02.432367,
86869,1,,,85020,t,2026-06-28 01:35:02.436189,
86870,1,,,85020,t,2026-06-28 01:35:02.444558,
86871,1,,,85020,t,2026-06-28 01:35:02.449078,
86872,1,,,85021,t,2026-06-28 01:35:02.451489,
86873,1,,,85021,t,2026-06-28 01:35:02.453454,
86874,1,,,85021,t,2026-06-28 01:35:02.45616,
86875,1,,,85021,t,2026-06-28 01:35:02.457968,
86876,1,,,85021,t,2026-06-28 01:35:02.46015,
86877,1,,,85023,t,2026-06-28 01:35:02.461837,
86878,1,,,85023,t,2026-06-28 01:35:02.463612,
86879,1,,,85023,t,2026-06-28 01:35:02.465261,
86880,1,,,85023,t,2026-06-28 01:35:02.469908,
86881,1,,,85023,t,2026-06-28 01:35:02.476713,
86882,1,,,85024,t,2026-06-28 01:35:02.481107,
86883,1,,,85024,t,2026-06-28 01:35:02.486363,
86884,1,,,85024,t,2026-06-28 01:35:02.492946,
86885,1,,,85024,t,2026-06-28 01:35:02.496575,
86886,1,,,85024,t,2026-06-28 01:35:02.500046,
86887,1,,,85024,t,2026-06-28 01:35:02.502501,
86888,1,,,85025,t,2026-06-28 01:35:02.510343,
86889,1,,,85026,t,2026-06-28 01:35:02.51316,
86890,1,,,85026,t,2026-06-28 01:35:02.517458,
86891,1,,,85026,t,2026-06-28 01:35:02.520585,
86892,1,,,85026,t,2026-06-28 01:35:02.525828,
86893,1,,,85026,t,2026-06-28 01:35:02.528389,
86894,1,,,85026,t,2026-06-28 01:35:02.530619,
86895,1,,,85027,t,2026-06-28 01:35:02.540631,
86896,1,,,85027,t,2026-06-28 01:35:02.544382,
86897,1,,,85027,t,2026-06-28 01:35:02.547798,
86898,1,,,85027,t,2026-06-28 01:35:02.553102,
86899,1,,,85027,t,2026-06-28 01:35:02.558252,
86900,1,,,85027,t,2026-06-28 01:35:02.560992,
86901,1,,,85028,t,2026-06-28 01:35:02.564067,
86902,1,,,85028,t,2026-06-28 01:35:02.565533,
86903,1,,,85028,t,2026-06-28 01:35:02.567715,
86904,1,,,85028,t,2026-06-28 01:35:02.569066,
86905,1,,,85028,t,2026-06-28 01:35:02.571101,
86906,1,,,85029,t,2026-06-28 01:35:02.578854,
86907,1,,,85029,t,2026-06-28 01:35:02.581783,
86908,1,,,85029,t,2026-06-28 01:35:02.589102,
86909,1,,,85030,t,2026-06-28 01:35:02.591029,
86910,1,,,85030,t,2026-06-28 01:35:02.596077,
86911,1,,,85030,t,2026-06-28 01:35:02.600705,
86912,1,,,85030,t,2026-06-28 01:35:02.602068,
86913,1,,,85030,t,2026-06-28 01:35:02.604281,
86914,1,,,85030,t,2026-06-28 01:35:02.610829,
86915,1,,,85031,t,2026-06-28 01:35:02.613809,
86916,1,,,85031,t,2026-06-28 01:35:02.61579,
86917,1,,,85031,t,2026-06-28 01:35:02.617827,
86918,1,,,85031,t,2026-06-28 01:35:02.619881,
86919,1,,,85031,t,2026-06-28 01:35:02.624534,
86920,1,,,85032,t,2026-06-28 01:35:02.630811,
86921,1,,,85033,t,2026-06-28 01:35:02.637607,
86922,1,,,85033,t,2026-06-28 01:35:02.641094,
86923,1,,,85033,t,2026-06-28 01:35:02.644436,
86924,1,,,85033,t,2026-06-28 01:35:02.647643,
86925,1,,,85033,t,2026-06-28 01:35:02.653717,
86926,1,,,85033,t,2026-06-28 01:35:02.658078,
86927,1,,,85034,t,2026-06-28 01:35:02.662591,
86928,1,,,85034,t,2026-06-28 01:35:02.665495,
86929,1,,,85034,t,2026-06-28 01:35:02.667844,
86930,1,,,85034,t,2026-06-28 01:35:02.677969,
86931,1,,,85034,t,2026-06-28 01:35:02.681803,
86932,1,,,85034,t,2026-06-28 01:35:02.684155,
86933,1,,,85034,t,2026-06-28 01:35:02.686428,
86934,1,,,85035,t,2026-06-28 01:35:02.688778,
86935,1,,,85035,t,2026-06-28 01:35:02.91192,
86936,1,,,85035,t,2026-06-28 01:35:02.914753,
86937,1,,,85846,t,2026-06-28 01:35:02.916516,
86938,1,,,85036,t,2026-06-28 01:35:02.919055,
86939,1,,,85036,t,2026-06-28 01:35:02.925033,
86940,1,,,85037,t,2026-06-28 01:35:02.927643,
86941,1,,,85037,t,2026-06-28 01:35:02.930468,
86942,1,,,85037,t,2026-06-28 01:35:02.933463,
86943,1,,,85037,t,2026-06-28 01:35:02.942497,
86944,1,,,85037,t,2026-06-28 01:35:02.946245,
86945,1,,,85037,t,2026-06-28 01:35:02.95095,
86946,1,,,85037,t,2026-06-28 01:35:02.954162,
86947,1,,,85038,t,2026-06-28 01:35:02.95827,
86948,1,,,85038,t,2026-06-28 01:35:02.960572,
86949,1,,,85038,t,2026-06-28 01:35:02.963438,
86950,1,,,85038,t,2026-06-28 01:35:02.966308,
86951,1,,,85038,t,2026-06-28 01:35:02.97049,
86952,1,,,85038,t,2026-06-28 01:35:02.97389,
86953,1,,,85039,t,2026-06-28 01:35:02.977187,
86954,1,,,85039,t,2026-06-28 01:35:02.980297,
86955,1,,,85039,t,2026-06-28 01:35:02.981567,
86956,1,,,85039,t,2026-06-28 01:35:02.984239,
86957,1,,,85039,t,2026-06-28 01:35:02.986944,
86958,1,,,85039,t,2026-06-28 01:35:02.990288,
86959,1,,,85040,t,2026-06-28 01:35:02.994114,
86960,1,,,85041,t,2026-06-28 01:35:02.997073,
86961,1,,,85041,t,2026-06-28 01:35:02.999617,
86962,1,,,85041,t,2026-06-28 01:35:03.002872,
86963,1,,,85041,t,2026-06-28 01:35:03.006002,
86964,1,,,85041,t,2026-06-28 01:35:03.010134,
86965,1,,,85041,t,2026-06-28 01:35:03.013644,
86966,1,,,85041,t,2026-06-28 01:35:03.018024,
86967,1,,,85041,t,2026-06-28 01:35:03.024916,
86968,1,,,85042,t,2026-06-28 01:35:03.028752,
86969,1,,,85042,t,2026-06-28 01:35:03.031069,
86970,1,,,85042,t,2026-06-28 01:35:03.033557,
86971,1,,,85042,t,2026-06-28 01:35:03.036163,
86972,1,,,85042,t,2026-06-28 01:35:03.043573,
86973,1,,,85042,t,2026-06-28 01:35:03.046215,
86974,1,,,85042,t,2026-06-28 01:35:03.051052,
86975,1,,,85043,t,2026-06-28 01:35:03.054362,
86976,1,,,85043,t,2026-06-28 01:35:03.056504,
86977,1,,,85043,t,2026-06-28 01:35:03.058403,
86978,1,,,85044,t,2026-06-28 01:35:03.060721,
86979,1,,,85044,t,2026-06-28 01:35:03.062601,
86980,1,,,85044,t,2026-06-28 01:35:03.064006,
86981,1,,,10442,t,2026-06-28 01:36:45.264868,
86982,1,,,10442,t,2026-06-28 01:36:45.239345,
86983,1,,,85045,t,2026-06-28 01:35:03.078339,
86984,1,,,85045,t,2026-06-28 01:35:03.081895,
86985,1,,,85045,t,2026-06-28 01:35:03.088144,
86986,1,,,85045,t,2026-06-28 01:35:03.091772,
86987,1,,,85045,t,2026-06-28 01:35:03.094985,
86988,1,,,85046,t,2026-06-28 01:35:03.097211,
86989,1,,,85046,t,2026-06-28 01:35:03.102212,
86990,1,,,85046,t,2026-06-28 01:35:03.107375,
86991,1,,,85046,t,2026-06-28 01:35:03.115103,
86992,1,,,85046,t,2026-06-28 01:35:03.119212,
86993,1,,,85046,t,2026-06-28 01:35:03.121193,
86994,1,,,85046,t,2026-06-28 01:35:03.124153,
86995,1,,,85047,t,2026-06-28 01:35:03.126609,
86996,1,,,85047,t,2026-06-28 01:35:03.128473,
86997,1,,,85048,t,2026-06-28 01:35:03.130517,
86998,1,,,85048,t,2026-06-28 01:35:03.132384,
86999,1,,,85049,t,2026-06-28 01:35:03.133524,
87000,1,,,85049,t,2026-06-28 01:35:03.136096,
87001,1,,,85049,t,2026-06-28 01:35:03.140658,
87002,1,,,85049,t,2026-06-28 01:35:03.143268,
87003,1,,,85049,t,2026-06-28 01:35:03.143268,
87004,1,,,85049,t,2026-06-28 01:35:03.147055,
87005,1,,,85049,t,2026-06-28 01:35:03.148721,
87006,1,,,85050,t,2026-06-28 01:35:03.15058,
87007,1,,,85050,t,2026-06-28 01:35:03.15312,
87008,1,,,85050,t,2026-06-28 01:35:03.155742,
87009,1,,,85050,t,2026-06-28 01:35:03.158222,
87010,1,,,85050,t,2026-06-28 01:35:03.160158,
87011,1,,,85050,t,2026-06-28 01:35:03.162031,
87012,1,,,85051,t,2026-06-28 01:35:03.164427,
87013,1,,,85051,t,2026-06-28 01:35:03.166182,
87014,1,,,85051,t,2026-06-28 01:35:03.168301,
87015,1,,,85051,t,2026-06-28 01:35:03.170373,
87016,1,,,85051,t,2026-06-28 01:35:03.175974,
87017,1,,,85051,t,2026-06-28 01:35:03.178438,
87018,1,,,85052,t,2026-06-28 01:35:03.180929,
87019,1,,,85052,t,2026-06-28 01:35:03.182858,
87020,1,,,85052,t,2026-06-28 01:35:03.184606,
87021,1,,,85052,t,2026-06-28 01:35:03.186211,
87022,1,,,85052,t,2026-06-28 01:35:03.190634,
87023,1,,,85052,t,2026-06-28 01:35:03.193161,
87024,1,,,85053,t,2026-06-28 01:35:03.194985,
87025,1,,,85054,t,2026-06-28 01:35:03.196885,
87026,1,,,85054,t,2026-06-28 01:35:03.19871,
87027,1,,,85054,t,2026-06-28 01:35:03.200924,
87028,1,,,85054,t,2026-06-28 01:35:03.203359,
87029,1,,,85054,t,2026-06-28 01:35:03.208369,
87030,1,,,85055,t,2026-06-28 01:36:45.344842,
87031,1,,,85055,t,2026-06-28 01:36:45.316866,
87032,1,,,85056,t,2026-06-28 01:35:03.215048,
87033,1,,,85056,t,2026-06-28 01:35:03.21669,
87034,1,,,85056,t,2026-06-28 01:35:03.218583,
87035,1,,,85057,t,2026-06-28 01:35:03.489648,
87036,1,,,85057,t,2026-06-28 01:35:03.493216,
87037,1,,,85057,t,2026-06-28 01:35:03.496151,
87038,1,,,85057,t,2026-06-28 01:35:03.50203,
87039,1,,,85057,t,2026-06-28 01:35:03.508287,
87040,1,,,85058,t,2026-06-28 01:35:03.511477,
87041,1,,,85058,t,2026-06-28 01:35:03.513484,
87042,1,,,85058,t,2026-06-28 01:35:03.516697,
87043,1,,,85058,t,2026-06-28 01:35:03.521599,
87044,1,,,85058,t,2026-06-28 01:35:03.526707,
87045,1,,,85059,t,2026-06-28 01:35:03.529632,
87046,1,,,85059,t,2026-06-28 01:35:03.532065,
87047,1,,,85059,t,2026-06-28 01:35:03.535236,
87048,1,,,85059,t,2026-06-28 01:35:03.538425,
87049,1,,,85059,t,2026-06-28 01:35:03.541037,
87050,1,,,85060,t,2026-06-28 01:35:03.543562,
87051,1,,,85060,t,2026-06-28 01:35:03.545977,
87052,1,,,85060,t,2026-06-28 01:35:03.548881,
87053,1,,,85060,t,2026-06-28 01:35:03.551756,
87054,1,,,85060,t,2026-06-28 01:35:03.555586,
87055,1,,,85060,t,2026-06-28 01:35:03.557993,
87056,1,,,85061,t,2026-06-28 01:35:03.5605,
87057,1,,,85061,t,2026-06-28 01:35:03.561774,
87058,1,,,85061,t,2026-06-28 01:35:03.563532,
87059,1,,,85061,t,2026-06-28 01:35:03.565399,
87060,1,,,85061,t,2026-06-28 01:35:03.566925,
87061,1,,,85061,t,2026-06-28 01:35:03.568899,
87062,1,,,85061,t,2026-06-28 01:35:03.570716,
87063,1,,,85061,t,2026-06-28 01:35:03.575754,
87064,1,,,85062,t,2026-06-28 01:35:03.577885,
87065,1,,,85062,t,2026-06-28 01:35:03.579793,
87066,1,,,85062,t,2026-06-28 01:35:03.582136,
87067,1,,,85062,t,2026-06-28 01:35:03.58401,
87068,1,,,85062,t,2026-06-28 01:35:03.585631,
87069,1,,,85063,t,2026-06-28 01:35:03.589108,
87070,1,,,85063,t,2026-06-28 01:35:03.592682,
87071,1,,,85063,t,2026-06-28 01:35:03.594276,
87072,1,,,85063,t,2026-06-28 01:35:03.596309,
87073,1,,,85064,t,2026-06-28 01:35:03.597814,
87074,1,,,85064,t,2026-06-28 01:35:03.599977,
87075,1,,,85064,t,2026-06-28 01:35:03.602304,
87076,1,,,85064,t,2026-06-28 01:35:03.605226,
87077,1,,,85065,t,2026-06-28 01:35:03.607775,
87078,1,,,85065,t,2026-06-28 01:35:03.609985,
87079,1,,,85065,t,2026-06-28 01:35:03.612016,
87080,1,,,85065,t,2026-06-28 01:35:03.613306,
87081,1,,,85066,t,2026-06-28 01:35:03.615228,
87082,1,,,85066,t,2026-06-28 01:35:03.617055,
87083,1,,,85066,t,2026-06-28 01:35:03.619946,
87084,1,,,85066,t,2026-06-28 01:35:03.62236,
87085,1,,,85066,t,2026-06-28 01:35:03.624819,
87086,1,,,85066,t,2026-06-28 01:35:03.626751,
87087,1,,,85066,t,2026-06-28 01:35:03.628664,
87088,1,,,85066,t,2026-06-28 01:35:03.630756,
87089,1,,,85067,t,2026-06-28 01:35:03.632647,
87090,1,,,85067,t,2026-06-28 01:35:03.634461,
87091,1,,,85067,t,2026-06-28 01:35:03.636171,
87092,1,,,85067,t,2026-06-28 01:35:03.640492,
87093,1,,,85067,t,2026-06-28 01:35:03.642605,
87094,1,,,85069,t,2026-06-28 01:35:03.644479,
87095,1,,,85069,t,2026-06-28 01:35:03.64634,
87096,1,,,85069,t,2026-06-28 01:35:03.649571,
87097,1,,,85069,t,2026-06-28 01:35:03.651953,
87098,1,,,85069,t,2026-06-28 01:35:03.655156,
87099,1,,,85069,t,2026-06-28 01:35:03.657793,
87100,1,,,85070,t,2026-06-28 01:35:03.66078,
87101,1,,,85070,t,2026-06-28 01:35:03.66278,
87102,1,,,85070,t,2026-06-28 01:35:03.664731,
87103,1,,,85070,t,2026-06-28 01:35:03.666685,
87104,1,,,85070,t,2026-06-28 01:35:03.669931,
87105,1,,,85070,t,2026-06-28 01:35:03.675793,
87106,1,,,85071,t,2026-06-28 01:35:03.678983,
87107,1,,,85071,t,2026-06-28 01:35:03.683798,
87108,1,,,85071,t,2026-06-28 01:35:03.685924,
87109,1,,,85071,t,2026-06-28 01:35:03.690149,
87110,1,,,85071,t,2026-06-28 01:35:03.692937,
87111,1,,,85071,t,2026-06-28 01:35:03.695454,
87112,1,,,85071,t,2026-06-28 01:35:03.696828,
87113,1,,,85072,t,2026-06-28 01:35:03.699689,
87114,1,,,85072,t,2026-06-28 01:35:03.702577,
87115,1,,,85072,t,2026-06-28 01:35:03.704542,
87116,1,,,85073,t,2026-06-28 01:36:45.446567,
87117,1,,,85073,t,2026-06-28 01:36:45.409644,
87118,1,,,85073,t,2026-06-28 01:36:45.409644,
87119,1,,,85074,t,2026-06-28 01:35:03.711994,
87120,1,,,85074,t,2026-06-28 01:35:03.716652,
87121,1,,,85074,t,2026-06-28 01:35:03.719386,
87122,1,,,85074,t,2026-06-28 01:35:03.727593,
87123,1,,,85075,t,2026-06-28 01:35:03.730151,
87124,1,,,85075,t,2026-06-28 01:35:03.732599,
87125,1,,,85075,t,2026-06-28 01:35:03.733976,
87126,1,,,85075,t,2026-06-28 01:35:03.736207,
87127,1,,,85076,t,2026-06-28 01:35:03.743787,
87128,1,,,85076,t,2026-06-28 01:35:03.746182,
87129,1,,,85076,t,2026-06-28 01:35:03.748607,
87130,1,,,85076,t,2026-06-28 01:35:03.753586,
87131,1,,,85076,t,2026-06-28 01:35:03.755904,
87132,1,,,85076,t,2026-06-28 01:35:03.759235,
87133,1,,,85077,t,2026-06-28 01:36:45.602419,
87134,1,,,85077,t,2026-06-28 01:36:45.579505,
87135,1,,,85077,t,2026-06-28 01:36:45.548404,
87136,1,,,85077,t,2026-06-28 01:36:45.548404,
87137,1,,,85077,t,2026-06-28 01:36:45.548404,
87138,1,,,85077,t,2026-06-28 01:36:45.498207,
87139,1,,,85078,t,2026-06-28 01:35:04.132176,
87140,1,,,85078,t,2026-06-28 01:35:04.133328,
87141,1,,,85078,t,2026-06-28 01:35:04.150224,
87142,1,,,85078,t,2026-06-28 01:35:04.159093,
87143,1,,,85079,t,2026-06-28 01:35:04.162778,
87144,1,,,85079,t,2026-06-28 01:35:04.167252,
87145,1,,,85079,t,2026-06-28 01:35:04.175485,
87146,1,,,85079,t,2026-06-28 01:35:04.179665,
87147,1,,,85080,t,2026-06-28 01:35:04.183166,
87148,1,,,85080,t,2026-06-28 01:35:04.186832,
87149,1,,,85081,t,2026-06-28 01:36:45.708196,
87150,1,,,85081,t,2026-06-28 01:36:45.671644,
87151,1,,,85081,t,2026-06-28 01:36:45.671644,
87152,1,,,85081,t,2026-06-28 01:36:45.671644,
87153,1,,,85082,t,2026-06-28 01:36:45.793583,
87154,1,,,85083,t,2026-06-28 01:36:45.932192,
87155,1,,,85083,t,2026-06-28 01:36:45.844713,
87156,1,,,85083,t,2026-06-28 01:36:45.890798,
87157,1,,,85083,t,2026-06-28 01:36:45.890798,
87158,1,,,85083,t,2026-06-28 01:36:45.890798,
87159,1,,,85083,t,2026-06-28 01:36:45.890798,
87160,1,,,85083,t,2026-06-28 01:36:45.845477,
87161,1,,,85083,t,2026-06-28 01:36:45.845477,
87162,1,,,85084,t,2026-06-28 01:35:04.255609,
87163,1,,,85084,t,2026-06-28 01:35:04.258492,
87164,1,,,85084,t,2026-06-28 01:35:04.262018,
87165,1,,,85084,t,2026-06-28 01:35:04.265659,
87166,1,,,85084,t,2026-06-28 01:35:04.270994,
87167,1,,,85084,t,2026-06-28 01:35:04.277314,
87168,1,,,85084,t,2026-06-28 01:35:04.280061,
87169,1,,,85085,t,2026-06-28 01:35:04.282405,
87170,1,,,85085,t,2026-06-28 01:35:04.284631,
87171,1,,,85085,t,2026-06-28 01:35:04.287582,
87172,1,,,85085,t,2026-06-28 01:35:04.290867,
87173,1,,,85086,t,2026-06-28 01:35:04.29343,
87174,1,,,85087,t,2026-06-28 01:35:04.296214,
87175,1,,,85087,t,2026-06-28 01:35:04.298013,
87176,1,,,85087,t,2026-06-28 01:35:04.299955,
87177,1,,,85087,t,2026-06-28 01:35:04.304544,
87178,1,,,85088,t,2026-06-28 01:36:46.053786,
87179,1,,,85088,t,2026-06-28 01:36:46.018163,
87180,1,,,85088,t,2026-06-28 01:36:46.018163,
87181,1,,,85088,t,2026-06-28 01:36:45.974061,
87182,1,,,85088,t,2026-06-28 01:36:45.974061,
87183,1,,,85089,t,2026-06-28 01:35:04.317955,
87184,1,,,85089,t,2026-06-28 01:35:04.320694,
87185,1,,,85089,t,2026-06-28 01:35:04.324536,
87186,1,,,85089,t,2026-06-28 01:35:04.326461,
87187,1,,,85089,t,2026-06-28 01:35:04.328185,
87188,1,,,85089,t,2026-06-28 01:35:04.330136,
87189,1,,,85090,t,2026-06-28 01:35:04.332113,
87190,1,,,85090,t,2026-06-28 01:35:04.33383,
87191,1,,,85090,t,2026-06-28 01:35:04.3361,
87192,1,,,85090,t,2026-06-28 01:35:04.337985,
87193,1,,,85090,t,2026-06-28 01:35:04.340752,
87194,1,,,85091,t,2026-06-28 01:35:04.343592,
87195,1,,,85091,t,2026-06-28 01:35:04.34632,
87196,1,,,85091,t,2026-06-28 01:35:04.348275,
87197,1,,,85091,t,2026-06-28 01:35:04.350055,
87198,1,,,85092,t,2026-06-28 01:36:46.221389,
87199,1,,,85092,t,2026-06-28 01:36:46.135319,
87200,1,,,85092,t,2026-06-28 01:36:46.17767,
87201,1,,,85092,t,2026-06-28 01:36:46.20247,
87202,1,,,85093,t,2026-06-28 01:35:04.36203,
87203,1,,,85093,t,2026-06-28 01:35:04.364759,
87204,1,,,85093,t,2026-06-28 01:35:04.367182,
87205,1,,,85093,t,2026-06-28 01:35:04.369328,
87206,1,,,85093,t,2026-06-28 01:35:04.374902,
87207,1,,,85093,t,2026-06-28 01:35:04.377426,
87208,1,,,85094,t,2026-06-28 01:36:46.38587,
87209,1,,,85094,t,2026-06-28 01:36:46.310432,
87210,1,,,85094,t,2026-06-28 01:36:46.344385,
87211,1,,,85094,t,2026-06-28 01:36:46.310432,
87212,1,,,85094,t,2026-06-28 01:36:46.310432,
87213,1,,,85094,t,2026-06-28 01:36:46.275314,
87214,1,,,85094,t,2026-06-28 01:36:46.374038,
87215,1,,,85095,t,2026-06-28 01:35:04.407418,
87216,1,,,85095,t,2026-06-28 01:35:04.412632,
87217,1,,,85095,t,2026-06-28 01:35:04.41465,
87218,1,,,85095,t,2026-06-28 01:35:04.417547,
87219,1,,,85095,t,2026-06-28 01:35:04.425248,
87220,1,,,85095,t,2026-06-28 01:35:04.427498,
87221,1,,,85096,t,2026-06-28 01:35:04.432323,
87222,1,,,85096,t,2026-06-28 01:35:04.435585,
87223,1,,,85096,t,2026-06-28 01:35:04.438719,
87224,1,,,85096,t,2026-06-28 01:35:04.446787,
87225,1,,,85096,t,2026-06-28 01:35:04.450048,
87226,1,,,85096,t,2026-06-28 01:35:04.457402,
87227,1,,,85096,t,2026-06-28 01:35:04.460969,
87228,1,,,85096,t,2026-06-28 01:35:04.464068,
87229,1,,,85096,t,2026-06-28 01:35:04.467799,
87230,1,,,85097,t,2026-06-28 01:35:04.470389,
87231,1,,,85097,t,2026-06-28 01:35:04.474093,
87232,1,,,85097,t,2026-06-28 01:35:04.475704,
87233,1,,,85097,t,2026-06-28 01:35:04.47778,
87234,1,,,85097,t,2026-06-28 01:35:04.482734,
87235,1,,,85097,t,2026-06-28 01:35:04.906665,
87236,1,,,85098,t,2026-06-28 01:35:04.909157,
87237,1,,,85098,t,2026-06-28 01:35:04.912033,
87238,1,,,85098,t,2026-06-28 01:35:04.914803,
87239,1,,,85098,t,2026-06-28 01:35:04.916,
87240,1,,,85098,t,2026-06-28 01:35:04.918006,
87241,1,,,85099,t,2026-06-28 01:36:46.431938,
87242,1,,,85099,t,2026-06-28 01:36:46.413338,
87243,1,,,85099,t,2026-06-28 01:36:46.424369,
87244,1,,,85099,t,2026-06-28 01:36:46.403516,
87245,1,,,85100,t,2026-06-28 01:35:04.935912,
87246,1,,,85100,t,2026-06-28 01:35:04.939655,
87247,1,,,85100,t,2026-06-28 01:35:04.94155,
87248,1,,,85100,t,2026-06-28 01:35:04.942867,
87249,1,,,85100,t,2026-06-28 01:35:04.947785,
87250,1,,,85101,t,2026-06-28 01:35:04.949799,
87251,1,,,85101,t,2026-06-28 01:35:04.953992,
87252,1,,,85101,t,2026-06-28 01:35:04.958465,
87253,1,,,85101,t,2026-06-28 01:35:04.961122,
87254,1,,,85101,t,2026-06-28 01:35:04.963149,
87255,1,,,85101,t,2026-06-28 01:35:04.965007,
87256,1,,,85102,t,2026-06-28 01:35:04.966834,
87257,1,,,85102,t,2026-06-28 01:35:04.969185,
87258,1,,,85103,t,2026-06-28 01:36:46.538642,
87259,1,,,85103,t,2026-06-28 01:36:46.49379,
87260,1,,,85103,t,2026-06-28 01:36:46.451724,
87261,1,,,85104,t,2026-06-28 01:36:46.668658,
87262,1,,,85104,t,2026-06-28 01:36:46.639248,
87263,1,,,85104,t,2026-06-28 01:36:46.639248,
87264,1,,,85104,t,2026-06-28 01:36:46.639248,
87265,1,,,85104,t,2026-06-28 01:36:46.591357,
87266,1,,,85105,t,2026-06-28 01:35:05.006274,
87267,1,,,85105,t,2026-06-28 01:35:05.00883,
87268,1,,,85105,t,2026-06-28 01:35:05.011342,
87269,1,,,85105,t,2026-06-28 01:35:05.013954,
87270,1,,,85105,t,2026-06-28 01:35:05.018456,
87271,1,,,85105,t,2026-06-28 01:35:05.022469,
87272,1,,,85106,t,2026-06-28 01:35:05.026527,
87273,1,,,85106,t,2026-06-28 01:35:05.029131,
87274,1,,,85106,t,2026-06-28 01:35:05.031137,
87275,1,,,10508,t,2026-06-28 01:36:46.793438,
87276,1,,,10508,t,2026-06-28 01:36:46.771134,
87277,1,,,10508,t,2026-06-28 01:36:46.720514,
87278,1,,,10508,t,2026-06-28 01:36:46.772148,
87279,1,,,10508,t,2026-06-28 01:36:46.720514,
87280,1,,,85107,t,2026-06-28 01:35:05.056325,
87281,1,,,85108,t,2026-06-28 01:35:05.060011,
87282,1,,,85108,t,2026-06-28 01:35:05.062095,
87283,1,,,85108,t,2026-06-28 01:35:05.06565,
87284,1,,,85108,t,2026-06-28 01:35:05.069488,
87285,1,,,10511,t,2026-06-28 01:35:05.072034,
87286,1,,,10511,t,2026-06-28 01:35:05.074656,
87287,1,,,10511,t,2026-06-28 01:35:05.076633,
87288,1,,,85109,t,2026-06-28 01:35:05.079606,
87289,1,,,85109,t,2026-06-28 01:35:05.082288,
87290,1,,,85109,t,2026-06-28 01:35:05.084207,
87291,1,,,85849,t,2026-06-28 01:35:05.086577,
87292,1,,,85110,t,2026-06-28 01:35:05.088529,
87293,1,,,85110,t,2026-06-28 01:35:05.091226,
87294,1,,,85110,t,2026-06-28 01:35:05.093126,
87295,1,,,85110,t,2026-06-28 01:35:05.097945,
87296,1,,,85110,t,2026-06-28 01:35:05.103309,
87297,1,,,85110,t,2026-06-28 01:35:05.108313,
87298,1,,,85111,t,2026-06-28 01:36:46.922893,
87299,1,,,85111,t,2026-06-28 01:36:46.886439,
87300,1,,,85111,t,2026-06-28 01:36:46.887046,
87301,1,,,85111,t,2026-06-28 01:36:46.887046,
87302,1,,,85111,t,2026-06-28 01:36:46.887046,
87303,1,,,85111,t,2026-06-28 01:36:46.84301,
87304,1,,,85111,t,2026-06-28 01:36:46.887046,
87305,1,,,85111,t,2026-06-28 01:36:46.887046,
87306,1,,,85112,t,2026-06-28 01:35:05.143999,
87307,1,,,85112,t,2026-06-28 01:35:05.145771,
87308,1,,,85112,t,2026-06-28 01:35:05.147595,
87309,1,,,85112,t,2026-06-28 01:35:05.149449,
87310,1,,,85112,t,2026-06-28 01:35:05.154703,
87311,1,,,85112,t,2026-06-28 01:35:05.156724,
87312,1,,,85112,t,2026-06-28 01:35:05.158551,
87313,1,,,85113,t,2026-06-28 01:35:05.160402,
87314,1,,,85113,t,2026-06-28 01:35:05.16306,
87315,1,,,85113,t,2026-06-28 01:35:05.164899,
87316,1,,,85113,t,2026-06-28 01:35:05.167355,
87317,1,,,85113,t,2026-06-28 01:35:05.170801,
87318,1,,,85113,t,2026-06-28 01:35:05.173687,
87319,1,,,85114,t,2026-06-28 01:36:47.061995,
87320,1,,,85114,t,2026-06-28 01:36:47.032655,
87321,1,,,85114,t,2026-06-28 01:36:46.990609,
87322,1,,,85114,t,2026-06-28 01:36:46.990609,
87323,1,,,85114,t,2026-06-28 01:36:47.032655,
87324,1,,,85114,t,2026-06-28 01:36:46.991261,
87325,1,,,85115,t,2026-06-28 01:35:05.190403,
87326,1,,,85115,t,2026-06-28 01:35:05.192253,
87327,1,,,85115,t,2026-06-28 01:35:05.194349,
87328,1,,,85115,t,2026-06-28 01:35:05.196274,
87329,1,,,85115,t,2026-06-28 01:35:05.198141,
87330,1,,,85115,t,2026-06-28 01:35:05.199951,
87331,1,,,85116,t,2026-06-28 01:35:05.202951,
87332,1,,,85116,t,2026-06-28 01:35:05.205517,
87333,1,,,85116,t,2026-06-28 01:35:05.207419,
87334,1,,,85116,t,2026-06-28 01:35:05.209437,
87335,1,,,85117,t,2026-06-28 01:35:05.585653,
87336,1,,,85117,t,2026-06-28 01:35:05.592323,
87337,1,,,85117,t,2026-06-28 01:35:05.596173,
87338,1,,,85117,t,2026-06-28 01:35:05.600054,
87339,1,,,85117,t,2026-06-28 01:35:05.604768,
87340,1,,,85117,t,2026-06-28 01:35:05.607625,
87341,1,,,85117,t,2026-06-28 01:35:05.612147,
87342,1,,,85117,t,2026-06-28 01:35:05.616554,
87343,1,,,85117,t,2026-06-28 01:35:05.622912,
87344,1,,,85118,t,2026-06-28 01:35:05.626142,
87345,1,,,85118,t,2026-06-28 01:35:05.630567,
87346,1,,,85118,t,2026-06-28 01:35:05.635221,
87347,1,,,85119,t,2026-06-28 01:35:05.638286,
87348,1,,,85119,t,2026-06-28 01:35:05.642317,
87349,1,,,85119,t,2026-06-28 01:35:05.646514,
87350,1,,,85120,t,2026-06-28 01:35:05.651143,
87351,1,,,85121,t,2026-06-28 01:35:05.65425,
87352,1,,,85121,t,2026-06-28 01:35:05.657524,
87353,1,,,85121,t,2026-06-28 01:35:05.660712,
87354,1,,,85121,t,2026-06-28 01:35:05.663967,
87355,1,,,85121,t,2026-06-28 01:35:05.666962,
87356,1,,,85121,t,2026-06-28 01:35:05.67248,
87357,1,,,85121,t,2026-06-28 01:35:05.676148,
87358,1,,,85121,t,2026-06-28 01:35:05.680141,
87359,1,,,85121,t,2026-06-28 01:35:05.683971,
87360,1,,,85121,t,2026-06-28 01:35:05.687277,
87361,1,,,85122,t,2026-06-28 01:36:47.221333,
87362,1,,,85122,t,2026-06-28 01:36:47.139579,
87363,1,,,85122,t,2026-06-28 01:36:47.166725,
87364,1,,,85122,t,2026-06-28 01:36:47.11182,
87365,1,,,85122,t,2026-06-28 01:36:47.196959,
87366,1,,,85123,t,2026-06-28 01:36:47.37466,
87367,1,,,85123,t,2026-06-28 01:36:47.313409,
87368,1,,,85123,t,2026-06-28 01:36:47.313409,
87369,1,,,85123,t,2026-06-28 01:36:47.314028,
87370,1,,,85123,t,2026-06-28 01:36:47.277471,
87371,1,,,85124,t,2026-06-28 01:35:05.727881,
87372,1,,,85124,t,2026-06-28 01:35:05.730704,
87373,1,,,85124,t,2026-06-28 01:35:05.73844,
87374,1,,,85124,t,2026-06-28 01:35:05.742516,
87375,1,,,85124,t,2026-06-28 01:35:05.746179,
87376,1,,,85125,t,2026-06-28 01:35:05.74982,
87377,1,,,85125,t,2026-06-28 01:35:05.754253,
87378,1,,,85125,t,2026-06-28 01:35:05.759337,
87379,1,,,85125,t,2026-06-28 01:35:05.762655,
87380,1,,,85125,t,2026-06-28 01:35:05.765984,
87381,1,,,85125,t,2026-06-28 01:35:05.772326,
87382,1,,,85125,t,2026-06-28 01:35:05.775671,
87383,1,,,85126,t,2026-06-28 01:35:05.778591,
87384,1,,,85126,t,2026-06-28 01:35:05.781872,
87385,1,,,85126,t,2026-06-28 01:35:05.785963,
87386,1,,,85126,t,2026-06-28 01:35:05.789601,
87387,1,,,85126,t,2026-06-28 01:35:05.792543,
87388,1,,,85126,t,2026-06-28 01:35:05.79591,
87389,1,,,85126,t,2026-06-28 01:35:05.798496,
87390,1,,,85126,t,2026-06-28 01:35:05.803091,
87391,1,,,85127,t,2026-06-28 01:35:05.806491,
87392,1,,,85128,t,2026-06-28 01:35:05.809312,
87393,1,,,85128,t,2026-06-28 01:35:05.811875,
87394,1,,,85128,t,2026-06-28 01:35:05.815906,
87395,1,,,85128,t,2026-06-28 01:35:05.821187,
87396,1,,,85129,t,2026-06-28 01:35:05.82494,
87397,1,,,85129,t,2026-06-28 01:35:05.828354,
87398,1,,,85129,t,2026-06-28 01:35:05.831645,
87399,1,,,85129,t,2026-06-28 01:35:05.835366,
87400,1,,,85129,t,2026-06-28 01:35:05.839944,
87401,1,,,85129,t,2026-06-28 01:35:05.842907,
87402,1,,,85129,t,2026-06-28 01:35:05.846505,
87403,1,,,85129,t,2026-06-28 01:35:05.853329,
87404,1,,,85130,t,2026-06-28 01:35:05.856265,
87405,1,,,85130,t,2026-06-28 01:35:05.859785,
87406,1,,,85130,t,2026-06-28 01:35:05.862943,
87407,1,,,85130,t,2026-06-28 01:35:05.866772,
87408,1,,,85132,t,2026-06-28 01:35:05.870727,
87409,1,,,85132,t,2026-06-28 01:35:05.874093,
87410,1,,,85132,t,2026-06-28 01:35:05.877887,
87411,1,,,85132,t,2026-06-28 01:35:05.881497,
87412,1,,,85132,t,2026-06-28 01:35:05.885319,
87413,1,,,85133,t,2026-06-28 01:35:05.888576,
87414,1,,,85133,t,2026-06-28 01:35:05.891825,
87415,1,,,85133,t,2026-06-28 01:35:05.895803,
87416,1,,,85133,t,2026-06-28 01:35:05.899668,
87417,1,,,85133,t,2026-06-28 01:35:05.903091,
87418,1,,,85133,t,2026-06-28 01:35:05.907044,
87419,1,,,85133,t,2026-06-28 01:35:05.910739,
87420,1,,,85134,t,2026-06-28 01:35:05.914551,
87421,1,,,85134,t,2026-06-28 01:35:05.919535,
87422,1,,,85134,t,2026-06-28 01:35:05.923029,
87423,1,,,85134,t,2026-06-28 01:35:05.926255,
87424,1,,,85134,t,2026-06-28 01:35:05.929619,
87425,1,,,85134,t,2026-06-28 01:35:05.932626,
87426,1,,,85135,t,2026-06-28 01:35:05.936513,
87427,1,,,85135,t,2026-06-28 01:35:05.939563,
87428,1,,,85135,t,2026-06-28 01:35:05.942832,
87429,1,,,85135,t,2026-06-28 01:35:05.945685,
87430,1,,,85135,t,2026-06-28 01:35:05.948186,
87431,1,,,85136,t,2026-06-28 01:35:05.951209,
87432,1,,,85136,t,2026-06-28 01:35:05.955423,
87433,1,,,85136,t,2026-06-28 01:35:05.957079,
87434,1,,,85136,t,2026-06-28 01:35:05.959423,
87435,1,,,85136,t,2026-06-28 01:35:06.879969,
87436,1,,,85137,t,2026-06-28 01:35:06.884343,
87437,1,,,85137,t,2026-06-28 01:35:06.886617,
87438,1,,,85137,t,2026-06-28 01:35:06.889563,
87439,1,,,85137,t,2026-06-28 01:35:06.893092,
87440,1,,,85137,t,2026-06-28 01:35:06.896027,
87441,1,,,85137,t,2026-06-28 01:35:06.900435,
87442,1,,,85137,t,2026-06-28 01:35:06.90523,
87443,1,,,85137,t,2026-06-28 01:35:06.909394,
87444,1,,,85137,t,2026-06-28 01:35:06.91277,
87445,1,,,85138,t,2026-06-28 01:35:06.917453,
87446,1,,,85138,t,2026-06-28 01:35:06.922948,
87447,1,,,85138,t,2026-06-28 01:35:06.928892,
87448,1,,,85138,t,2026-06-28 01:35:06.932769,
87449,1,,,85138,t,2026-06-28 01:35:06.937196,
87450,1,,,85139,t,2026-06-28 01:35:06.941058,
87451,1,,,85139,t,2026-06-28 01:35:06.945507,
87452,1,,,85140,t,2026-06-28 01:35:06.948501,
87453,1,,,85140,t,2026-06-28 01:35:06.951731,
87454,1,,,85140,t,2026-06-28 01:35:06.954698,
87455,1,,,85140,t,2026-06-28 01:35:06.957697,
87456,1,,,85140,t,2026-06-28 01:35:06.962086,
87457,1,,,85140,t,2026-06-28 01:35:06.964857,
87458,1,,,85141,t,2026-06-28 01:35:06.969965,
87459,1,,,85141,t,2026-06-28 01:35:06.973128,
87460,1,,,85141,t,2026-06-28 01:35:06.975656,
87461,1,,,85141,t,2026-06-28 01:35:06.979211,
87462,1,,,85142,t,2026-06-28 01:35:06.981874,
87463,1,,,85142,t,2026-06-28 01:35:06.985459,
87464,1,,,85142,t,2026-06-28 01:35:06.988253,
87465,1,,,85142,t,2026-06-28 01:35:06.990009,
87466,1,,,85142,t,2026-06-28 01:35:06.99282,
87467,1,,,85143,t,2026-06-28 01:35:06.994886,
87468,1,,,85143,t,2026-06-28 01:35:06.996852,
87469,1,,,85143,t,2026-06-28 01:35:07.002613,
87470,1,,,85143,t,2026-06-28 01:35:07.008548,
87471,1,,,85144,t,2026-06-28 01:35:07.011038,
87472,1,,,85144,t,2026-06-28 01:35:07.013612,
87473,1,,,85144,t,2026-06-28 01:35:07.018988,
87474,1,,,85144,t,2026-06-28 01:35:07.022295,
87475,1,,,85144,t,2026-06-28 01:35:07.024734,
87476,1,,,85145,t,2026-06-28 01:35:07.027371,
87477,1,,,85145,t,2026-06-28 01:35:07.03031,
87478,1,,,85145,t,2026-06-28 01:35:07.033927,
87479,1,,,85145,t,2026-06-28 01:35:07.036284,
87480,1,,,85145,t,2026-06-28 01:35:07.038864,
87481,1,,,85145,t,2026-06-28 01:35:07.041868,
87482,1,,,85146,t,2026-06-28 01:35:07.044206,
87483,1,,,85146,t,2026-06-28 01:35:07.046278,
87484,1,,,85146,t,2026-06-28 01:35:07.048864,
87485,1,,,85147,t,2026-06-28 01:35:07.052306,
87486,1,,,85147,t,2026-06-28 01:35:07.055387,
87487,1,,,85147,t,2026-06-28 01:35:07.057309,
87488,1,,,85147,t,2026-06-28 01:35:07.059655,
87489,1,,,85148,t,2026-06-28 01:35:07.062786,
87490,1,,,85148,t,2026-06-28 01:35:07.068081,
87491,1,,,85148,t,2026-06-28 01:35:07.070853,
87492,1,,,85148,t,2026-06-28 01:35:07.074527,
87493,1,,,85148,t,2026-06-28 01:35:07.080174,
87494,1,,,85148,t,2026-06-28 01:35:07.090368,
87495,1,,,85148,t,2026-06-28 01:35:07.093789,
87496,1,,,85148,t,2026-06-28 01:35:07.096332,
87497,1,,,85149,t,2026-06-28 01:35:07.10054,
87498,1,,,85149,t,2026-06-28 01:35:07.103879,
87499,1,,,85149,t,2026-06-28 01:35:07.107234,
87500,1,,,85149,t,2026-06-28 01:35:07.109523,
87501,1,,,85149,t,2026-06-28 01:35:07.113677,
87502,1,,,85149,t,2026-06-28 01:35:07.119104,
87503,1,,,85149,t,2026-06-28 01:35:07.122187,
87504,1,,,85150,t,2026-06-28 01:35:07.128052,
87505,1,,,85150,t,2026-06-28 01:35:07.130589,
87506,1,,,85150,t,2026-06-28 01:35:07.137079,
87507,1,,,85150,t,2026-06-28 01:35:07.140317,
87508,1,,,85150,t,2026-06-28 01:35:07.143034,
87509,1,,,85150,t,2026-06-28 01:35:07.14528,
87510,1,,,85151,t,2026-06-28 01:36:47.501765,
87511,1,,,85151,t,2026-06-28 01:36:47.47416,
87512,1,,,85151,t,2026-06-28 01:36:47.433738,
87513,1,,,85151,t,2026-06-28 01:36:47.433738,
87514,1,,,85152,t,2026-06-28 01:35:07.162594,
87515,1,,,85152,t,2026-06-28 01:35:07.171862,
87516,1,,,85152,t,2026-06-28 01:35:07.173886,
87517,1,,,85152,t,2026-06-28 01:35:07.176083,
87518,1,,,85152,t,2026-06-28 01:35:07.179006,
87519,1,,,85153,t,2026-06-28 01:35:07.182372,
87520,1,,,85153,t,2026-06-28 01:35:07.185523,
87521,1,,,85153,t,2026-06-28 01:35:07.188108,
87522,1,,,85153,t,2026-06-28 01:35:07.190882,
87523,1,,,85153,t,2026-06-28 01:35:07.193412,
87524,1,,,85153,t,2026-06-28 01:35:07.195682,
87525,1,,,85153,t,2026-06-28 01:35:07.197912,
87526,1,,,85154,t,2026-06-28 01:35:07.200918,
87527,1,,,85154,t,2026-06-28 01:35:07.203515,
87528,1,,,85154,t,2026-06-28 01:35:07.206134,
87529,1,,,85154,t,2026-06-28 01:35:07.20799,
87530,1,,,85154,t,2026-06-28 01:35:07.210361,
87531,1,,,85154,t,2026-06-28 01:35:07.212428,
87532,1,,,85154,t,2026-06-28 01:35:07.215604,
87533,1,,,85155,t,2026-06-28 01:36:47.699213,
87534,1,,,85155,t,2026-06-28 01:36:47.604444,
87535,1,,,85155,t,2026-06-28 01:36:47.6052,
87536,1,,,85155,t,2026-06-28 01:36:47.6632,
87537,1,,,85155,t,2026-06-28 01:36:47.6052,
87538,1,,,85155,t,2026-06-28 01:36:47.664608,
87539,1,,,85155,t,2026-06-28 01:36:47.664608,
87540,1,,,85155,t,2026-06-28 01:36:47.553217,
87541,1,,,85156,t,2026-06-28 01:35:07.72113,
87542,1,,,85156,t,2026-06-28 01:35:07.723869,
87543,1,,,85156,t,2026-06-28 01:35:07.727548,
87544,1,,,85156,t,2026-06-28 01:35:07.735496,
87545,1,,,85156,t,2026-06-28 01:35:07.739276,
87546,1,,,85156,t,2026-06-28 01:35:07.74181,
87547,1,,,85156,t,2026-06-28 01:35:07.744039,
87548,1,,,85156,t,2026-06-28 01:35:07.74636,
87549,1,,,85156,t,2026-06-28 01:35:07.748117,
87550,1,,,85157,t,2026-06-28 01:35:07.750217,
87551,1,,,85157,t,2026-06-28 01:35:07.752432,
87552,1,,,85157,t,2026-06-28 01:35:07.754529,
87553,1,,,85157,t,2026-06-28 01:35:07.757168,
87554,1,,,85157,t,2026-06-28 01:35:07.759078,
87555,1,,,85157,t,2026-06-28 01:35:07.761063,
87556,1,,,85157,t,2026-06-28 01:35:07.763467,
87557,1,,,85157,t,2026-06-28 01:35:07.765972,
87558,1,,,85157,t,2026-06-28 01:35:07.767827,
87559,1,,,85158,t,2026-06-28 01:35:07.769694,
87560,1,,,85158,t,2026-06-28 01:35:07.77106,
87561,1,,,85158,t,2026-06-28 01:35:07.773349,
87562,1,,,85158,t,2026-06-28 01:35:07.775312,
87563,1,,,85158,t,2026-06-28 01:35:07.777169,
87564,1,,,85158,t,2026-06-28 01:35:07.779442,
87565,1,,,85158,t,2026-06-28 01:35:07.782076,
87566,1,,,85159,t,2026-06-28 01:35:07.784271,
87567,1,,,85160,t,2026-06-28 01:35:07.788653,
87568,1,,,85160,t,2026-06-28 01:35:07.792655,
87569,1,,,85160,t,2026-06-28 01:35:07.795816,
87570,1,,,85160,t,2026-06-28 01:35:07.802257,
87571,1,,,85160,t,2026-06-28 01:35:07.806014,
87572,1,,,85161,t,2026-06-28 01:36:47.835676,
87573,1,,,85161,t,2026-06-28 01:36:47.749505,
87574,1,,,85161,t,2026-06-28 01:36:47.795831,
87575,1,,,85161,t,2026-06-28 01:36:47.795831,
87576,1,,,85161,t,2026-06-28 01:36:47.749505,
87577,1,,,85161,t,2026-06-28 01:36:47.795831,
87578,1,,,85162,t,2026-06-28 01:35:07.840826,
87579,1,,,85162,t,2026-06-28 01:35:07.852165,
87580,1,,,85162,t,2026-06-28 01:35:07.856183,
87581,1,,,85162,t,2026-06-28 01:35:07.86029,
87582,1,,,85162,t,2026-06-28 01:35:07.865225,
87583,1,,,85162,t,2026-06-28 01:35:07.869463,
87584,1,,,85162,t,2026-06-28 01:35:07.873362,
87585,1,,,85163,t,2026-06-28 01:35:07.876081,
87586,1,,,85163,t,2026-06-28 01:35:07.879969,
87587,1,,,85163,t,2026-06-28 01:35:07.88622,
87588,1,,,85163,t,2026-06-28 01:35:07.890286,
87589,1,,,85163,t,2026-06-28 01:35:07.89307,
87590,1,,,85163,t,2026-06-28 01:35:07.898848,
87591,1,,,85163,t,2026-06-28 01:35:07.902405,
87592,1,,,85163,t,2026-06-28 01:35:07.905928,
87593,1,,,85164,t,2026-06-28 01:36:47.917499,
87594,1,,,85164,t,2026-06-28 01:36:47.895002,
87595,1,,,85165,t,2026-06-28 01:35:07.915513,
87596,1,,,85165,t,2026-06-28 01:35:07.918684,
87597,1,,,85165,t,2026-06-28 01:35:07.920954,
87598,1,,,85166,t,2026-06-28 01:35:07.924375,
87599,1,,,85166,t,2026-06-28 01:35:07.927282,
87600,1,,,85166,t,2026-06-28 01:35:07.929768,
87601,1,,,85166,t,2026-06-28 01:35:07.933323,
87602,1,,,85166,t,2026-06-28 01:35:07.93591,
87603,1,,,85167,t,2026-06-28 01:35:07.939676,
87604,1,,,85167,t,2026-06-28 01:35:07.942592,
87605,1,,,85167,t,2026-06-28 01:35:07.945664,
87606,1,,,85167,t,2026-06-28 01:35:07.953484,
87607,1,,,85167,t,2026-06-28 01:35:07.956017,
87608,1,,,85168,t,2026-06-28 01:35:07.959609,
87609,1,,,85168,t,2026-06-28 01:35:07.962549,
87610,1,,,85168,t,2026-06-28 01:35:07.966967,
87611,1,,,85168,t,2026-06-28 01:35:07.969902,
87612,1,,,85168,t,2026-06-28 01:35:07.972137,
87613,1,,,85168,t,2026-06-28 01:35:07.974635,
87614,1,,,85169,t,2026-06-28 01:35:07.982047,
87615,1,,,85169,t,2026-06-28 01:35:07.989221,
87616,1,,,85169,t,2026-06-28 01:35:07.992493,
87617,1,,,85169,t,2026-06-28 01:35:07.994465,
87618,1,,,85170,t,2026-06-28 01:35:07.998293,
87619,1,,,85170,t,2026-06-28 01:35:08.001024,
87620,1,,,85171,t,2026-06-28 01:35:08.004541,
87621,1,,,85171,t,2026-06-28 01:35:08.006562,
87622,1,,,85171,t,2026-06-28 01:35:08.01479,
87623,1,,,85171,t,2026-06-28 01:35:08.019318,
87624,1,,,85172,t,2026-06-28 01:35:08.025777,
87625,1,,,85172,t,2026-06-28 01:35:08.034994,
87626,1,,,85172,t,2026-06-28 01:35:08.038903,
87627,1,,,85172,t,2026-06-28 01:35:08.042321,
87628,1,,,85172,t,2026-06-28 01:35:08.047749,
87629,1,,,85172,t,2026-06-28 01:35:08.050595,
87630,1,,,85172,t,2026-06-28 01:35:08.05183,
87631,1,,,85172,t,2026-06-28 01:35:08.055105,
87632,1,,,85172,t,2026-06-28 01:35:08.062228,
87633,1,,,85172,t,2026-06-28 01:35:08.066558,
87634,1,,,85172,t,2026-06-28 01:35:08.069492,
87635,1,,,85173,t,2026-06-28 01:36:48.076902,
87636,1,,,85173,t,2026-06-28 01:36:47.980548,
87637,1,,,85173,t,2026-06-28 01:36:48.038545,
87638,1,,,85173,t,2026-06-28 01:36:48.038545,
87639,1,,,85174,t,2026-06-28 01:36:48.239783,
87640,1,,,85174,t,2026-06-28 01:36:48.207004,
87641,1,,,85174,t,2026-06-28 01:36:48.158909,
87642,1,,,85174,t,2026-06-28 01:36:48.158909,
87643,1,,,85174,t,2026-06-28 01:36:48.159527,
87644,1,,,85175,t,2026-06-28 01:35:08.521557,
87645,1,,,85175,t,2026-06-28 01:35:08.523312,
87646,1,,,85175,t,2026-06-28 01:35:08.52523,
87647,1,,,85175,t,2026-06-28 01:35:08.528501,
87648,1,,,85175,t,2026-06-28 01:35:08.532822,
87649,1,,,85175,t,2026-06-28 01:35:08.535627,
87650,1,,,85175,t,2026-06-28 01:35:08.537347,
87651,1,,,85175,t,2026-06-28 01:35:08.539462,
87652,1,,,85175,t,2026-06-28 01:35:08.541505,
87653,1,,,85175,t,2026-06-28 01:35:08.54401,
87654,1,,,85175,t,2026-06-28 01:35:08.548781,
87655,1,,,85859,t,2026-06-28 01:35:08.551241,
87656,1,,,85859,t,2026-06-28 01:35:08.552932,
87657,1,,,85176,t,2026-06-28 01:35:08.554277,
87658,1,,,85176,t,2026-06-28 01:35:08.558111,
87659,1,,,85176,t,2026-06-28 01:35:08.559852,
87660,1,,,85177,t,2026-06-28 01:35:08.561961,
87661,1,,,85177,t,2026-06-28 01:35:08.565167,
87662,1,,,85177,t,2026-06-28 01:35:08.567325,
87663,1,,,85177,t,2026-06-28 01:35:08.568626,
87664,1,,,85177,t,2026-06-28 01:35:08.570778,
87665,1,,,85178,t,2026-06-28 01:35:08.572488,
87666,1,,,85178,t,2026-06-28 01:35:08.574381,
87667,1,,,85178,t,2026-06-28 01:35:08.575655,
87668,1,,,85178,t,2026-06-28 01:35:08.576911,
87669,1,,,85178,t,2026-06-28 01:35:08.581525,
87670,1,,,85178,t,2026-06-28 01:35:08.583795,
87671,1,,,85179,t,2026-06-28 01:36:48.305364,
87672,1,,,85180,t,2026-06-28 01:35:08.587944,
87673,1,,,85180,t,2026-06-28 01:35:08.589754,
87674,1,,,85180,t,2026-06-28 01:35:08.591518,
87675,1,,,85180,t,2026-06-28 01:35:08.593462,
87676,1,,,85181,t,2026-06-28 01:35:08.595662,
87677,1,,,85181,t,2026-06-28 01:35:08.59768,
87678,1,,,85181,t,2026-06-28 01:35:08.600848,
87679,1,,,85182,t,2026-06-28 01:35:08.602702,
87680,1,,,85183,t,2026-06-28 01:37:11.829137,
87681,1,,,85183,t,2026-06-28 01:37:11.734551,
87682,1,,,85183,t,2026-06-28 01:37:11.767449,
87683,1,,,85184,t,2026-06-28 01:35:08.61054,
87684,1,,,85184,t,2026-06-28 01:35:08.615738,
87685,1,,,85184,t,2026-06-28 01:35:08.61885,
87686,1,,,85184,t,2026-06-28 01:35:08.621202,
87687,1,,,85184,t,2026-06-28 01:35:08.623552,
87688,1,,,85184,t,2026-06-28 01:35:08.625718,
87689,1,,,85184,t,2026-06-28 01:35:08.627636,
87690,1,,,85185,t,2026-06-28 01:35:08.631212,
87691,1,,,85185,t,2026-06-28 01:35:08.635101,
87692,1,,,85185,t,2026-06-28 01:35:08.637469,
87693,1,,,85185,t,2026-06-28 01:35:08.639302,
87694,1,,,85185,t,2026-06-28 01:35:08.64178,
87695,1,,,85185,t,2026-06-28 01:35:08.644414,
87696,1,,,85185,t,2026-06-28 01:35:08.650088,
87697,1,,,85186,t,2026-06-28 01:35:08.652787,
87698,1,,,85186,t,2026-06-28 01:35:08.65476,
87699,1,,,85186,t,2026-06-28 01:35:08.65679,
87700,1,,,85186,t,2026-06-28 01:35:08.658832,
87701,1,,,85186,t,2026-06-28 01:35:08.660126,
87702,1,,,85187,t,2026-06-28 01:35:08.661943,
87703,1,,,85187,t,2026-06-28 01:35:08.665888,
87704,1,,,85187,t,2026-06-28 01:35:08.67051,
87705,1,,,85187,t,2026-06-28 01:35:08.673056,
87706,1,,,85187,t,2026-06-28 01:35:08.676725,
87707,1,,,85187,t,2026-06-28 01:35:08.6897,
87708,1,,,85187,t,2026-06-28 01:35:08.692425,
87709,1,,,85187,t,2026-06-28 01:35:08.699094,
87710,1,,,85187,t,2026-06-28 01:35:08.701921,
87711,1,,,85188,t,2026-06-28 01:35:08.705033,
87712,1,,,85188,t,2026-06-28 01:35:08.70747,
87713,1,,,85188,t,2026-06-28 01:35:08.710113,
87714,1,,,85188,t,2026-06-28 01:35:08.713546,
87715,1,,,85188,t,2026-06-28 01:35:08.716431,
87716,1,,,85188,t,2026-06-28 01:35:08.719032,
87717,1,,,85189,t,2026-06-28 01:35:08.721131,
87718,1,,,85189,t,2026-06-28 01:35:08.72312,
87719,1,,,85190,t,2026-06-28 01:35:08.724789,
87720,1,,,85190,t,2026-06-28 01:35:08.726776,
87721,1,,,85190,t,2026-06-28 01:35:08.733444,
87722,1,,,85190,t,2026-06-28 01:35:08.73823,
87723,1,,,85190,t,2026-06-28 01:35:08.744691,
87724,1,,,85190,t,2026-06-28 01:35:08.75341,
87725,1,,,85191,t,2026-06-28 01:36:48.462582,
87726,1,,,85191,t,2026-06-28 01:36:48.382641,
87727,1,,,85191,t,2026-06-28 01:36:48.432009,
87728,1,,,85191,t,2026-06-28 01:36:48.383172,
87729,1,,,85191,t,2026-06-28 01:36:48.383172,
87730,1,,,85192,t,2026-06-28 01:35:08.773299,
87731,1,,,85192,t,2026-06-28 01:35:08.777632,
87732,1,,,85192,t,2026-06-28 01:35:08.78121,
87733,1,,,85192,t,2026-06-28 01:35:08.785032,
87734,1,,,85192,t,2026-06-28 01:35:08.788,
87735,1,,,85192,t,2026-06-28 01:35:09.05763,
87736,1,,,85192,t,2026-06-28 01:35:09.060786,
87737,1,,,85192,t,2026-06-28 01:35:09.065574,
87738,1,,,85192,t,2026-06-28 01:35:09.068194,
87739,1,,,85193,t,2026-06-28 01:36:48.757308,
87740,1,,,85193,t,2026-06-28 01:36:48.678885,
87741,1,,,85193,t,2026-06-28 01:36:48.607917,
87742,1,,,85193,t,2026-06-28 01:36:48.537094,
87743,1,,,85193,t,2026-06-28 01:36:48.723967,
87744,1,,,85194,t,2026-06-28 01:35:09.090538,
87745,1,,,85194,t,2026-06-28 01:35:09.094264,
87746,1,,,85194,t,2026-06-28 01:35:09.098182,
87747,1,,,85194,t,2026-06-28 01:35:09.101877,
87748,1,,,85195,t,2026-06-28 01:35:09.104757,
87749,1,,,85195,t,2026-06-28 01:35:09.107611,
87750,1,,,85195,t,2026-06-28 01:35:09.113573,
87751,1,,,85195,t,2026-06-28 01:35:09.117503,
87752,1,,,85195,t,2026-06-28 01:35:09.119584,
87753,1,,,85196,t,2026-06-28 01:35:09.122591,
87754,1,,,85196,t,2026-06-28 01:35:09.124896,
87755,1,,,85196,t,2026-06-28 01:35:09.12754,
87756,1,,,85196,t,2026-06-28 01:35:09.13094,
87757,1,,,85197,t,2026-06-28 01:35:09.133508,
87758,1,,,85197,t,2026-06-28 01:35:09.136486,
87759,1,,,85197,t,2026-06-28 01:35:09.140834,
87760,1,,,85197,t,2026-06-28 01:35:09.143653,
87761,1,,,85197,t,2026-06-28 01:35:09.145875,
87762,1,,,85197,t,2026-06-28 01:35:09.149798,
87763,1,,,85198,t,2026-06-28 01:35:09.155499,
87764,1,,,85198,t,2026-06-28 01:35:09.16576,
87765,1,,,85199,t,2026-06-28 01:35:09.172653,
87766,1,,,85199,t,2026-06-28 01:35:09.175893,
87767,1,,,85199,t,2026-06-28 01:35:09.180281,
87768,1,,,85199,t,2026-06-28 01:35:09.185602,
87769,1,,,85199,t,2026-06-28 01:35:09.190586,
87770,1,,,85199,t,2026-06-28 01:35:09.194339,
87771,1,,,85200,t,2026-06-28 01:35:09.20127,
87772,1,,,85200,t,2026-06-28 01:35:09.205057,
87773,1,,,85200,t,2026-06-28 01:35:09.207128,
87774,1,,,85200,t,2026-06-28 01:35:09.209732,
87775,1,,,85200,t,2026-06-28 01:35:09.215035,
87776,1,,,85201,t,2026-06-28 01:35:09.21738,
87777,1,,,85201,t,2026-06-28 01:35:09.219727,
87778,1,,,85201,t,2026-06-28 01:35:09.222937,
87779,1,,,85201,t,2026-06-28 01:35:09.224731,
87780,1,,,85201,t,2026-06-28 01:35:09.229053,
87781,1,,,85201,t,2026-06-28 01:35:09.232248,
87782,1,,,85201,t,2026-06-28 01:35:09.235344,
87783,1,,,85202,t,2026-06-28 01:35:09.238796,
87784,1,,,85202,t,2026-06-28 01:35:09.241945,
87785,1,,,85202,t,2026-06-28 01:35:09.245754,
87786,1,,,85202,t,2026-06-28 01:35:09.247977,
87787,1,,,85202,t,2026-06-28 01:35:09.250741,
87788,1,,,85202,t,2026-06-28 01:35:09.253103,
87789,1,,,85202,t,2026-06-28 01:35:09.259042,
87790,1,,,85203,t,2026-06-28 01:35:09.265283,
87791,1,,,85203,t,2026-06-28 01:35:09.269058,
87792,1,,,85203,t,2026-06-28 01:35:09.270989,
87793,1,,,85203,t,2026-06-28 01:35:09.275331,
87794,1,,,85203,t,2026-06-28 01:35:09.283097,
87795,1,,,85203,t,2026-06-28 01:35:09.286733,
87796,1,,,85204,t,2026-06-28 01:35:09.291564,
87797,1,,,85204,t,2026-06-28 01:35:09.295993,
87798,1,,,85204,t,2026-06-28 01:35:09.301299,
87799,1,,,85205,t,2026-06-28 01:35:09.303965,
87800,1,,,85205,t,2026-06-28 01:35:09.306014,
87801,1,,,85205,t,2026-06-28 01:35:09.309391,
87802,1,,,85205,t,2026-06-28 01:35:09.316513,
87803,1,,,85205,t,2026-06-28 01:35:09.319922,
87804,1,,,85205,t,2026-06-28 01:35:09.325464,
87805,1,,,85205,t,2026-06-28 01:35:09.333275,
87806,1,,,85205,t,2026-06-28 01:35:09.337174,
87807,1,,,85205,t,2026-06-28 01:35:09.341564,
87808,1,,,85205,t,2026-06-28 01:35:09.346204,
87809,1,,,85206,t,2026-06-28 01:35:09.349899,
87810,1,,,85206,t,2026-06-28 01:35:09.352549,
87811,1,,,85206,t,2026-06-28 01:35:09.35456,
87812,1,,,85206,t,2026-06-28 01:35:09.35715,
87813,1,,,85206,t,2026-06-28 01:35:09.35908,
87814,1,,,85207,t,2026-06-28 01:35:09.360672,
87815,1,,,85207,t,2026-06-28 01:35:09.362009,
87816,1,,,86011,t,2026-06-28 01:37:11.539278,
87817,1,,,85207,t,2026-06-28 01:35:09.367328,
87818,1,,,85207,t,2026-06-28 01:35:09.372198,
87819,1,,,85207,t,2026-06-28 01:35:09.375173,
87820,1,,,85208,t,2026-06-28 01:36:48.909044,
87821,1,,,85208,t,2026-06-28 01:36:48.877938,
87822,1,,,85208,t,2026-06-28 01:36:48.83885,
87823,1,,,85208,t,2026-06-28 01:36:48.83885,
87824,1,,,85209,t,2026-06-28 01:35:09.400427,
87825,1,,,85209,t,2026-06-28 01:35:09.403,
87826,1,,,85209,t,2026-06-28 01:35:09.405372,
87827,1,,,85209,t,2026-06-28 01:35:09.409391,
87828,1,,,85209,t,2026-06-28 01:35:09.415027,
87829,1,,,85209,t,2026-06-28 01:35:09.418167,
87830,1,,,85210,t,2026-06-28 01:36:49.057667,
87831,1,,,85210,t,2026-06-28 01:36:48.973373,
87832,1,,,85210,t,2026-06-28 01:36:49.017437,
87833,1,,,85210,t,2026-06-28 01:36:49.017437,
87834,1,,,85210,t,2026-06-28 01:36:48.973373,
87835,1,,,85210,t,2026-06-28 01:36:49.017437,
87836,1,,,85211,t,2026-06-28 01:35:09.852907,
87837,1,,,85211,t,2026-06-28 01:35:09.858748,
87838,1,,,85211,t,2026-06-28 01:35:09.862787,
87839,1,,,85211,t,2026-06-28 01:35:09.866638,
87840,1,,,85211,t,2026-06-28 01:35:09.869324,
87841,1,,,85212,t,2026-06-28 01:36:49.195064,
87842,1,,,85212,t,2026-06-28 01:36:49.11987,
87843,1,,,85212,t,2026-06-28 01:36:49.161292,
87844,1,,,85212,t,2026-06-28 01:36:49.161292,
87845,1,,,85213,t,2026-06-28 01:35:09.896035,
87846,1,,,85213,t,2026-06-28 01:35:09.898848,
87847,1,,,85213,t,2026-06-28 01:35:09.903424,
87848,1,,,85213,t,2026-06-28 01:35:09.905453,
87849,1,,,85214,t,2026-06-28 01:36:49.380952,
87850,1,,,85214,t,2026-06-28 01:36:49.328024,
87851,1,,,85214,t,2026-06-28 01:36:49.328024,
87852,1,,,85214,t,2026-06-28 01:36:49.328024,
87853,1,,,85214,t,2026-06-28 01:36:49.328024,
87854,1,,,85214,t,2026-06-28 01:36:49.328024,
87855,1,,,85214,t,2026-06-28 01:36:49.328643,
87856,1,,,85214,t,2026-06-28 01:36:49.328643,
87857,1,,,85214,t,2026-06-28 01:36:49.264715,
87858,1,,,85215,t,2026-06-28 01:36:49.513261,
87859,1,,,85215,t,2026-06-28 01:36:49.487161,
87860,1,,,85215,t,2026-06-28 01:36:49.487848,
87861,1,,,85215,t,2026-06-28 01:36:49.487848,
87862,1,,,85215,t,2026-06-28 01:36:49.445464,
87863,1,,,85215,t,2026-06-28 01:36:49.487848,
87864,1,,,85215,t,2026-06-28 01:36:49.445464,
87865,1,,,85216,t,2026-06-28 01:36:49.675243,
87866,1,,,85216,t,2026-06-28 01:36:49.607834,
87867,1,,,85216,t,2026-06-28 01:36:49.607834,
87868,1,,,85216,t,2026-06-28 01:36:49.607834,
87869,1,,,85216,t,2026-06-28 01:36:49.607834,
87870,1,,,85216,t,2026-06-28 01:36:49.607834,
87871,1,,,85216,t,2026-06-28 01:36:49.607834,
87872,1,,,85216,t,2026-06-28 01:36:49.607834,
87873,1,,,85216,t,2026-06-28 01:36:49.607834,
87874,1,,,85217,t,2026-06-28 01:35:10.007611,
87875,1,,,85217,t,2026-06-28 01:35:10.012639,
87876,1,,,85217,t,2026-06-28 01:35:10.016809,
87877,1,,,85217,t,2026-06-28 01:35:10.019715,
87878,1,,,85217,t,2026-06-28 01:35:10.024423,
87879,1,,,85217,t,2026-06-28 01:35:10.03023,
87880,1,,,85863,t,2026-06-28 01:35:10.033592,
87881,1,,,85863,t,2026-06-28 01:35:10.036774,
87882,1,,,85218,t,2026-06-28 01:35:10.045199,
87883,1,,,85218,t,2026-06-28 01:35:10.050145,
87884,1,,,85218,t,2026-06-28 01:35:10.053765,
87885,1,,,85218,t,2026-06-28 01:35:10.057809,
87886,1,,,85218,t,2026-06-28 01:35:10.060477,
87887,1,,,85219,t,2026-06-28 01:35:10.06435,
87888,1,,,85219,t,2026-06-28 01:35:10.068212,
87889,1,,,85219,t,2026-06-28 01:35:10.070316,
87890,1,,,85219,t,2026-06-28 01:35:10.074092,
87891,1,,,85219,t,2026-06-28 01:35:10.07848,
87892,1,,,85219,t,2026-06-28 01:35:10.082724,
87893,1,,,85220,t,2026-06-28 01:36:49.772974,
87894,1,,,85220,t,2026-06-28 01:36:49.747219,
87895,1,,,85221,t,2026-06-28 01:35:10.089007,
87896,1,,,85221,t,2026-06-28 01:35:10.090969,
87897,1,,,85221,t,2026-06-28 01:35:10.093544,
87898,1,,,85221,t,2026-06-28 01:35:10.095925,
87899,1,,,85221,t,2026-06-28 01:35:10.098491,
87900,1,,,85221,t,2026-06-28 01:35:10.100419,
87901,1,,,85222,t,2026-06-28 01:35:10.102724,
87902,1,,,85222,t,2026-06-28 01:35:10.105163,
87903,1,,,85222,t,2026-06-28 01:35:10.106932,
87904,1,,,85222,t,2026-06-28 01:35:10.109426,
87905,1,,,85222,t,2026-06-28 01:35:10.112244,
87906,1,,,85222,t,2026-06-28 01:35:10.114257,
87907,1,,,85222,t,2026-06-28 01:35:10.116754,
87908,1,,,85223,t,2026-06-28 01:35:10.119414,
87909,1,,,85223,t,2026-06-28 01:35:10.121176,
87910,1,,,85223,t,2026-06-28 01:35:10.124169,
87911,1,,,85223,t,2026-06-28 01:35:10.129068,
87912,1,,,85223,t,2026-06-28 01:35:10.132664,
87913,1,,,85225,t,2026-06-28 01:35:10.135273,
87914,1,,,85225,t,2026-06-28 01:35:10.136979,
87915,1,,,85225,t,2026-06-28 01:35:10.138791,
87916,1,,,85226,t,2026-06-28 01:36:49.853666,
87917,1,,,85226,t,2026-06-28 01:36:49.826914,
87918,1,,,85228,t,2026-06-28 01:36:50.013418,
87919,1,,,85228,t,2026-06-28 01:36:49.981058,
87920,1,,,85228,t,2026-06-28 01:36:49.936113,
87921,1,,,85228,t,2026-06-28 01:36:49.936113,
87922,1,,,85228,t,2026-06-28 01:36:49.981058,
87923,1,,,85228,t,2026-06-28 01:36:49.981569,
87924,1,,,85228,t,2026-06-28 01:36:49.90651,
87925,1,,,85229,t,2026-06-28 01:35:10.162224,
87926,1,,,85229,t,2026-06-28 01:35:10.163496,
87927,1,,,85229,t,2026-06-28 01:35:10.164665,
87928,1,,,85229,t,2026-06-28 01:35:10.166488,
87929,1,,,85229,t,2026-06-28 01:35:10.168382,
87930,1,,,85229,t,2026-06-28 01:35:10.170278,
87931,1,,,85229,t,2026-06-28 01:35:10.171998,
87932,1,,,85230,t,2026-06-28 01:35:10.173793,
87933,1,,,85230,t,2026-06-28 01:35:10.175577,
87934,1,,,85230,t,2026-06-28 01:35:10.184003,
87935,1,,,85230,t,2026-06-28 01:35:10.719082,
87936,1,,,85230,t,2026-06-28 01:35:10.724219,
87937,1,,,85230,t,2026-06-28 01:35:10.726839,
87938,1,,,85231,t,2026-06-28 01:35:10.72897,
87939,1,,,85231,t,2026-06-28 01:35:10.730866,
87940,1,,,85231,t,2026-06-28 01:35:10.732616,
87941,1,,,85231,t,2026-06-28 01:35:10.734523,
87942,1,,,85231,t,2026-06-28 01:35:10.736381,
87943,1,,,85231,t,2026-06-28 01:35:10.739255,
87944,1,,,85231,t,2026-06-28 01:35:10.741137,
87945,1,,,85232,t,2026-06-28 01:36:50.141024,
87946,1,,,85232,t,2026-06-28 01:36:50.094417,
87947,1,,,85232,t,2026-06-28 01:36:50.095088,
87948,1,,,85233,t,2026-06-28 01:35:10.757436,
87949,1,,,85233,t,2026-06-28 01:35:10.76131,
87950,1,,,85233,t,2026-06-28 01:35:10.76332,
87951,1,,,85233,t,2026-06-28 01:35:10.765352,
87952,1,,,85233,t,2026-06-28 01:35:10.76957,
87953,1,,,85234,t,2026-06-28 01:35:10.772074,
87954,1,,,85234,t,2026-06-28 01:35:10.774174,
87955,1,,,85234,t,2026-06-28 01:35:10.782049,
87956,1,,,85234,t,2026-06-28 01:35:10.786566,
87957,1,,,85234,t,2026-06-28 01:35:10.788679,
87958,1,,,85235,t,2026-06-28 01:35:10.790755,
87959,1,,,85235,t,2026-06-28 01:35:10.795312,
87960,1,,,85235,t,2026-06-28 01:35:10.799965,
87961,1,,,85235,t,2026-06-28 01:35:10.802939,
87962,1,,,85235,t,2026-06-28 01:35:10.805057,
87963,1,,,85235,t,2026-06-28 01:35:10.807001,
87964,1,,,85235,t,2026-06-28 01:35:10.809767,
87965,1,,,85236,t,2026-06-28 01:35:10.814173,
87966,1,,,85236,t,2026-06-28 01:35:10.819103,
87967,1,,,85236,t,2026-06-28 01:35:10.821763,
87968,1,,,85236,t,2026-06-28 01:35:10.828216,
87969,1,,,85236,t,2026-06-28 01:35:10.831671,
87970,1,,,85236,t,2026-06-28 01:35:10.834045,
87971,1,,,85237,t,2026-06-28 01:35:10.837027,
87972,1,,,85237,t,2026-06-28 01:35:10.840777,
87973,1,,,85237,t,2026-06-28 01:35:10.845039,
87974,1,,,85237,t,2026-06-28 01:35:10.850539,
87975,1,,,85237,t,2026-06-28 01:35:10.852874,
87976,1,,,85237,t,2026-06-28 01:35:10.856507,
87977,1,,,85237,t,2026-06-28 01:35:10.860374,
87978,1,,,85238,t,2026-06-28 01:36:50.416848,
87979,1,,,85238,t,2026-06-28 01:36:50.358689,
87980,1,,,85238,t,2026-06-28 01:36:50.359269,
87981,1,,,85238,t,2026-06-28 01:36:50.27721,
87982,1,,,85238,t,2026-06-28 01:36:50.27721,
87983,1,,,85238,t,2026-06-28 01:36:50.359269,
87984,1,,,85238,t,2026-06-28 01:36:50.27721,
87985,1,,,85238,t,2026-06-28 01:36:50.209453,
87986,1,,,85238,t,2026-06-28 01:36:50.413974,
87987,1,,,85238,t,2026-06-28 01:36:50.27721,
87988,1,,,85238,t,2026-06-28 01:36:50.359269,
87989,1,,,85238,t,2026-06-28 01:36:50.27721,
87990,1,,,85238,t,2026-06-28 01:36:50.359269,
87991,1,,,85238,t,2026-06-28 01:36:50.277811,
87992,1,,,85238,t,2026-06-28 01:36:50.359269,
87993,1,,,85238,t,2026-06-28 01:36:50.210023,
87994,1,,,85239,t,2026-06-28 01:35:10.912981,
87995,1,,,85239,t,2026-06-28 01:35:10.91709,
87996,1,,,85239,t,2026-06-28 01:35:10.920692,
87997,1,,,85239,t,2026-06-28 01:35:10.92362,
87998,1,,,85239,t,2026-06-28 01:35:10.933591,
87999,1,,,85239,t,2026-06-28 01:35:10.937702,
88000,1,,,85239,t,2026-06-28 01:35:10.940317,
88001,1,,,85239,t,2026-06-28 01:35:10.942504,
88002,1,,,85239,t,2026-06-28 01:35:10.944895,
88003,1,,,85239,t,2026-06-28 01:35:10.949387,
88004,1,,,85239,t,2026-06-28 01:35:10.95164,
88005,1,,,85239,t,2026-06-28 01:35:10.953626,
88006,1,,,85240,t,2026-06-28 01:36:50.539754,
88007,1,,,85240,t,2026-06-28 01:36:50.492096,
88008,1,,,85240,t,2026-06-28 01:36:50.492096,
88009,1,,,85241,t,2026-06-28 01:35:10.962281,
88010,1,,,85241,t,2026-06-28 01:35:10.964036,
88011,1,,,85241,t,2026-06-28 01:35:10.966544,
88012,1,,,85241,t,2026-06-28 01:35:10.968523,
88013,1,,,85241,t,2026-06-28 01:35:10.97051,
88014,1,,,85241,t,2026-06-28 01:35:10.972786,
88015,1,,,85242,t,2026-06-28 01:35:10.975589,
88016,1,,,85242,t,2026-06-28 01:35:10.97734,
88017,1,,,85242,t,2026-06-28 01:35:10.979225,
88018,1,,,85242,t,2026-06-28 01:35:10.98381,
88019,1,,,85242,t,2026-06-28 01:35:10.987238,
88020,1,,,85242,t,2026-06-28 01:35:10.989662,
88021,1,,,85242,t,2026-06-28 01:35:10.995724,
88022,1,,,85244,t,2026-06-28 01:35:10.999339,
88023,1,,,85244,t,2026-06-28 01:35:11.000715,
88024,1,,,85244,t,2026-06-28 01:35:11.002615,
88025,1,,,85244,t,2026-06-28 01:35:11.004563,
88026,1,,,85244,t,2026-06-28 01:35:11.006619,
88027,1,,,85245,t,2026-06-28 01:35:11.009393,
88028,1,,,85245,t,2026-06-28 01:35:11.012728,
88029,1,,,85245,t,2026-06-28 01:35:11.018285,
88030,1,,,85245,t,2026-06-28 01:35:11.021269,
88031,1,,,85245,t,2026-06-28 01:35:11.022478,
88032,1,,,85245,t,2026-06-28 01:35:11.024116,
88033,1,,,85245,t,2026-06-28 01:35:11.027633,
88034,1,,,85245,t,2026-06-28 01:35:11.031573,
88035,1,,,85246,t,2026-06-28 01:35:11.3196,
88036,1,,,85246,t,2026-06-28 01:35:11.323296,
88037,1,,,85246,t,2026-06-28 01:35:11.328891,
88038,1,,,85247,t,2026-06-28 01:35:11.332145,
88039,1,,,85247,t,2026-06-28 01:35:11.33542,
88040,1,,,85247,t,2026-06-28 01:35:11.340184,
88041,1,,,85247,t,2026-06-28 01:35:11.345567,
88042,1,,,85247,t,2026-06-28 01:35:11.349323,
88043,1,,,85248,t,2026-06-28 01:35:11.351807,
88044,1,,,85248,t,2026-06-28 01:35:11.354879,
88045,1,,,85249,t,2026-06-28 01:35:11.363269,
88046,1,,,85249,t,2026-06-28 01:35:11.365942,
88047,1,,,85249,t,2026-06-28 01:35:11.370107,
88048,1,,,85249,t,2026-06-28 01:35:11.373031,
88049,1,,,85249,t,2026-06-28 01:35:11.380454,
88050,1,,,85249,t,2026-06-28 01:35:11.384257,
88051,1,,,85250,t,2026-06-28 01:36:50.734176,
88052,1,,,85250,t,2026-06-28 01:36:50.701639,
88053,1,,,85250,t,2026-06-28 01:36:50.701639,
88054,1,,,85250,t,2026-06-28 01:36:50.640237,
88055,1,,,85250,t,2026-06-28 01:36:50.640931,
88056,1,,,85250,t,2026-06-28 01:36:50.640931,
88057,1,,,85251,t,2026-06-28 01:35:11.403256,
88058,1,,,85251,t,2026-06-28 01:35:11.405402,
88059,1,,,85251,t,2026-06-28 01:35:11.408495,
88060,1,,,85251,t,2026-06-28 01:35:11.413969,
88061,1,,,85251,t,2026-06-28 01:35:11.416565,
88062,1,,,85251,t,2026-06-28 01:35:11.419053,
88063,1,,,85251,t,2026-06-28 01:35:11.422348,
88064,1,,,85251,t,2026-06-28 01:35:11.426531,
88065,1,,,85251,t,2026-06-28 01:35:11.429802,
88066,1,,,85251,t,2026-06-28 01:35:11.432372,
88067,1,,,85251,t,2026-06-28 01:35:11.435523,
88068,1,,,85251,t,2026-06-28 01:35:11.437999,
88069,1,,,85252,t,2026-06-28 01:35:11.439983,
88070,1,,,85252,t,2026-06-28 01:35:11.444236,
88071,1,,,85252,t,2026-06-28 01:35:11.447497,
88072,1,,,85252,t,2026-06-28 01:35:11.44972,
88073,1,,,85253,t,2026-06-28 01:35:11.453178,
88074,1,,,85253,t,2026-06-28 01:35:11.459227,
88075,1,,,85253,t,2026-06-28 01:35:11.462262,
88076,1,,,85253,t,2026-06-28 01:35:11.464543,
88077,1,,,85253,t,2026-06-28 01:35:11.467446,
88078,1,,,85253,t,2026-06-28 01:35:11.469276,
88079,1,,,85253,t,2026-06-28 01:35:11.471166,
88080,1,,,85254,t,2026-06-28 01:35:11.472686,
88081,1,,,85254,t,2026-06-28 01:35:11.474438,
88082,1,,,85254,t,2026-06-28 01:35:11.476493,
88083,1,,,85254,t,2026-06-28 01:35:11.478684,
88084,1,,,85255,t,2026-06-28 01:35:11.480029,
88085,1,,,85255,t,2026-06-28 01:35:11.481324,
88086,1,,,85255,t,2026-06-28 01:35:11.483366,
88087,1,,,85255,t,2026-06-28 01:35:11.485106,
88088,1,,,85256,t,2026-06-28 01:35:11.486834,
88089,1,,,85256,t,2026-06-28 01:35:11.488637,
88090,1,,,85256,t,2026-06-28 01:35:11.490483,
88091,1,,,85256,t,2026-06-28 01:35:11.492824,
88092,1,,,85256,t,2026-06-28 01:35:11.495645,
88093,1,,,85257,t,2026-06-28 01:35:11.498396,
88094,1,,,85257,t,2026-06-28 01:35:11.499619,
88095,1,,,85257,t,2026-06-28 01:35:11.501966,
88096,1,,,85257,t,2026-06-28 01:35:11.50374,
88097,1,,,85258,t,2026-06-28 01:35:11.505572,
88098,1,,,85258,t,2026-06-28 01:35:11.506766,
88099,1,,,85258,t,2026-06-28 01:35:11.508882,
88100,1,,,85258,t,2026-06-28 01:35:11.510618,
88101,1,,,85258,t,2026-06-28 01:35:11.512442,
88102,1,,,85258,t,2026-06-28 01:35:11.513682,
88103,1,,,85259,t,2026-06-28 01:36:51.002587,
88104,1,,,85259,t,2026-06-28 01:36:50.911592,
88105,1,,,85259,t,2026-06-28 01:36:50.838073,
88106,1,,,85259,t,2026-06-28 01:36:50.912299,
88107,1,,,85259,t,2026-06-28 01:36:50.838073,
88108,1,,,85259,t,2026-06-28 01:36:50.781276,
88109,1,,,85259,t,2026-06-28 01:36:50.964411,
88110,1,,,85260,t,2026-06-28 01:35:11.532421,
88111,1,,,85260,t,2026-06-28 01:35:11.536497,
88112,1,,,85260,t,2026-06-28 01:35:11.539209,
88113,1,,,85260,t,2026-06-28 01:35:11.54248,
88114,1,,,85260,t,2026-06-28 01:35:11.545564,
88115,1,,,85261,t,2026-06-28 01:35:11.549196,
88116,1,,,85262,t,2026-06-28 01:36:51.167735,
88117,1,,,85262,t,2026-06-28 01:36:51.137495,
88118,1,,,85262,t,2026-06-28 01:36:51.137495,
88119,1,,,85262,t,2026-06-28 01:36:51.090953,
88120,1,,,85262,t,2026-06-28 01:36:51.091634,
88121,1,,,85263,t,2026-06-28 01:35:11.56934,
88122,1,,,85263,t,2026-06-28 01:35:11.571489,
88123,1,,,85263,t,2026-06-28 01:35:11.573788,
88124,1,,,85263,t,2026-06-28 01:35:11.580012,
88125,1,,,85263,t,2026-06-28 01:35:11.583353,
88126,1,,,85264,t,2026-06-28 01:35:11.585318,
88127,1,,,85264,t,2026-06-28 01:35:11.586997,
88128,1,,,85264,t,2026-06-28 01:35:11.588998,
88129,1,,,85264,t,2026-06-28 01:35:11.596031,
88130,1,,,85264,t,2026-06-28 01:35:11.601231,
88131,1,,,85265,t,2026-06-28 01:35:11.603772,
88132,1,,,85265,t,2026-06-28 01:35:11.606225,
88133,1,,,85265,t,2026-06-28 01:35:11.612314,
88134,1,,,85266,t,2026-06-28 01:36:51.355177,
88135,1,,,85266,t,2026-06-28 01:36:51.326452,
88136,1,,,85266,t,2026-06-28 01:36:51.272737,
88137,1,,,85266,t,2026-06-28 01:36:51.272737,
88138,1,,,85266,t,2026-06-28 01:36:51.272737,
88139,1,,,85266,t,2026-06-28 01:36:51.272737,
88140,1,,,85266,t,2026-06-28 01:36:51.236222,
88141,1,,,85267,t,2026-06-28 01:35:11.87203,
88142,1,,,85267,t,2026-06-28 01:35:11.878751,
88143,1,,,85267,t,2026-06-28 01:35:11.881016,
88144,1,,,85267,t,2026-06-28 01:35:11.883554,
88145,1,,,85267,t,2026-06-28 01:35:11.885573,
88146,1,,,85267,t,2026-06-28 01:35:11.88814,
88147,1,,,85267,t,2026-06-28 01:35:11.889967,
88148,1,,,85267,t,2026-06-28 01:35:11.893674,
88149,1,,,85268,t,2026-06-28 01:35:11.895923,
88150,1,,,85269,t,2026-06-28 01:35:11.897859,
88151,1,,,85269,t,2026-06-28 01:35:11.900462,
88152,1,,,85270,t,2026-06-28 01:35:11.902056,
88153,1,,,85270,t,2026-06-28 01:35:11.9051,
88154,1,,,85270,t,2026-06-28 01:35:11.909628,
88155,1,,,85271,t,2026-06-28 01:35:11.911944,
88156,1,,,85271,t,2026-06-28 01:35:11.914404,
88157,1,,,85271,t,2026-06-28 01:35:11.915759,
88158,1,,,85271,t,2026-06-28 01:35:11.918948,
88159,1,,,85271,t,2026-06-28 01:35:11.92085,
88160,1,,,85271,t,2026-06-28 01:35:11.922523,
88161,1,,,85271,t,2026-06-28 01:35:11.928732,
88162,1,,,85271,t,2026-06-28 01:35:11.930768,
88163,1,,,85272,t,2026-06-28 01:35:11.933194,
88164,1,,,85273,t,2026-06-28 01:35:11.935624,
88165,1,,,85273,t,2026-06-28 01:35:11.938212,
88166,1,,,85273,t,2026-06-28 01:35:11.943634,
88167,1,,,85273,t,2026-06-28 01:35:11.945881,
88168,1,,,85273,t,2026-06-28 01:35:11.948174,
88169,1,,,85274,t,2026-06-28 01:35:11.951341,
88170,1,,,85274,t,2026-06-28 01:35:11.952895,
88171,1,,,85274,t,2026-06-28 01:35:11.954892,
88172,1,,,85274,t,2026-06-28 01:35:11.957159,
88173,1,,,85275,t,2026-06-28 01:35:11.958943,
88174,1,,,85275,t,2026-06-28 01:35:11.96077,
88175,1,,,85275,t,2026-06-28 01:35:11.962682,
88176,1,,,85275,t,2026-06-28 01:35:11.964699,
88177,1,,,85275,t,2026-06-28 01:35:11.966476,
88178,1,,,85275,t,2026-06-28 01:35:11.96834,
88179,1,,,85276,t,2026-06-28 01:35:11.96999,
88180,1,,,85276,t,2026-06-28 01:35:11.971749,
88181,1,,,85276,t,2026-06-28 01:35:11.975043,
88182,1,,,85276,t,2026-06-28 01:35:11.977015,
88183,1,,,85277,t,2026-06-28 01:35:11.97954,
88184,1,,,85277,t,2026-06-28 01:35:11.981414,
88185,1,,,85277,t,2026-06-28 01:35:11.983058,
88186,1,,,85278,t,2026-06-28 01:35:11.984799,
88187,1,,,85278,t,2026-06-28 01:35:11.986959,
88188,1,,,85278,t,2026-06-28 01:35:11.988173,
88189,1,,,85278,t,2026-06-28 01:35:11.990542,
88190,1,,,85279,t,2026-06-28 01:35:11.992847,
88191,1,,,85279,t,2026-06-28 01:35:11.995307,
88192,1,,,85279,t,2026-06-28 01:35:11.997184,
88193,1,,,85279,t,2026-06-28 01:35:11.999031,
88194,1,,,85279,t,2026-06-28 01:35:12.000246,
88195,1,,,85279,t,2026-06-28 01:35:12.002078,
88196,1,,,85279,t,2026-06-28 01:35:12.003936,
88197,1,,,85279,t,2026-06-28 01:35:12.005775,
88198,1,,,85280,t,2026-06-28 01:35:12.008441,
88199,1,,,85281,t,2026-06-28 01:35:12.010696,
88200,1,,,85281,t,2026-06-28 01:35:12.013259,
88201,1,,,85282,t,2026-06-28 01:35:12.015091,
88202,1,,,85283,t,2026-06-28 01:35:12.01673,
88203,1,,,85283,t,2026-06-28 01:35:12.018628,
88204,1,,,85283,t,2026-06-28 01:35:12.020415,
88205,1,,,85283,t,2026-06-28 01:35:12.022127,
88206,1,,,85283,t,2026-06-28 01:35:12.025463,
88207,1,,,85283,t,2026-06-28 01:35:12.028891,
88208,1,,,85283,t,2026-06-28 01:35:12.030682,
88209,1,,,85283,t,2026-06-28 01:35:12.032554,
88210,1,,,85283,t,2026-06-28 01:35:12.034326,
88211,1,,,85284,t,2026-06-28 01:36:51.498211,
88212,1,,,85284,t,2026-06-28 01:36:51.437613,
88213,1,,,85284,t,2026-06-28 01:36:51.402331,
88214,1,,,85284,t,2026-06-28 01:36:51.465996,
88215,1,,,85285,t,2026-06-28 01:35:12.05426,
88216,1,,,85285,t,2026-06-28 01:35:12.059722,
88217,1,,,85286,t,2026-06-28 01:35:12.064939,
88218,1,,,85286,t,2026-06-28 01:35:12.072443,
88219,1,,,85286,t,2026-06-28 01:35:12.080508,
88220,1,,,85287,t,2026-06-28 01:35:12.083629,
88221,1,,,85287,t,2026-06-28 01:35:12.087734,
88222,1,,,85287,t,2026-06-28 01:35:12.090743,
88223,1,,,85287,t,2026-06-28 01:35:12.094332,
88224,1,,,85287,t,2026-06-28 01:35:12.096242,
88225,1,,,85287,t,2026-06-28 01:35:12.098781,
88226,1,,,85287,t,2026-06-28 01:35:12.103781,
88227,1,,,85287,t,2026-06-28 01:35:12.107908,
88228,1,,,85287,t,2026-06-28 01:35:12.11236,
88229,1,,,85287,t,2026-06-28 01:35:12.114841,
88230,1,,,85287,t,2026-06-28 01:35:12.118379,
88231,1,,,85288,t,2026-06-28 01:35:12.121925,
88232,1,,,85288,t,2026-06-28 01:35:12.135491,
88233,1,,,85288,t,2026-06-28 01:35:12.138294,
88234,1,,,85288,t,2026-06-28 01:35:12.142948,
88235,1,,,85288,t,2026-06-28 01:35:12.411723,
88236,1,,,85289,t,2026-06-28 01:35:12.414306,
88237,1,,,85289,t,2026-06-28 01:35:12.41735,
88238,1,,,85289,t,2026-06-28 01:35:12.419544,
88239,1,,,85289,t,2026-06-28 01:35:12.425573,
88240,1,,,85289,t,2026-06-28 01:35:12.428549,
88241,1,,,85289,t,2026-06-28 01:35:12.433881,
88242,1,,,85290,t,2026-06-28 01:35:12.436877,
88243,1,,,85290,t,2026-06-28 01:35:12.442829,
88244,1,,,85290,t,2026-06-28 01:35:12.445619,
88245,1,,,85291,t,2026-06-28 01:35:12.450881,
88246,1,,,85292,t,2026-06-28 01:35:12.451482,
88247,1,,,85292,t,2026-06-28 01:35:12.452671,
88248,1,,,85292,t,2026-06-28 01:35:12.453854,
88249,1,,,85292,t,2026-06-28 01:35:12.454438,
88250,1,,,85292,t,2026-06-28 01:35:12.461557,
88251,1,,,85292,t,2026-06-28 01:35:12.464147,
88252,1,,,85293,t,2026-06-28 01:35:12.465392,
88253,1,,,85293,t,2026-06-28 01:35:12.466413,
88254,1,,,85293,t,2026-06-28 01:35:12.467644,
88255,1,,,85293,t,2026-06-28 01:35:12.468848,
88256,1,,,85293,t,2026-06-28 01:35:12.469457,
88257,1,,,85293,t,2026-06-28 01:35:12.471406,
88258,1,,,85294,t,2026-06-28 01:35:12.476072,
88259,1,,,85294,t,2026-06-28 01:35:12.479869,
88260,1,,,85294,t,2026-06-28 01:35:12.482544,
88261,1,,,85294,t,2026-06-28 01:35:12.484384,
88262,1,,,85295,t,2026-06-28 01:35:12.486296,
88263,1,,,85295,t,2026-06-28 01:35:12.487952,
88264,1,,,85296,t,2026-06-28 01:36:51.741847,
88265,1,,,85296,t,2026-06-28 01:36:51.616589,
88266,1,,,85296,t,2026-06-28 01:36:51.616589,
88267,1,,,85296,t,2026-06-28 01:36:51.660106,
88268,1,,,85296,t,2026-06-28 01:36:51.568991,
88269,1,,,85296,t,2026-06-28 01:36:51.707183,
88270,1,,,85297,t,2026-06-28 01:35:12.513325,
88271,1,,,85297,t,2026-06-28 01:35:12.517624,
88272,1,,,85297,t,2026-06-28 01:35:12.520463,
88273,1,,,85297,t,2026-06-28 01:35:12.521085,
88274,1,,,85297,t,2026-06-28 01:35:12.52224,
88275,1,,,85297,t,2026-06-28 01:35:12.525099,
88276,1,,,85298,t,2026-06-28 01:35:12.528729,
88277,1,,,85299,t,2026-06-28 01:36:51.918876,
88278,1,,,85299,t,2026-06-28 01:36:51.852546,
88279,1,,,85299,t,2026-06-28 01:36:51.85323,
88280,1,,,85299,t,2026-06-28 01:36:51.813298,
88281,1,,,85299,t,2026-06-28 01:36:51.892801,
88282,1,,,85300,t,2026-06-28 01:35:12.54844,
88283,1,,,85301,t,2026-06-28 01:35:12.550221,
88284,1,,,85301,t,2026-06-28 01:35:12.552282,
88285,1,,,85301,t,2026-06-28 01:35:12.554248,
88286,1,,,85301,t,2026-06-28 01:35:12.556357,
88287,1,,,85301,t,2026-06-28 01:35:12.558307,
88288,1,,,85302,t,2026-06-28 01:36:52.117374,
88289,1,,,85302,t,2026-06-28 01:36:52.010751,
88290,1,,,85302,t,2026-06-28 01:36:52.060302,
88291,1,,,85302,t,2026-06-28 01:36:52.010751,
88292,1,,,85302,t,2026-06-28 01:36:51.97327,
88293,1,,,85302,t,2026-06-28 01:36:52.091661,
88294,1,,,85303,t,2026-06-28 01:35:12.571988,
88295,1,,,85303,t,2026-06-28 01:35:12.577379,
88296,1,,,85303,t,2026-06-28 01:35:12.579655,
88297,1,,,85303,t,2026-06-28 01:35:12.586313,
88298,1,,,85304,t,2026-06-28 01:35:12.588375,
88299,1,,,85304,t,2026-06-28 01:35:12.595379,
88300,1,,,85304,t,2026-06-28 01:35:12.599263,
88301,1,,,85304,t,2026-06-28 01:35:12.6014,
88302,1,,,85304,t,2026-06-28 01:35:12.603365,
88303,1,,,85305,t,2026-06-28 01:35:12.605269,
88304,1,,,85305,t,2026-06-28 01:35:12.610344,
88305,1,,,85305,t,2026-06-28 01:35:12.614619,
88306,1,,,85305,t,2026-06-28 01:35:12.617957,
88307,1,,,85305,t,2026-06-28 01:35:12.621308,
88308,1,,,85305,t,2026-06-28 01:35:12.627185,
88309,1,,,85305,t,2026-06-28 01:35:12.629984,
88310,1,,,85306,t,2026-06-28 01:35:12.634839,
88311,1,,,85306,t,2026-06-28 01:35:12.637782,
88312,1,,,85306,t,2026-06-28 01:35:12.641458,
88313,1,,,85306,t,2026-06-28 01:35:12.644731,
88314,1,,,85308,t,2026-06-28 01:36:52.322722,
88315,1,,,85308,t,2026-06-28 01:36:52.213499,
88316,1,,,85308,t,2026-06-28 01:36:52.213499,
88317,1,,,85308,t,2026-06-28 01:36:52.213499,
88318,1,,,85308,t,2026-06-28 01:36:52.213499,
88319,1,,,85308,t,2026-06-28 01:36:52.184071,
88320,1,,,85308,t,2026-06-28 01:36:52.262917,
88321,1,,,85309,t,2026-06-28 01:35:12.668147,
88322,1,,,85309,t,2026-06-28 01:35:12.670123,
88323,1,,,85309,t,2026-06-28 01:35:12.671545,
88324,1,,,85310,t,2026-06-28 01:35:12.677868,
88325,1,,,85310,t,2026-06-28 01:35:12.681635,
88326,1,,,85310,t,2026-06-28 01:35:12.685217,
88327,1,,,85310,t,2026-06-28 01:35:12.687678,
88328,1,,,85310,t,2026-06-28 01:35:12.693392,
88329,1,,,85310,t,2026-06-28 01:35:12.697022,
88330,1,,,85311,t,2026-06-28 01:36:52.538759,
88331,1,,,85311,t,2026-06-28 01:36:52.50428,
88332,1,,,85311,t,2026-06-28 01:36:52.458274,
88333,1,,,85311,t,2026-06-28 01:36:52.458274,
88334,1,,,85312,t,2026-06-28 01:36:52.726942,
88335,1,,,85312,t,2026-06-28 01:36:52.669843,
88336,1,,,85312,t,2026-06-28 01:36:52.669843,
88337,1,,,85312,t,2026-06-28 01:36:52.669843,
88338,1,,,85312,t,2026-06-28 01:36:52.618785,
88339,1,,,85313,t,2026-06-28 01:36:52.939866,
88340,1,,,85313,t,2026-06-28 01:36:52.894092,
88341,1,,,85313,t,2026-06-28 01:36:52.894092,
88342,1,,,85313,t,2026-06-28 01:36:52.839306,
88343,1,,,85313,t,2026-06-28 01:36:52.951148,
88344,1,,,85313,t,2026-06-28 01:36:52.894092,
88345,1,,,85313,t,2026-06-28 01:36:52.792128,
88346,1,,,85313,t,2026-06-28 01:36:52.839816,
88347,1,,,85314,t,2026-06-28 01:35:13.365335,
88348,1,,,85314,t,2026-06-28 01:35:13.368572,
88349,1,,,85314,t,2026-06-28 01:35:13.371534,
88350,1,,,85314,t,2026-06-28 01:35:13.375558,
88351,1,,,85314,t,2026-06-28 01:35:13.379851,
88352,1,,,85314,t,2026-06-28 01:35:13.383046,
88353,1,,,85315,t,2026-06-28 01:35:13.386366,
88354,1,,,85315,t,2026-06-28 01:35:13.391093,
88355,1,,,85315,t,2026-06-28 01:35:13.39487,
88356,1,,,85315,t,2026-06-28 01:35:13.397672,
88357,1,,,85316,t,2026-06-28 01:35:13.399769,
88358,1,,,85316,t,2026-06-28 01:35:13.402774,
88359,1,,,85317,t,2026-06-28 01:35:13.405254,
88360,1,,,85317,t,2026-06-28 01:35:13.408145,
88361,1,,,85317,t,2026-06-28 01:35:13.410707,
88362,1,,,85317,t,2026-06-28 01:35:13.414455,
88363,1,,,85317,t,2026-06-28 01:35:13.416869,
88364,1,,,85317,t,2026-06-28 01:35:13.419649,
88365,1,,,85317,t,2026-06-28 01:35:13.423964,
88366,1,,,85317,t,2026-06-28 01:35:13.427768,
88367,1,,,85317,t,2026-06-28 01:35:13.431344,
88368,1,,,85317,t,2026-06-28 01:35:13.434047,
88369,1,,,85317,t,2026-06-28 01:35:13.437353,
88370,1,,,85317,t,2026-06-28 01:35:13.440787,
88371,1,,,85317,t,2026-06-28 01:35:13.444833,
88372,1,,,85318,t,2026-06-28 01:35:13.447126,
88373,1,,,85318,t,2026-06-28 01:35:13.449527,
88374,1,,,85318,t,2026-06-28 01:35:13.451832,
88375,1,,,85318,t,2026-06-28 01:35:13.45718,
88376,1,,,85318,t,2026-06-28 01:35:13.459502,
88377,1,,,85318,t,2026-06-28 01:35:13.462994,
88378,1,,,85319,t,2026-06-28 01:35:13.464703,
88379,1,,,85320,t,2026-06-28 01:35:13.468842,
88380,1,,,85320,t,2026-06-28 01:35:13.472867,
88381,1,,,85320,t,2026-06-28 01:35:13.477774,
88382,1,,,85320,t,2026-06-28 01:35:13.480664,
88383,1,,,85320,t,2026-06-28 01:35:13.483606,
88384,1,,,85320,t,2026-06-28 01:35:13.48569,
88385,1,,,85321,t,2026-06-28 01:35:13.487906,
88386,1,,,85321,t,2026-06-28 01:35:13.491062,
88387,1,,,85321,t,2026-06-28 01:35:13.493424,
88388,1,,,85321,t,2026-06-28 01:35:13.49575,
88389,1,,,85321,t,2026-06-28 01:35:13.497894,
88390,1,,,85322,t,2026-06-28 01:36:53.216089,
88391,1,,,85322,t,2026-06-28 01:36:53.150537,
88392,1,,,85322,t,2026-06-28 01:36:53.071995,
88393,1,,,85322,t,2026-06-28 01:36:53.150537,
88394,1,,,85322,t,2026-06-28 01:36:53.015916,
88395,1,,,85322,t,2026-06-28 01:36:53.150537,
88396,1,,,85322,t,2026-06-28 01:36:53.224807,
88397,1,,,85322,t,2026-06-28 01:36:53.071995,
88398,1,,,85322,t,2026-06-28 01:36:53.071995,
88399,1,,,85322,t,2026-06-28 01:36:53.150537,
88400,1,,,85322,t,2026-06-28 01:36:53.151138,
88401,1,,,85322,t,2026-06-28 01:36:53.071995,
88402,1,,,85322,t,2026-06-28 01:36:53.151138,
88403,1,,,85322,t,2026-06-28 01:36:53.151138,
88404,1,,,85322,t,2026-06-28 01:36:53.015916,
88405,1,,,85323,t,2026-06-28 01:35:13.557534,
88406,1,,,85323,t,2026-06-28 01:35:13.561381,
88407,1,,,85323,t,2026-06-28 01:35:13.565074,
88408,1,,,85323,t,2026-06-28 01:35:13.567291,
88409,1,,,85325,t,2026-06-28 01:35:13.573146,
88410,1,,,85325,t,2026-06-28 01:35:13.576454,
88411,1,,,85325,t,2026-06-28 01:35:13.579069,
88412,1,,,85325,t,2026-06-28 01:35:13.581669,
88413,1,,,85325,t,2026-06-28 01:35:13.584019,
88414,1,,,85325,t,2026-06-28 01:35:13.585788,
88415,1,,,85325,t,2026-06-28 01:35:13.588057,
88416,1,,,85325,t,2026-06-28 01:35:13.591763,
88417,1,,,85326,t,2026-06-28 01:35:13.593915,
88418,1,,,85326,t,2026-06-28 01:35:13.595419,
88419,1,,,85326,t,2026-06-28 01:35:13.59669,
88420,1,,,85326,t,2026-06-28 01:35:13.600655,
88421,1,,,85326,t,2026-06-28 01:35:13.601976,
88422,1,,,85326,t,2026-06-28 01:35:13.605361,
88423,1,,,85326,t,2026-06-28 01:35:13.607774,
88424,1,,,85327,t,2026-06-28 01:35:13.609487,
88425,1,,,85327,t,2026-06-28 01:35:13.611514,
88426,1,,,85327,t,2026-06-28 01:35:13.61413,
88427,1,,,85327,t,2026-06-28 01:35:13.61582,
88428,1,,,85327,t,2026-06-28 01:35:13.617708,
88429,1,,,85327,t,2026-06-28 01:35:13.620062,
88430,1,,,85328,t,2026-06-28 01:35:13.625669,
88431,1,,,85328,t,2026-06-28 01:35:13.628042,
88432,1,,,85328,t,2026-06-28 01:35:13.63072,
88433,1,,,85328,t,2026-06-28 01:35:13.632511,
88434,1,,,85328,t,2026-06-28 01:35:13.634079,
88435,1,,,85328,t,2026-06-28 01:35:13.932531,
88436,1,,,85328,t,2026-06-28 01:35:13.936616,
88437,1,,,85329,t,2026-06-28 01:35:13.942229,
88438,1,,,85329,t,2026-06-28 01:35:13.945955,
88439,1,,,85329,t,2026-06-28 01:35:13.9485,
88440,1,,,85329,t,2026-06-28 01:35:13.95142,
88441,1,,,85330,t,2026-06-28 01:36:53.348153,
88442,1,,,85330,t,2026-06-28 01:36:53.319338,
88443,1,,,85330,t,2026-06-28 01:36:53.275006,
88444,1,,,85330,t,2026-06-28 01:36:53.319338,
88445,1,,,85331,t,2026-06-28 01:35:13.97652,
88446,1,,,85331,t,2026-06-28 01:35:13.980865,
88447,1,,,85332,t,2026-06-28 01:36:53.538658,
88448,1,,,85332,t,2026-06-28 01:36:53.489095,
88449,1,,,85332,t,2026-06-28 01:36:53.489687,
88450,1,,,85332,t,2026-06-28 01:36:53.489687,
88451,1,,,85332,t,2026-06-28 01:36:53.489687,
88452,1,,,85332,t,2026-06-28 01:36:53.489687,
88453,1,,,85332,t,2026-06-28 01:36:53.424259,
88454,1,,,85333,t,2026-06-28 01:35:14.005321,
88455,1,,,85333,t,2026-06-28 01:35:14.00842,
88456,1,,,85333,t,2026-06-28 01:35:14.013288,
88457,1,,,85333,t,2026-06-28 01:35:14.015977,
88458,1,,,85334,t,2026-06-28 01:35:14.020582,
88459,1,,,85334,t,2026-06-28 01:35:14.024437,
88460,1,,,85334,t,2026-06-28 01:35:14.027721,
88461,1,,,85334,t,2026-06-28 01:35:14.029709,
88462,1,,,85334,t,2026-06-28 01:35:14.031908,
88463,1,,,85334,t,2026-06-28 01:35:14.041365,
88464,1,,,85335,t,2026-06-28 01:35:14.044639,
88465,1,,,85335,t,2026-06-28 01:35:14.049385,
88466,1,,,85335,t,2026-06-28 01:35:14.053072,
88467,1,,,85335,t,2026-06-28 01:35:14.05842,
88468,1,,,85335,t,2026-06-28 01:35:14.061583,
88469,1,,,85336,t,2026-06-28 01:35:14.066559,
88470,1,,,85337,t,2026-06-28 01:35:14.068603,
88471,1,,,85337,t,2026-06-28 01:35:14.075759,
88472,1,,,85337,t,2026-06-28 01:35:14.078853,
88473,1,,,85337,t,2026-06-28 01:35:14.081133,
88474,1,,,85337,t,2026-06-28 01:35:14.084166,
88475,1,,,85337,t,2026-06-28 01:35:14.088453,
88476,1,,,85337,t,2026-06-28 01:35:14.092066,
88477,1,,,85337,t,2026-06-28 01:35:14.094727,
88478,1,,,85338,t,2026-06-28 01:36:53.739847,
88479,1,,,85338,t,2026-06-28 01:36:53.640643,
88480,1,,,85338,t,2026-06-28 01:36:53.640643,
88481,1,,,85338,t,2026-06-28 01:36:53.700689,
88482,1,,,85338,t,2026-06-28 01:36:53.640643,
88483,1,,,85338,t,2026-06-28 01:36:53.640643,
88484,1,,,85338,t,2026-06-28 01:36:53.640643,
88485,1,,,85338,t,2026-06-28 01:36:53.640643,
88486,1,,,85338,t,2026-06-28 01:36:53.700689,
88487,1,,,85338,t,2026-06-28 01:36:53.640643,
88488,1,,,85339,t,2026-06-28 01:35:14.143185,
88489,1,,,85339,t,2026-06-28 01:35:14.146853,
88490,1,,,85339,t,2026-06-28 01:35:14.148844,
88491,1,,,85339,t,2026-06-28 01:35:14.150823,
88492,1,,,85339,t,2026-06-28 01:35:14.153413,
88493,1,,,85340,t,2026-06-28 01:35:14.155504,
88494,1,,,85340,t,2026-06-28 01:35:14.156964,
88495,1,,,85340,t,2026-06-28 01:35:14.158366,
88496,1,,,85340,t,2026-06-28 01:35:14.161203,
88497,1,,,85340,t,2026-06-28 01:35:14.163207,
88498,1,,,85340,t,2026-06-28 01:35:14.165061,
88499,1,,,85340,t,2026-06-28 01:35:14.166744,
88500,1,,,85340,t,2026-06-28 01:35:14.168603,
88501,1,,,85340,t,2026-06-28 01:35:14.170981,
88502,1,,,85341,t,2026-06-28 01:35:14.175305,
88503,1,,,85341,t,2026-06-28 01:35:14.178942,
88504,1,,,85341,t,2026-06-28 01:35:14.181948,
88505,1,,,85341,t,2026-06-28 01:35:14.185927,
88506,1,,,85341,t,2026-06-28 01:35:14.190556,
88507,1,,,85341,t,2026-06-28 01:35:14.193592,
88508,1,,,85342,t,2026-06-28 01:35:14.199907,
88509,1,,,85342,t,2026-06-28 01:35:14.208794,
88510,1,,,85342,t,2026-06-28 01:35:14.212489,
88511,1,,,85342,t,2026-06-28 01:35:14.218041,
88512,1,,,85342,t,2026-06-28 01:35:14.222903,
88513,1,,,85343,t,2026-06-28 01:36:53.854632,
88514,1,,,85343,t,2026-06-28 01:36:53.815456,
88515,1,,,85343,t,2026-06-28 01:36:53.815456,
88516,1,,,85343,t,2026-06-28 01:36:53.815986,
88517,1,,,85344,t,2026-06-28 01:35:14.242391,
88518,1,,,85344,t,2026-06-28 01:35:14.245657,
88519,1,,,85345,t,2026-06-28 01:35:14.250434,
88520,1,,,85345,t,2026-06-28 01:35:14.253593,
88521,1,,,85345,t,2026-06-28 01:35:14.257112,
88522,1,,,85345,t,2026-06-28 01:35:14.262315,
88523,1,,,85345,t,2026-06-28 01:35:14.264757,
88524,1,,,85346,t,2026-06-28 01:35:14.2681,
88525,1,,,85347,t,2026-06-28 01:35:14.274162,
88526,1,,,85347,t,2026-06-28 01:35:14.276666,
88527,1,,,85347,t,2026-06-28 01:35:14.279022,
88528,1,,,85347,t,2026-06-28 01:35:14.282111,
88529,1,,,85347,t,2026-06-28 01:35:14.284667,
88530,1,,,85347,t,2026-06-28 01:35:14.289443,
88531,1,,,85348,t,2026-06-28 01:35:14.292213,
88532,1,,,85348,t,2026-06-28 01:35:14.29504,
88533,1,,,85348,t,2026-06-28 01:35:14.298228,
88534,1,,,85348,t,2026-06-28 01:35:14.300884,
88535,1,,,85348,t,2026-06-28 01:35:14.567051,
88536,1,,,85348,t,2026-06-28 01:35:14.575279,
88537,1,,,85349,t,2026-06-28 01:35:14.578643,
88538,1,,,85349,t,2026-06-28 01:35:14.581885,
88539,1,,,85349,t,2026-06-28 01:35:14.584638,
88540,1,,,85350,t,2026-06-28 01:35:14.590395,
88541,1,,,85350,t,2026-06-28 01:35:14.596355,
88542,1,,,85350,t,2026-06-28 01:35:14.599064,
88543,1,,,85350,t,2026-06-28 01:35:14.603208,
88544,1,,,85350,t,2026-06-28 01:35:14.610557,
88545,1,,,85350,t,2026-06-28 01:35:14.61445,
88546,1,,,85350,t,2026-06-28 01:35:14.617613,
88547,1,,,85350,t,2026-06-28 01:35:14.627225,
88548,1,,,85351,t,2026-06-28 01:35:14.630105,
88549,1,,,85351,t,2026-06-28 01:35:14.637331,
88550,1,,,85351,t,2026-06-28 01:35:14.640219,
88551,1,,,85351,t,2026-06-28 01:35:14.643624,
88552,1,,,85351,t,2026-06-28 01:35:14.648005,
88553,1,,,85351,t,2026-06-28 01:35:14.65227,
88554,1,,,85351,t,2026-06-28 01:35:14.654305,
88555,1,,,85351,t,2026-06-28 01:35:14.656244,
88556,1,,,85352,t,2026-06-28 01:35:14.658146,
88557,1,,,85352,t,2026-06-28 01:35:14.660017,
88558,1,,,85352,t,2026-06-28 01:35:14.661441,
88559,1,,,85352,t,2026-06-28 01:35:14.66336,
88560,1,,,85352,t,2026-06-28 01:35:14.664808,
88561,1,,,85352,t,2026-06-28 01:35:14.666594,
88562,1,,,85353,t,2026-06-28 01:35:14.667787,
88563,1,,,85353,t,2026-06-28 01:35:14.670883,
88564,1,,,85353,t,2026-06-28 01:35:14.672598,
88565,1,,,85354,t,2026-06-28 01:35:14.674791,
88566,1,,,85354,t,2026-06-28 01:35:14.676607,
88567,1,,,85354,t,2026-06-28 01:35:14.677808,
88568,1,,,85354,t,2026-06-28 01:35:14.680215,
88569,1,,,85355,t,2026-06-28 01:35:14.682997,
88570,1,,,85355,t,2026-06-28 01:35:14.687406,
88571,1,,,85355,t,2026-06-28 01:35:14.690395,
88572,1,,,85355,t,2026-06-28 01:35:14.696071,
88573,1,,,85355,t,2026-06-28 01:35:14.69901,
88574,1,,,85355,t,2026-06-28 01:35:14.707244,
88575,1,,,85356,t,2026-06-28 01:35:14.710848,
88576,1,,,85356,t,2026-06-28 01:35:14.715264,
88577,1,,,85356,t,2026-06-28 01:35:14.727598,
88578,1,,,85356,t,2026-06-28 01:35:14.731428,
88579,1,,,85357,t,2026-06-28 01:35:14.73338,
88580,1,,,85357,t,2026-06-28 01:35:14.73532,
88581,1,,,85357,t,2026-06-28 01:35:14.737138,
88582,1,,,85358,t,2026-06-28 01:35:14.739074,
88583,1,,,85358,t,2026-06-28 01:35:14.741259,
88584,1,,,85358,t,2026-06-28 01:35:14.743204,
88585,1,,,85358,t,2026-06-28 01:35:14.745165,
88586,1,,,85358,t,2026-06-28 01:35:14.747496,
88587,1,,,85358,t,2026-06-28 01:35:14.749485,
88588,1,,,85358,t,2026-06-28 01:35:14.751448,
88589,1,,,85359,t,2026-06-28 01:35:14.755954,
88590,1,,,85359,t,2026-06-28 01:35:14.758862,
88591,1,,,85359,t,2026-06-28 01:35:14.762709,
88592,1,,,85359,t,2026-06-28 01:35:14.764788,
88593,1,,,85359,t,2026-06-28 01:35:14.767664,
88594,1,,,85359,t,2026-06-28 01:35:14.774276,
88595,1,,,85359,t,2026-06-28 01:35:14.778317,
88596,1,,,85360,t,2026-06-28 01:35:14.781052,
88597,1,,,85360,t,2026-06-28 01:35:14.783467,
88598,1,,,85360,t,2026-06-28 01:35:14.785281,
88599,1,,,85361,t,2026-06-28 01:35:14.78718,
88600,1,,,85362,t,2026-06-28 01:35:14.789512,
88601,1,,,85362,t,2026-06-28 01:35:14.791451,
88602,1,,,85363,t,2026-06-28 01:36:54.036831,
88603,1,,,85363,t,2026-06-28 01:36:53.985164,
88604,1,,,85363,t,2026-06-28 01:36:53.985164,
88605,1,,,85363,t,2026-06-28 01:36:53.985164,
88606,1,,,85363,t,2026-06-28 01:36:53.985164,
88607,1,,,85363,t,2026-06-28 01:36:53.923546,
88608,1,,,85364,t,2026-06-28 01:36:54.213965,
88609,1,,,85364,t,2026-06-28 01:36:54.106621,
88610,1,,,85364,t,2026-06-28 01:36:54.107198,
88611,1,,,85364,t,2026-06-28 01:36:54.16614,
88612,1,,,85364,t,2026-06-28 01:36:54.16614,
88613,1,,,85365,t,2026-06-28 01:35:14.825685,
88614,1,,,85365,t,2026-06-28 01:35:14.829403,
88615,1,,,85365,t,2026-06-28 01:35:14.832651,
88616,1,,,85365,t,2026-06-28 01:35:14.835908,
88617,1,,,85365,t,2026-06-28 01:35:14.838448,
88618,1,,,85366,t,2026-06-28 01:36:54.345856,
88619,1,,,85366,t,2026-06-28 01:36:54.300385,
88620,1,,,85366,t,2026-06-28 01:36:54.300385,
88621,1,,,85366,t,2026-06-28 01:36:54.278536,
88622,1,,,85366,t,2026-06-28 01:36:54.300385,
88623,1,,,85366,t,2026-06-28 01:36:54.300385,
88624,1,,,85366,t,2026-06-28 01:36:54.300385,
88625,1,,,85366,t,2026-06-28 01:36:54.300385,
88626,1,,,85368,t,2026-06-28 01:35:14.875056,
88627,1,,,85368,t,2026-06-28 01:35:14.878311,
88628,1,,,85368,t,2026-06-28 01:35:14.883136,
88629,1,,,85368,t,2026-06-28 01:35:14.88843,
88630,1,,,85368,t,2026-06-28 01:35:14.892227,
88631,1,,,85369,t,2026-06-28 01:35:14.895804,
88632,1,,,85369,t,2026-06-28 01:35:14.898889,
88633,1,,,85369,t,2026-06-28 01:35:14.903778,
88634,1,,,85369,t,2026-06-28 01:35:14.90736,
88635,1,,,85369,t,2026-06-28 01:35:15.274566,
88636,1,,,85369,t,2026-06-28 01:35:15.277767,
88637,1,,,85369,t,2026-06-28 01:35:15.280114,
88638,1,,,85369,t,2026-06-28 01:35:15.28269,
88639,1,,,85370,t,2026-06-28 01:35:15.285057,
88640,1,,,85370,t,2026-06-28 01:35:15.287513,
88641,1,,,85370,t,2026-06-28 01:35:15.289528,
88642,1,,,85370,t,2026-06-28 01:35:15.291577,
88643,1,,,85370,t,2026-06-28 01:35:15.293668,
88644,1,,,85370,t,2026-06-28 01:35:15.296453,
88645,1,,,85370,t,2026-06-28 01:35:15.298613,
88646,1,,,85371,t,2026-06-28 01:35:15.300437,
88647,1,,,85371,t,2026-06-28 01:35:15.304283,
88648,1,,,85371,t,2026-06-28 01:35:15.306188,
88649,1,,,85371,t,2026-06-28 01:35:15.307467,
88650,1,,,85371,t,2026-06-28 01:35:15.30974,
88651,1,,,85372,t,2026-06-28 01:36:54.603071,
88652,1,,,85372,t,2026-06-28 01:36:54.561422,
88653,1,,,85372,t,2026-06-28 01:36:54.501578,
88654,1,,,85372,t,2026-06-28 01:36:54.501578,
88655,1,,,85372,t,2026-06-28 01:36:54.561422,
88656,1,,,85372,t,2026-06-28 01:36:54.440158,
88657,1,,,85373,t,2026-06-28 01:36:54.792508,
88658,1,,,85373,t,2026-06-28 01:36:54.751921,
88659,1,,,85373,t,2026-06-28 01:36:54.689345,
88660,1,,,85374,t,2026-06-28 01:36:55.005811,
88661,1,,,85374,t,2026-06-28 01:36:54.96503,
88662,1,,,85374,t,2026-06-28 01:36:54.910047,
88663,1,,,85374,t,2026-06-28 01:36:54.910047,
88664,1,,,85374,t,2026-06-28 01:36:54.966566,
88665,1,,,85374,t,2026-06-28 01:36:54.966566,
88666,1,,,85374,t,2026-06-28 01:36:54.859201,
88667,1,,,85375,t,2026-06-28 01:35:15.347645,
88668,1,,,85375,t,2026-06-28 01:35:15.3494,
88669,1,,,85375,t,2026-06-28 01:35:15.355703,
88670,1,,,85375,t,2026-06-28 01:35:15.36621,
88671,1,,,85375,t,2026-06-28 01:35:15.373672,
88672,1,,,85375,t,2026-06-28 01:35:15.378598,
88673,1,,,85375,t,2026-06-28 01:35:15.381726,
88674,1,,,85375,t,2026-06-28 01:35:15.386127,
88675,1,,,85376,t,2026-06-28 01:36:55.256817,
88676,1,,,85376,t,2026-06-28 01:36:55.123489,
88677,1,,,85376,t,2026-06-28 01:36:55.189054,
88678,1,,,85376,t,2026-06-28 01:36:55.189054,
88679,1,,,85376,t,2026-06-28 01:36:55.123489,
88680,1,,,85376,t,2026-06-28 01:36:55.189054,
88681,1,,,85376,t,2026-06-28 01:36:55.081637,
88682,1,,,85376,t,2026-06-28 01:36:55.231398,
88683,1,,,85377,t,2026-06-28 01:35:15.431674,
88684,1,,,85377,t,2026-06-28 01:35:15.436531,
88685,1,,,85377,t,2026-06-28 01:35:15.439804,
88686,1,,,85378,t,2026-06-28 01:35:15.443555,
88687,1,,,85378,t,2026-06-28 01:35:15.447482,
88688,1,,,85378,t,2026-06-28 01:35:15.45089,
88689,1,,,85378,t,2026-06-28 01:35:15.455278,
88690,1,,,85378,t,2026-06-28 01:35:15.460473,
88691,1,,,85378,t,2026-06-28 01:35:15.466779,
88692,1,,,85378,t,2026-06-28 01:35:15.473578,
88693,1,,,85379,t,2026-06-28 01:36:55.371865,
88694,1,,,85379,t,2026-06-28 01:36:55.331627,
88695,1,,,85380,t,2026-06-28 01:35:15.488802,
88696,1,,,85380,t,2026-06-28 01:35:15.492441,
88697,1,,,85381,t,2026-06-28 01:35:15.49562,
88698,1,,,85381,t,2026-06-28 01:35:15.501299,
88699,1,,,85381,t,2026-06-28 01:35:15.505817,
88700,1,,,85381,t,2026-06-28 01:35:15.510316,
88701,1,,,85381,t,2026-06-28 01:35:15.514668,
88702,1,,,85381,t,2026-06-28 01:35:15.5193,
88703,1,,,85381,t,2026-06-28 01:35:15.525707,
88704,1,,,85383,t,2026-06-28 01:35:15.530137,
88705,1,,,85383,t,2026-06-28 01:35:15.53485,
88706,1,,,85383,t,2026-06-28 01:35:15.537754,
88707,1,,,85383,t,2026-06-28 01:35:15.542044,
88708,1,,,85383,t,2026-06-28 01:35:15.545556,
88709,1,,,85384,t,2026-06-28 01:35:15.549731,
88710,1,,,85384,t,2026-06-28 01:35:15.553567,
88711,1,,,85385,t,2026-06-28 01:35:15.557124,
88712,1,,,85386,t,2026-06-28 01:35:15.560905,
88713,1,,,85386,t,2026-06-28 01:35:15.564705,
88714,1,,,85386,t,2026-06-28 01:35:15.568156,
88715,1,,,85386,t,2026-06-28 01:35:15.572026,
88716,1,,,85386,t,2026-06-28 01:35:15.574865,
88717,1,,,85386,t,2026-06-28 01:35:15.578296,
88718,1,,,85386,t,2026-06-28 01:35:15.580978,
88719,1,,,85386,t,2026-06-28 01:35:15.584455,
88720,1,,,85387,t,2026-06-28 01:35:15.587651,
88721,1,,,85387,t,2026-06-28 01:35:15.591634,
88722,1,,,85387,t,2026-06-28 01:35:15.595089,
88723,1,,,85387,t,2026-06-28 01:35:15.601114,
88724,1,,,85387,t,2026-06-28 01:35:15.604865,
88725,1,,,85387,t,2026-06-28 01:35:15.607064,
88726,1,,,85387,t,2026-06-28 01:35:15.609553,
88727,1,,,85387,t,2026-06-28 01:35:15.612116,
88728,1,,,85388,t,2026-06-28 01:35:15.615705,
88729,1,,,85388,t,2026-06-28 01:35:15.620848,
88730,1,,,85388,t,2026-06-28 01:35:15.624317,
88731,1,,,85388,t,2026-06-28 01:35:15.628035,
88732,1,,,85388,t,2026-06-28 01:35:15.632561,
88733,1,,,85388,t,2026-06-28 01:35:15.636462,
88734,1,,,85389,t,2026-06-28 01:35:15.639784,
88735,1,,,85390,t,2026-06-28 01:35:16.00918,
88736,1,,,85390,t,2026-06-28 01:35:16.018191,
88737,1,,,85390,t,2026-06-28 01:35:16.024563,
88738,1,,,85391,t,2026-06-28 01:35:16.030244,
88739,1,,,85391,t,2026-06-28 01:35:16.036943,
88740,1,,,85391,t,2026-06-28 01:35:16.042529,
88741,1,,,85391,t,2026-06-28 01:35:16.048779,
88742,1,,,85392,t,2026-06-28 01:35:16.054522,
88743,1,,,85392,t,2026-06-28 01:35:16.062423,
88744,1,,,85392,t,2026-06-28 01:35:16.068727,
88745,1,,,85393,t,2026-06-28 01:36:55.552038,
88746,1,,,85393,t,2026-06-28 01:36:55.552038,
88747,1,,,85393,t,2026-06-28 01:36:55.51606,
88748,1,,,85393,t,2026-06-28 01:36:55.462703,
88749,1,,,85393,t,2026-06-28 01:36:55.46301,
88750,1,,,85393,t,2026-06-28 01:36:55.46301,
88751,1,,,85393,t,2026-06-28 01:36:55.46301,
88752,1,,,85394,t,2026-06-28 01:35:16.121976,
88753,1,,,85395,t,2026-06-28 01:35:16.128518,
88754,1,,,85395,t,2026-06-28 01:35:16.133639,
88755,1,,,85395,t,2026-06-28 01:35:16.139612,
88756,1,,,85395,t,2026-06-28 01:35:16.14598,
88757,1,,,85395,t,2026-06-28 01:35:16.151958,
88758,1,,,85395,t,2026-06-28 01:35:16.160043,
88759,1,,,85396,t,2026-06-28 01:35:16.165806,
88760,1,,,85396,t,2026-06-28 01:35:16.175667,
88761,1,,,85396,t,2026-06-28 01:35:16.182821,
88762,1,,,85396,t,2026-06-28 01:35:16.18751,
88763,1,,,85396,t,2026-06-28 01:35:16.193433,
88764,1,,,85396,t,2026-06-28 01:35:16.200425,
88765,1,,,85397,t,2026-06-28 01:35:16.20831,
88766,1,,,85398,t,2026-06-28 01:35:16.993285,
88767,1,,,85398,t,2026-06-28 01:35:16.99664,
88768,1,,,85399,t,2026-06-28 01:36:55.669043,
88769,1,,,85399,t,2026-06-28 01:36:55.633332,
88770,1,,,85400,t,2026-06-28 01:36:55.888158,
88771,1,,,85400,t,2026-06-28 01:36:55.810651,
88772,1,,,85400,t,2026-06-28 01:36:55.856064,
88773,1,,,85400,t,2026-06-28 01:36:55.810651,
88774,1,,,85400,t,2026-06-28 01:36:55.856064,
88775,1,,,85400,t,2026-06-28 01:36:55.747711,
88776,1,,,85401,t,2026-06-28 01:35:17.026729,
88777,1,,,85401,t,2026-06-28 01:35:17.030242,
88778,1,,,85401,t,2026-06-28 01:35:17.033591,
88779,1,,,85401,t,2026-06-28 01:35:17.038147,
88780,1,,,85401,t,2026-06-28 01:35:17.041803,
88781,1,,,85401,t,2026-06-28 01:35:17.044788,
88782,1,,,85401,t,2026-06-28 01:35:17.04956,
88783,1,,,85401,t,2026-06-28 01:35:17.055777,
88784,1,,,85402,t,2026-06-28 01:35:17.060968,
88785,1,,,85402,t,2026-06-28 01:35:17.065648,
88786,1,,,85403,t,2026-06-28 01:36:55.945932,
88787,1,,,85404,t,2026-06-28 01:35:17.072097,
88788,1,,,85405,t,2026-06-28 01:35:17.074603,
88789,1,,,85405,t,2026-06-28 01:35:17.077266,
88790,1,,,85405,t,2026-06-28 01:35:17.08044,
88791,1,,,85405,t,2026-06-28 01:35:17.083663,
88792,1,,,85405,t,2026-06-28 01:35:17.086841,
88793,1,,,85405,t,2026-06-28 01:35:17.089302,
88794,1,,,85406,t,2026-06-28 01:35:17.092367,
88795,1,,,85406,t,2026-06-28 01:35:17.094894,
88796,1,,,85406,t,2026-06-28 01:35:17.096809,
88797,1,,,85406,t,2026-06-28 01:35:17.101909,
88798,1,,,85406,t,2026-06-28 01:35:17.105821,
88799,1,,,85407,t,2026-06-28 01:35:17.109449,
88800,1,,,85407,t,2026-06-28 01:35:17.113303,
88801,1,,,85407,t,2026-06-28 01:35:17.118742,
88802,1,,,85407,t,2026-06-28 01:35:17.121756,
88803,1,,,85407,t,2026-06-28 01:35:17.124644,
88804,1,,,85407,t,2026-06-28 01:35:17.127303,
88805,1,,,85407,t,2026-06-28 01:35:17.129485,
88806,1,,,85407,t,2026-06-28 01:35:17.131669,
88807,1,,,85408,t,2026-06-28 01:36:56.166201,
88808,1,,,85408,t,2026-06-28 01:36:56.083171,
88809,1,,,85408,t,2026-06-28 01:36:56.129614,
88810,1,,,85408,t,2026-06-28 01:36:56.042415,
88811,1,,,85409,t,2026-06-28 01:35:17.148337,
88812,1,,,85409,t,2026-06-28 01:35:17.151911,
88813,1,,,85409,t,2026-06-28 01:35:17.155072,
88814,1,,,85409,t,2026-06-28 01:35:17.157313,
88815,1,,,85410,t,2026-06-28 01:35:17.160148,
88816,1,,,85410,t,2026-06-28 01:35:17.162632,
88817,1,,,85410,t,2026-06-28 01:35:17.165917,
88818,1,,,85410,t,2026-06-28 01:35:17.172842,
88819,1,,,85411,t,2026-06-28 01:35:17.175923,
88820,1,,,85411,t,2026-06-28 01:35:17.178419,
88821,1,,,85411,t,2026-06-28 01:35:17.181044,
88822,1,,,85411,t,2026-06-28 01:35:17.186151,
88823,1,,,85411,t,2026-06-28 01:35:17.189599,
88824,1,,,85412,t,2026-06-28 01:36:56.318427,
88825,1,,,85412,t,2026-06-28 01:36:56.283719,
88826,1,,,85413,t,2026-06-28 01:36:56.513056,
88827,1,,,85413,t,2026-06-28 01:36:56.426517,
88828,1,,,85413,t,2026-06-28 01:36:56.479582,
88829,1,,,85413,t,2026-06-28 01:36:56.427128,
88830,1,,,85413,t,2026-06-28 01:36:56.396224,
88831,1,,,85414,t,2026-06-28 01:36:56.796874,
88832,1,,,85414,t,2026-06-28 01:36:56.679188,
88833,1,,,85414,t,2026-06-28 01:36:56.679188,
88834,1,,,85414,t,2026-06-28 01:36:56.679188,
88835,1,,,85414,t,2026-06-28 01:36:56.679188,
88836,1,,,85414,t,2026-06-28 01:36:56.751055,
88837,1,,,85414,t,2026-06-28 01:36:56.751055,
88838,1,,,85414,t,2026-06-28 01:36:56.587034,
88839,1,,,85415,t,2026-06-28 01:35:17.398315,
88840,1,,,85415,t,2026-06-28 01:35:17.401045,
88841,1,,,85416,t,2026-06-28 01:35:17.402772,
88842,1,,,85416,t,2026-06-28 01:35:17.404632,
88843,1,,,85416,t,2026-06-28 01:35:17.406472,
88844,1,,,85416,t,2026-06-28 01:35:17.408395,
88845,1,,,85417,t,2026-06-28 01:36:57.11035,
88846,1,,,85417,t,2026-06-28 01:36:56.936295,
88847,1,,,85417,t,2026-06-28 01:36:57.00399,
88848,1,,,85417,t,2026-06-28 01:36:57.00399,
88849,1,,,85417,t,2026-06-28 01:36:56.936295,
88850,1,,,85417,t,2026-06-28 01:36:57.00399,
88851,1,,,85417,t,2026-06-28 01:36:57.00399,
88852,1,,,85417,t,2026-06-28 01:36:57.00399,
88853,1,,,85417,t,2026-06-28 01:36:56.866631,
88854,1,,,85417,t,2026-06-28 01:36:57.066205,
88855,1,,,85778,t,2026-06-28 01:35:17.440108,
88856,1,,,85778,t,2026-06-28 01:35:17.443626,
88857,1,,,85778,t,2026-06-28 01:35:17.446453,
88858,1,,,85778,t,2026-06-28 01:35:17.450708,
88859,1,,,85778,t,2026-06-28 01:35:17.452705,
88860,1,,,85778,t,2026-06-28 01:35:17.455291,
88861,1,,,85778,t,2026-06-28 01:35:17.457499,
88862,1,,,85419,t,2026-06-28 01:35:17.460855,
88863,1,,,85419,t,2026-06-28 01:35:17.462983,
88864,1,,,85420,t,2026-06-28 01:35:17.465921,
88865,1,,,85420,t,2026-06-28 01:35:17.468007,
88866,1,,,85420,t,2026-06-28 01:35:17.473816,
88867,1,,,85420,t,2026-06-28 01:35:17.476654,
88868,1,,,85420,t,2026-06-28 01:35:17.478923,
88869,1,,,85420,t,2026-06-28 01:35:17.486427,
88870,1,,,85421,t,2026-06-28 01:35:17.489431,
88871,1,,,85421,t,2026-06-28 01:35:17.493519,
88872,1,,,85421,t,2026-06-28 01:35:17.49567,
88873,1,,,85421,t,2026-06-28 01:35:17.506218,
88874,1,,,85422,t,2026-06-28 01:35:17.510092,
88875,1,,,85422,t,2026-06-28 01:35:17.511964,
88876,1,,,85422,t,2026-06-28 01:35:17.521435,
88877,1,,,85422,t,2026-06-28 01:35:17.524054,
88878,1,,,85422,t,2026-06-28 01:35:17.526362,
88879,1,,,85422,t,2026-06-28 01:35:17.527973,
88880,1,,,85957,t,2026-06-28 01:35:17.52931,
88881,1,,,85424,t,2026-06-28 01:36:57.376702,
88882,1,,,85424,t,2026-06-28 01:36:57.258412,
88883,1,,,85424,t,2026-06-28 01:36:57.333627,
88884,1,,,85424,t,2026-06-28 01:36:57.259016,
88885,1,,,85424,t,2026-06-28 01:36:57.259016,
88886,1,,,85424,t,2026-06-28 01:36:57.333627,
88887,1,,,85424,t,2026-06-28 01:36:57.259016,
88888,1,,,85424,t,2026-06-28 01:36:57.193875,
88889,1,,,85425,t,2026-06-28 01:36:57.552364,
88890,1,,,85425,t,2026-06-28 01:36:57.46205,
88891,1,,,85425,t,2026-06-28 01:36:57.46205,
88892,1,,,85425,t,2026-06-28 01:36:57.46205,
88893,1,,,85425,t,2026-06-28 01:36:57.526582,
88894,1,,,85426,t,2026-06-28 01:35:17.574418,
88895,1,,,85426,t,2026-06-28 01:35:17.57505,
88896,1,,,85426,t,2026-06-28 01:35:17.576712,
88897,1,,,85427,t,2026-06-28 01:36:57.816305,
88898,1,,,85427,t,2026-06-28 01:36:57.754523,
88899,1,,,85427,t,2026-06-28 01:36:57.683722,
88900,1,,,85427,t,2026-06-28 01:36:57.755017,
88901,1,,,85427,t,2026-06-28 01:36:57.755017,
88902,1,,,85427,t,2026-06-28 01:36:57.755017,
88903,1,,,85427,t,2026-06-28 01:36:57.755017,
88904,1,,,85427,t,2026-06-28 01:36:57.6843,
88905,1,,,85427,t,2026-06-28 01:36:57.755017,
88906,1,,,85427,t,2026-06-28 01:36:57.631408,
88907,1,,,85428,t,2026-06-28 01:35:17.604002,
88908,1,,,85429,t,2026-06-28 01:36:58.044474,
88909,1,,,85429,t,2026-06-28 01:36:57.897595,
88910,1,,,85429,t,2026-06-28 01:36:57.957505,
88911,1,,,85429,t,2026-06-28 01:36:57.957505,
88912,1,,,85429,t,2026-06-28 01:36:57.998129,
88913,1,,,85430,t,2026-06-28 01:35:17.617953,
88914,1,,,85430,t,2026-06-28 01:35:17.621797,
88915,1,,,85430,t,2026-06-28 01:35:17.623754,
88916,1,,,85430,t,2026-06-28 01:35:17.626126,
88917,1,,,85431,t,2026-06-28 01:36:58.257746,
88918,1,,,85431,t,2026-06-28 01:36:58.160556,
88919,1,,,85431,t,2026-06-28 01:36:58.216809,
88920,1,,,85431,t,2026-06-28 01:36:58.160556,
88921,1,,,85432,t,2026-06-28 01:35:17.637605,
88922,1,,,85432,t,2026-06-28 01:35:17.639551,
88923,1,,,85432,t,2026-06-28 01:35:17.641691,
88924,1,,,85432,t,2026-06-28 01:35:17.643446,
88925,1,,,85432,t,2026-06-28 01:35:17.645144,
88926,1,,,85432,t,2026-06-28 01:35:17.647443,
88927,1,,,85432,t,2026-06-28 01:35:17.654908,
88928,1,,,85433,t,2026-06-28 01:35:17.658459,
88929,1,,,85433,t,2026-06-28 01:35:17.662173,
88930,1,,,85434,t,2026-06-28 01:35:17.667518,
88931,1,,,85434,t,2026-06-28 01:35:17.670573,
88932,1,,,85434,t,2026-06-28 01:35:17.674039,
88933,1,,,85434,t,2026-06-28 01:35:17.676931,
88934,1,,,85434,t,2026-06-28 01:35:17.678954,
88935,1,,,85435,t,2026-06-28 01:35:17.942416,
88936,1,,,85436,t,2026-06-28 01:36:58.435449,
88937,1,,,85436,t,2026-06-28 01:36:58.349667,
88938,1,,,85436,t,2026-06-28 01:36:58.396136,
88939,1,,,85436,t,2026-06-28 01:36:58.349667,
88940,1,,,85437,t,2026-06-28 01:35:17.963831,
88941,1,,,85438,t,2026-06-28 01:35:17.967018,
88942,1,,,85438,t,2026-06-28 01:35:17.97027,
88943,1,,,85438,t,2026-06-28 01:35:17.973092,
88944,1,,,85439,t,2026-06-28 01:35:17.976064,
88945,1,,,85439,t,2026-06-28 01:35:17.978798,
88946,1,,,85439,t,2026-06-28 01:35:17.982634,
88947,1,,,85439,t,2026-06-28 01:35:17.985659,
88948,1,,,85439,t,2026-06-28 01:35:17.988636,
88949,1,,,85439,t,2026-06-28 01:35:17.991632,
88950,1,,,85440,t,2026-06-28 01:36:58.65519,
88951,1,,,85440,t,2026-06-28 01:36:58.577793,
88952,1,,,85440,t,2026-06-28 01:36:58.577793,
88953,1,,,85440,t,2026-06-28 01:36:58.516647,
88954,1,,,85440,t,2026-06-28 01:36:58.622368,
88955,1,,,85441,t,2026-06-28 01:36:58.838768,
88956,1,,,85441,t,2026-06-28 01:36:58.805042,
88957,1,,,85441,t,2026-06-28 01:36:58.745446,
88958,1,,,85441,t,2026-06-28 01:36:58.805042,
88959,1,,,85441,t,2026-06-28 01:36:58.745446,
88960,1,,,85441,t,2026-06-28 01:36:58.745446,
88961,1,,,85442,t,2026-06-28 01:35:18.028494,
88962,1,,,85442,t,2026-06-28 01:35:18.032319,
88963,1,,,85443,t,2026-06-28 01:36:59.14975,
88964,1,,,85443,t,2026-06-28 01:36:58.964029,
88965,1,,,85443,t,2026-06-28 01:36:59.0265,
88966,1,,,85443,t,2026-06-28 01:36:58.913248,
88967,1,,,85443,t,2026-06-28 01:36:59.089861,
88968,1,,,85444,t,2026-06-28 01:35:18.050911,
88969,1,,,85444,t,2026-06-28 01:35:18.053871,
88970,1,,,85444,t,2026-06-28 01:35:18.056685,
88971,1,,,85444,t,2026-06-28 01:35:18.059455,
88972,1,,,85444,t,2026-06-28 01:35:18.061654,
88973,1,,,85445,t,2026-06-28 01:35:18.064734,
88974,1,,,85446,t,2026-06-28 01:36:59.421817,
88975,1,,,85446,t,2026-06-28 01:36:59.296443,
88976,1,,,85446,t,2026-06-28 01:36:59.296443,
88977,1,,,85446,t,2026-06-28 01:36:59.296443,
88978,1,,,85446,t,2026-06-28 01:36:59.296443,
88979,1,,,85446,t,2026-06-28 01:36:59.365861,
88980,1,,,85446,t,2026-06-28 01:36:59.365861,
88981,1,,,85446,t,2026-06-28 01:36:59.230695,
88982,1,,,85447,t,2026-06-28 01:36:59.62926,
88983,1,,,85447,t,2026-06-28 01:36:59.62983,
88984,1,,,85447,t,2026-06-28 01:36:59.573492,
88985,1,,,85447,t,2026-06-28 01:36:59.508759,
88986,1,,,85447,t,2026-06-28 01:36:59.509287,
88987,1,,,85447,t,2026-06-28 01:36:59.509287,
88988,1,,,85447,t,2026-06-28 01:36:59.573492,
88989,1,,,85448,t,2026-06-28 01:36:59.839481,
88990,1,,,85448,t,2026-06-28 01:36:59.716797,
88991,1,,,85448,t,2026-06-28 01:36:59.786523,
88992,1,,,85448,t,2026-06-28 01:36:59.716797,
88993,1,,,85448,t,2026-06-28 01:36:59.717483,
88994,1,,,85448,t,2026-06-28 01:36:59.787087,
88995,1,,,85448,t,2026-06-28 01:36:59.787087,
88996,1,,,85449,t,2026-06-28 01:35:18.156518,
88997,1,,,85449,t,2026-06-28 01:35:18.158385,
88998,1,,,85449,t,2026-06-28 01:35:18.161469,
88999,1,,,85450,t,2026-06-28 01:35:18.169429,
89000,1,,,85450,t,2026-06-28 01:35:18.172253,
89001,1,,,85450,t,2026-06-28 01:35:18.173983,
89002,1,,,85450,t,2026-06-28 01:35:18.175269,
89003,1,,,85450,t,2026-06-28 01:35:18.177643,
89004,1,,,85451,t,2026-06-28 01:35:18.182336,
89005,1,,,85451,t,2026-06-28 01:35:18.185651,
89006,1,,,85452,t,2026-06-28 01:35:18.190693,
89007,1,,,85452,t,2026-06-28 01:35:18.193679,
89008,1,,,85452,t,2026-06-28 01:35:18.195536,
89009,1,,,85452,t,2026-06-28 01:35:18.199797,
89010,1,,,85453,t,2026-06-28 01:35:18.204915,
89011,1,,,85453,t,2026-06-28 01:35:18.208139,
89012,1,,,85453,t,2026-06-28 01:35:18.216719,
89013,1,,,85453,t,2026-06-28 01:35:18.22058,
89014,1,,,85453,t,2026-06-28 01:35:18.223926,
89015,1,,,85453,t,2026-06-28 01:35:18.228153,
89016,1,,,85453,t,2026-06-28 01:35:18.233502,
89017,1,,,85453,t,2026-06-28 01:35:18.237333,
89018,1,,,85453,t,2026-06-28 01:35:18.23906,
89019,1,,,85453,t,2026-06-28 01:35:18.245287,
89020,1,,,85454,t,2026-06-28 01:35:18.249709,
89021,1,,,85454,t,2026-06-28 01:35:18.254963,
89022,1,,,85454,t,2026-06-28 01:35:18.257525,
89023,1,,,85454,t,2026-06-28 01:35:18.25988,
89024,1,,,85454,t,2026-06-28 01:35:18.261519,
89025,1,,,85456,t,2026-06-28 01:35:18.263861,
89026,1,,,85456,t,2026-06-28 01:35:18.268966,
89027,1,,,85456,t,2026-06-28 01:35:18.272412,
89028,1,,,85457,t,2026-06-28 01:35:18.276488,
89029,1,,,85457,t,2026-06-28 01:35:18.278932,
89030,1,,,85457,t,2026-06-28 01:35:18.285989,
89031,1,,,85457,t,2026-06-28 01:35:18.288879,
89032,1,,,85457,t,2026-06-28 01:35:18.292673,
89033,1,,,85458,t,2026-06-28 01:35:18.29461,
89034,1,,,85458,t,2026-06-28 01:35:18.297667,
89035,1,,,85459,t,2026-06-28 01:37:00.086962,
89036,1,,,85459,t,2026-06-28 01:36:59.972669,
89037,1,,,85459,t,2026-06-28 01:36:59.916812,
89038,1,,,85459,t,2026-06-28 01:37:00.03213,
89039,1,,,85460,t,2026-06-28 01:35:18.538838,
89040,1,,,85460,t,2026-06-28 01:35:18.540763,
89041,1,,,85460,t,2026-06-28 01:35:18.543349,
89042,1,,,85461,t,2026-06-28 01:35:18.545605,
89043,1,,,85461,t,2026-06-28 01:35:18.552883,
89044,1,,,85462,t,2026-06-28 01:35:18.554752,
89045,1,,,85462,t,2026-06-28 01:35:18.557573,
89046,1,,,85463,t,2026-06-28 01:35:18.564227,
89047,1,,,85463,t,2026-06-28 01:35:18.568707,
89048,1,,,85463,t,2026-06-28 01:35:18.572478,
89049,1,,,85463,t,2026-06-28 01:35:18.576444,
89050,1,,,85464,t,2026-06-28 01:35:18.579834,
89051,1,,,85464,t,2026-06-28 01:35:18.582498,
89052,1,,,85464,t,2026-06-28 01:35:18.585621,
89053,1,,,85464,t,2026-06-28 01:35:18.588001,
89054,1,,,85464,t,2026-06-28 01:35:18.591772,
89055,1,,,85464,t,2026-06-28 01:35:18.593928,
89056,1,,,85465,t,2026-06-28 01:35:18.601626,
89057,1,,,85466,t,2026-06-28 01:35:18.604189,
89058,1,,,85467,t,2026-06-28 01:35:18.606581,
89059,1,,,85468,t,2026-06-28 01:35:18.6106,
89060,1,,,85468,t,2026-06-28 01:35:18.613628,
89061,1,,,85468,t,2026-06-28 01:35:18.616263,
89062,1,,,85468,t,2026-06-28 01:35:18.618339,
89063,1,,,85468,t,2026-06-28 01:35:18.620357,
89064,1,,,85469,t,2026-06-28 01:35:18.622108,
89065,1,,,85469,t,2026-06-28 01:35:18.623985,
89066,1,,,85469,t,2026-06-28 01:35:18.626149,
89067,1,,,85470,t,2026-06-28 01:35:18.627933,
89068,1,,,85470,t,2026-06-28 01:35:18.630129,
89069,1,,,85470,t,2026-06-28 01:35:18.632484,
89070,1,,,85470,t,2026-06-28 01:35:18.634777,
89071,1,,,85470,t,2026-06-28 01:35:18.635986,
89072,1,,,85470,t,2026-06-28 01:35:18.638213,
89073,1,,,85470,t,2026-06-28 01:35:18.639986,
89074,1,,,85471,t,2026-06-28 01:35:18.642857,
89075,1,,,85471,t,2026-06-28 01:35:18.644027,
89076,1,,,85471,t,2026-06-28 01:35:18.646691,
89077,1,,,85471,t,2026-06-28 01:35:18.648938,
89078,1,,,85471,t,2026-06-28 01:35:18.651125,
89079,1,,,85471,t,2026-06-28 01:35:18.653351,
89080,1,,,85471,t,2026-06-28 01:35:18.654533,
89081,1,,,85471,t,2026-06-28 01:35:18.656414,
89082,1,,,85472,t,2026-06-28 01:35:18.658424,
89083,1,,,85472,t,2026-06-28 01:35:18.660553,
89084,1,,,85473,t,2026-06-28 01:35:18.66286,
89085,1,,,85473,t,2026-06-28 01:35:18.666128,
89086,1,,,85473,t,2026-06-28 01:35:18.667964,
89087,1,,,85473,t,2026-06-28 01:35:18.669949,
89088,1,,,85473,t,2026-06-28 01:35:18.672129,
89089,1,,,85473,t,2026-06-28 01:35:18.674544,
89090,1,,,85474,t,2026-06-28 01:35:18.676464,
89091,1,,,85474,t,2026-06-28 01:35:18.678466,
89092,1,,,85474,t,2026-06-28 01:35:18.681405,
89093,1,,,85475,t,2026-06-28 01:35:18.68477,
89094,1,,,85475,t,2026-06-28 01:35:18.687642,
89095,1,,,85475,t,2026-06-28 01:35:18.689554,
89096,1,,,85475,t,2026-06-28 01:35:18.690835,
89097,1,,,85475,t,2026-06-28 01:35:18.692805,
89098,1,,,85476,t,2026-06-28 01:35:18.695546,
89099,1,,,85477,t,2026-06-28 01:35:18.699591,
89100,1,,,85477,t,2026-06-28 01:35:18.702499,
89101,1,,,85477,t,2026-06-28 01:35:18.710466,
89102,1,,,85477,t,2026-06-28 01:35:18.716438,
89103,1,,,85477,t,2026-06-28 01:35:18.72033,
89104,1,,,85478,t,2026-06-28 01:35:18.722463,
89105,1,,,85478,t,2026-06-28 01:35:18.724807,
89106,1,,,85478,t,2026-06-28 01:35:18.726185,
89107,1,,,85478,t,2026-06-28 01:35:18.728155,
89108,1,,,85478,t,2026-06-28 01:35:18.72929,
89109,1,,,85479,t,2026-06-28 01:35:18.73449,
89110,1,,,85479,t,2026-06-28 01:35:18.737223,
89111,1,,,85480,t,2026-06-28 01:35:18.740102,
89112,1,,,85480,t,2026-06-28 01:35:18.741342,
89113,1,,,85480,t,2026-06-28 01:35:18.743405,
89114,1,,,85480,t,2026-06-28 01:35:18.745082,
89115,1,,,85481,t,2026-06-28 01:35:18.747596,
89116,1,,,85482,t,2026-06-28 01:35:18.749899,
89117,1,,,85482,t,2026-06-28 01:35:18.751909,
89118,1,,,85482,t,2026-06-28 01:35:18.753678,
89119,1,,,85482,t,2026-06-28 01:35:18.757104,
89120,1,,,85482,t,2026-06-28 01:35:18.759456,
89121,1,,,85482,t,2026-06-28 01:35:18.7614,
89122,1,,,85482,t,2026-06-28 01:35:18.764035,
89123,1,,,85483,t,2026-06-28 01:35:18.766537,
89124,1,,,85483,t,2026-06-28 01:35:18.769067,
89125,1,,,85484,t,2026-06-28 01:35:18.773252,
89126,1,,,85485,t,2026-06-28 01:35:18.775915,
89127,1,,,85485,t,2026-06-28 01:35:18.777918,
89128,1,,,85485,t,2026-06-28 01:35:18.781469,
89129,1,,,85485,t,2026-06-28 01:35:18.785245,
89130,1,,,85486,t,2026-06-28 01:35:18.788649,
89131,1,,,85486,t,2026-06-28 01:35:18.795338,
89132,1,,,85486,t,2026-06-28 01:35:18.79805,
89133,1,,,85486,t,2026-06-28 01:35:18.802191,
89134,1,,,85486,t,2026-06-28 01:35:18.805457,
89135,1,,,85487,t,2026-06-28 01:35:19.164865,
89136,1,,,85487,t,2026-06-28 01:35:19.168997,
89137,1,,,85487,t,2026-06-28 01:35:19.172017,
89138,1,,,85487,t,2026-06-28 01:35:19.175675,
89139,1,,,85487,t,2026-06-28 01:35:19.178983,
89140,1,,,85487,t,2026-06-28 01:35:19.187186,
89141,1,,,85487,t,2026-06-28 01:35:19.191384,
89142,1,,,85488,t,2026-06-28 01:35:19.195657,
89143,1,,,85488,t,2026-06-28 01:35:19.199409,
89144,1,,,85488,t,2026-06-28 01:35:19.202768,
89145,1,,,85488,t,2026-06-28 01:35:19.206002,
89146,1,,,85488,t,2026-06-28 01:35:19.208235,
89147,1,,,85489,t,2026-06-28 01:35:19.212395,
89148,1,,,85489,t,2026-06-28 01:35:19.219541,
89149,1,,,85489,t,2026-06-28 01:35:19.222025,
89150,1,,,85490,t,2026-06-28 01:35:19.22751,
89151,1,,,85490,t,2026-06-28 01:35:19.237038,
89152,1,,,85490,t,2026-06-28 01:35:19.244743,
89153,1,,,85490,t,2026-06-28 01:35:19.24962,
89154,1,,,85491,t,2026-06-28 01:35:19.252282,
89155,1,,,85491,t,2026-06-28 01:35:19.255414,
89156,1,,,85491,t,2026-06-28 01:35:19.257123,
89157,1,,,85491,t,2026-06-28 01:35:19.260321,
89158,1,,,85491,t,2026-06-28 01:35:19.263199,
89159,1,,,85491,t,2026-06-28 01:35:19.266417,
89160,1,,,85491,t,2026-06-28 01:35:19.269532,
89161,1,,,85491,t,2026-06-28 01:35:19.273011,
89162,1,,,85491,t,2026-06-28 01:35:19.275543,
89163,1,,,85492,t,2026-06-28 01:35:19.278666,
89164,1,,,85492,t,2026-06-28 01:35:19.282686,
89165,1,,,85492,t,2026-06-28 01:35:19.286129,
89166,1,,,85492,t,2026-06-28 01:35:19.290489,
89167,1,,,85493,t,2026-06-28 01:35:19.293138,
89168,1,,,85494,t,2026-06-28 01:35:19.299015,
89169,1,,,85494,t,2026-06-28 01:35:19.301825,
89170,1,,,85495,t,2026-06-28 01:35:19.304519,
89171,1,,,85495,t,2026-06-28 01:35:19.306531,
89172,1,,,85495,t,2026-06-28 01:35:19.309387,
89173,1,,,85495,t,2026-06-28 01:35:19.311894,
89174,1,,,85495,t,2026-06-28 01:35:19.314596,
89175,1,,,85495,t,2026-06-28 01:35:19.317499,
89176,1,,,85496,t,2026-06-28 01:35:19.322737,
89177,1,,,85496,t,2026-06-28 01:35:19.326038,
89178,1,,,85497,t,2026-06-28 01:37:00.259195,
89179,1,,,85497,t,2026-06-28 01:37:00.215429,
89180,1,,,85497,t,2026-06-28 01:37:00.218267,
89181,1,,,85497,t,2026-06-28 01:37:00.170849,
89182,1,,,85497,t,2026-06-28 01:37:00.170849,
89183,1,,,85498,t,2026-06-28 01:35:19.347,
89184,1,,,85498,t,2026-06-28 01:35:19.350464,
89185,1,,,85498,t,2026-06-28 01:35:19.353644,
89186,1,,,85498,t,2026-06-28 01:35:19.355529,
89187,1,,,85499,t,2026-06-28 01:35:19.358497,
89188,1,,,85499,t,2026-06-28 01:35:19.361939,
89189,1,,,85499,t,2026-06-28 01:35:19.364723,
89190,1,,,85499,t,2026-06-28 01:35:19.366387,
89191,1,,,85499,t,2026-06-28 01:35:19.369804,
89192,1,,,85499,t,2026-06-28 01:35:19.371789,
89193,1,,,85500,t,2026-06-28 01:37:00.477739,
89194,1,,,85500,t,2026-06-28 01:37:00.391588,
89195,1,,,85500,t,2026-06-28 01:37:00.391588,
89196,1,,,85500,t,2026-06-28 01:37:00.391588,
89197,1,,,85500,t,2026-06-28 01:37:00.338396,
89198,1,,,85500,t,2026-06-28 01:37:00.442417,
89199,1,,,85501,t,2026-06-28 01:35:19.394805,
89200,1,,,85501,t,2026-06-28 01:35:19.397543,
89201,1,,,85502,t,2026-06-28 01:35:19.400287,
89202,1,,,85502,t,2026-06-28 01:35:19.402315,
89203,1,,,85502,t,2026-06-28 01:35:19.404119,
89204,1,,,85502,t,2026-06-28 01:35:19.406334,
89205,1,,,85503,t,2026-06-28 01:35:19.408583,
89206,1,,,85503,t,2026-06-28 01:35:19.412108,
89207,1,,,85503,t,2026-06-28 01:35:19.415096,
89208,1,,,85503,t,2026-06-28 01:35:19.418034,
89209,1,,,85504,t,2026-06-28 01:35:19.41984,
89210,1,,,85505,t,2026-06-28 01:35:19.42221,
89211,1,,,85505,t,2026-06-28 01:35:19.424478,
89212,1,,,85505,t,2026-06-28 01:35:19.425957,
89213,1,,,85505,t,2026-06-28 01:35:19.428536,
89214,1,,,85505,t,2026-06-28 01:35:19.431572,
89215,1,,,85506,t,2026-06-28 01:35:19.434,
89216,1,,,85506,t,2026-06-28 01:35:19.435796,
89217,1,,,85506,t,2026-06-28 01:35:19.437574,
89218,1,,,85506,t,2026-06-28 01:35:19.440168,
89219,1,,,85506,t,2026-06-28 01:35:19.441886,
89220,1,,,85506,t,2026-06-28 01:35:19.443747,
89221,1,,,85506,t,2026-06-28 01:35:19.451359,
89222,1,,,85506,t,2026-06-28 01:35:19.455752,
89223,1,,,85508,t,2026-06-28 01:35:19.46329,
89224,1,,,85508,t,2026-06-28 01:35:19.46732,
89225,1,,,85508,t,2026-06-28 01:35:19.4702,
89226,1,,,85508,t,2026-06-28 01:35:19.471898,
89227,1,,,85508,t,2026-06-28 01:35:19.474483,
89228,1,,,85508,t,2026-06-28 01:35:19.476871,
89229,1,,,85509,t,2026-06-28 01:35:19.479292,
89230,1,,,85509,t,2026-06-28 01:35:19.483937,
89231,1,,,85509,t,2026-06-28 01:35:19.487611,
89232,1,,,85509,t,2026-06-28 01:35:19.491722,
89233,1,,,85509,t,2026-06-28 01:35:19.49596,
89234,1,,,85510,t,2026-06-28 01:37:00.771139,
89235,1,,,85510,t,2026-06-28 01:37:00.671559,
89236,1,,,85510,t,2026-06-28 01:37:00.671559,
89237,1,,,85510,t,2026-06-28 01:37:00.600554,
89238,1,,,85510,t,2026-06-28 01:37:00.550967,
89239,1,,,85510,t,2026-06-28 01:37:00.736951,
89240,1,,,85511,t,2026-06-28 01:35:19.889455,
89241,1,,,85511,t,2026-06-28 01:35:19.891259,
89242,1,,,85511,t,2026-06-28 01:35:19.893037,
89243,1,,,85511,t,2026-06-28 01:35:19.895638,
89244,1,,,85512,t,2026-06-28 01:35:19.897975,
89245,1,,,85512,t,2026-06-28 01:35:19.9,
89246,1,,,85512,t,2026-06-28 01:35:19.904369,
89247,1,,,85513,t,2026-06-28 01:35:19.906873,
89248,1,,,85513,t,2026-06-28 01:35:19.90871,
89249,1,,,85513,t,2026-06-28 01:35:19.910321,
89250,1,,,85513,t,2026-06-28 01:35:19.913814,
89251,1,,,85513,t,2026-06-28 01:35:19.917144,
89252,1,,,85513,t,2026-06-28 01:35:19.919999,
89253,1,,,85514,t,2026-06-28 01:35:19.92435,
89254,1,,,85514,t,2026-06-28 01:35:19.933672,
89255,1,,,85514,t,2026-06-28 01:35:19.939736,
89256,1,,,85514,t,2026-06-28 01:35:19.942428,
89257,1,,,85514,t,2026-06-28 01:35:19.950364,
89258,1,,,85515,t,2026-06-28 01:37:00.903589,
89259,1,,,85515,t,2026-06-28 01:37:00.863845,
89260,1,,,85515,t,2026-06-28 01:37:00.863845,
89261,1,,,85516,t,2026-06-28 01:35:19.969026,
89262,1,,,85516,t,2026-06-28 01:35:19.974929,
89263,1,,,85516,t,2026-06-28 01:35:19.97968,
89264,1,,,85516,t,2026-06-28 01:35:19.984761,
89265,1,,,85516,t,2026-06-28 01:35:19.989422,
89266,1,,,85517,t,2026-06-28 01:35:19.992222,
89267,1,,,85517,t,2026-06-28 01:35:19.99545,
89268,1,,,85518,t,2026-06-28 01:35:20.001145,
89269,1,,,85518,t,2026-06-28 01:35:20.004045,
89270,1,,,85518,t,2026-06-28 01:35:20.00535,
89271,1,,,85518,t,2026-06-28 01:35:20.007254,
89272,1,,,85519,t,2026-06-28 01:35:20.009628,
89273,1,,,85519,t,2026-06-28 01:35:20.016053,
89274,1,,,85519,t,2026-06-28 01:35:20.018748,
89275,1,,,85519,t,2026-06-28 01:35:20.019945,
89276,1,,,85519,t,2026-06-28 01:35:20.021676,
89277,1,,,85519,t,2026-06-28 01:35:20.022836,
89278,1,,,85519,t,2026-06-28 01:35:20.031668,
89279,1,,,85520,t,2026-06-28 01:37:01.105314,
89280,1,,,85520,t,2026-06-28 01:37:01.000462,
89281,1,,,85520,t,2026-06-28 01:37:01.068145,
89282,1,,,85520,t,2026-06-28 01:37:01.068145,
89283,1,,,85520,t,2026-06-28 01:37:01.001117,
89284,1,,,85520,t,2026-06-28 01:37:01.001117,
89285,1,,,85520,t,2026-06-28 01:37:01.001712,
89286,1,,,85521,t,2026-06-28 01:35:20.060305,
89287,1,,,85521,t,2026-06-28 01:35:20.063832,
89288,1,,,85521,t,2026-06-28 01:35:20.066664,
89289,1,,,85521,t,2026-06-28 01:35:20.068679,
89290,1,,,85521,t,2026-06-28 01:35:20.074929,
89291,1,,,85521,t,2026-06-28 01:35:20.085258,
89292,1,,,85522,t,2026-06-28 01:35:20.088354,
89293,1,,,85522,t,2026-06-28 01:35:20.091917,
89294,1,,,85523,t,2026-06-28 01:37:01.307294,
89295,1,,,85523,t,2026-06-28 01:37:01.283161,
89296,1,,,85523,t,2026-06-28 01:37:01.212864,
89297,1,,,85523,t,2026-06-28 01:37:01.212864,
89298,1,,,85523,t,2026-06-28 01:37:01.283668,
89299,1,,,85524,t,2026-06-28 01:35:20.113639,
89300,1,,,85524,t,2026-06-28 01:35:20.117409,
89301,1,,,85524,t,2026-06-28 01:35:20.122196,
89302,1,,,85525,t,2026-06-28 01:35:20.125688,
89303,1,,,85525,t,2026-06-28 01:35:20.131761,
89304,1,,,85525,t,2026-06-28 01:35:20.135107,
89305,1,,,85525,t,2026-06-28 01:35:20.137822,
89306,1,,,85525,t,2026-06-28 01:35:20.140431,
89307,1,,,85525,t,2026-06-28 01:35:20.142515,
89308,1,,,85525,t,2026-06-28 01:35:20.145431,
89309,1,,,85526,t,2026-06-28 01:35:20.148751,
89310,1,,,85526,t,2026-06-28 01:35:20.153578,
89311,1,,,85526,t,2026-06-28 01:35:20.157263,
89312,1,,,85526,t,2026-06-28 01:35:20.161254,
89313,1,,,85526,t,2026-06-28 01:35:20.166326,
89314,1,,,85527,t,2026-06-28 01:35:20.170732,
89315,1,,,85528,t,2026-06-28 01:35:20.175253,
89316,1,,,85528,t,2026-06-28 01:35:20.182572,
89317,1,,,85528,t,2026-06-28 01:35:20.186781,
89318,1,,,85528,t,2026-06-28 01:35:20.190429,
89319,1,,,85528,t,2026-06-28 01:35:20.194505,
89320,1,,,85528,t,2026-06-28 01:35:20.19995,
89321,1,,,85528,t,2026-06-28 01:35:20.20439,
89322,1,,,85528,t,2026-06-28 01:35:20.208513,
89323,1,,,85528,t,2026-06-28 01:35:20.213179,
89324,1,,,85528,t,2026-06-28 01:35:20.216003,
89325,1,,,85529,t,2026-06-28 01:35:20.218232,
89326,1,,,85529,t,2026-06-28 01:35:20.221743,
89327,1,,,85530,t,2026-06-28 01:35:20.225076,
89328,1,,,85530,t,2026-06-28 01:35:20.228903,
89329,1,,,85530,t,2026-06-28 01:35:20.232606,
89330,1,,,85530,t,2026-06-28 01:35:20.235512,
89331,1,,,85530,t,2026-06-28 01:35:20.238117,
89332,1,,,85530,t,2026-06-28 01:35:20.241062,
89333,1,,,85531,t,2026-06-28 01:35:20.246393,
89334,1,,,85531,t,2026-06-28 01:35:20.249821,
89335,1,,,85531,t,2026-06-28 01:35:20.58731,
89336,1,,,85531,t,2026-06-28 01:35:20.591064,
89337,1,,,85531,t,2026-06-28 01:35:20.594958,
89338,1,,,85531,t,2026-06-28 01:35:20.598475,
89339,1,,,85532,t,2026-06-28 01:35:20.602069,
89340,1,,,85532,t,2026-06-28 01:35:20.607627,
89341,1,,,85533,t,2026-06-28 01:35:20.612683,
89342,1,,,85533,t,2026-06-28 01:35:20.616218,
89343,1,,,85533,t,2026-06-28 01:35:20.619754,
89344,1,,,85533,t,2026-06-28 01:35:20.622055,
89345,1,,,85533,t,2026-06-28 01:35:20.624573,
89346,1,,,85534,t,2026-06-28 01:35:20.625906,
89347,1,,,85534,t,2026-06-28 01:35:20.631819,
89348,1,,,85534,t,2026-06-28 01:35:20.634771,
89349,1,,,85535,t,2026-06-28 01:37:01.577959,
89350,1,,,85535,t,2026-06-28 01:37:01.43019,
89351,1,,,85535,t,2026-06-28 01:37:01.43019,
89352,1,,,85535,t,2026-06-28 01:37:01.494453,
89353,1,,,85535,t,2026-06-28 01:37:01.43019,
89354,1,,,85535,t,2026-06-28 01:37:01.363552,
89355,1,,,85535,t,2026-06-28 01:37:01.537634,
89356,1,,,85536,t,2026-06-28 01:35:20.667244,
89357,1,,,85536,t,2026-06-28 01:35:20.672097,
89358,1,,,85536,t,2026-06-28 01:35:20.683293,
89359,1,,,85536,t,2026-06-28 01:35:20.686765,
89360,1,,,85537,t,2026-06-28 01:37:01.842029,
89361,1,,,85537,t,2026-06-28 01:37:01.704671,
89362,1,,,85537,t,2026-06-28 01:37:01.744194,
89363,1,,,85537,t,2026-06-28 01:37:01.656039,
89364,1,,,85537,t,2026-06-28 01:37:01.802648,
89365,1,,,85538,t,2026-06-28 01:35:20.705803,
89366,1,,,85538,t,2026-06-28 01:35:20.709423,
89367,1,,,85538,t,2026-06-28 01:35:20.716079,
89368,1,,,85538,t,2026-06-28 01:35:20.719171,
89369,1,,,85538,t,2026-06-28 01:35:20.721231,
89370,1,,,85828,t,2026-06-28 01:35:20.723577,
89371,1,,,85540,t,2026-06-28 01:35:20.726251,
89372,1,,,85540,t,2026-06-28 01:35:20.730505,
89373,1,,,85541,t,2026-06-28 01:35:20.733544,
89374,1,,,85541,t,2026-06-28 01:35:20.737152,
89375,1,,,85541,t,2026-06-28 01:35:20.739686,
89376,1,,,85542,t,2026-06-28 01:35:20.743792,
89377,1,,,85542,t,2026-06-28 01:35:20.746748,
89378,1,,,85542,t,2026-06-28 01:35:20.750635,
89379,1,,,85542,t,2026-06-28 01:35:20.753326,
89380,1,,,85542,t,2026-06-28 01:35:20.756229,
89381,1,,,85543,t,2026-06-28 01:35:20.758857,
89382,1,,,85543,t,2026-06-28 01:35:20.762816,
89383,1,,,85542,t,2026-06-28 01:35:20.766034,
89384,1,,,85544,t,2026-06-28 01:35:20.770244,
89385,1,,,85544,t,2026-06-28 01:35:20.772844,
89386,1,,,85544,t,2026-06-28 01:35:20.775585,
89387,1,,,85544,t,2026-06-28 01:35:20.780254,
89388,1,,,85545,t,2026-06-28 01:35:20.783614,
89389,1,,,85545,t,2026-06-28 01:35:20.786062,
89390,1,,,85545,t,2026-06-28 01:35:20.78829,
89391,1,,,85545,t,2026-06-28 01:35:20.791732,
89392,1,,,85545,t,2026-06-28 01:35:20.796468,
89393,1,,,85545,t,2026-06-28 01:35:20.799156,
89394,1,,,85545,t,2026-06-28 01:35:20.801145,
89395,1,,,85546,t,2026-06-28 01:35:20.804549,
89396,1,,,85546,t,2026-06-28 01:35:20.806477,
89397,1,,,85546,t,2026-06-28 01:35:20.810784,
89398,1,,,85546,t,2026-06-28 01:35:20.813017,
89399,1,,,85546,t,2026-06-28 01:35:20.815679,
89400,1,,,85546,t,2026-06-28 01:35:20.818168,
89401,1,,,85547,t,2026-06-28 01:35:20.820863,
89402,1,,,85547,t,2026-06-28 01:35:20.823011,
89403,1,,,85548,t,2026-06-28 01:35:20.825569,
89404,1,,,85548,t,2026-06-28 01:35:20.831221,
89405,1,,,85548,t,2026-06-28 01:35:20.833576,
89406,1,,,85548,t,2026-06-28 01:35:20.83586,
89407,1,,,85548,t,2026-06-28 01:35:20.838519,
89408,1,,,85548,t,2026-06-28 01:35:20.841386,
89409,1,,,85549,t,2026-06-28 01:35:20.845836,
89410,1,,,85549,t,2026-06-28 01:35:20.848627,
89411,1,,,85549,t,2026-06-28 01:35:20.851915,
89412,1,,,85549,t,2026-06-28 01:35:20.853967,
89413,1,,,85550,t,2026-06-28 01:35:20.856563,
89414,1,,,85550,t,2026-06-28 01:35:20.859104,
89415,1,,,85550,t,2026-06-28 01:35:20.862029,
89416,1,,,85551,t,2026-06-28 01:35:20.864835,
89417,1,,,85551,t,2026-06-28 01:35:20.866792,
89418,1,,,85551,t,2026-06-28 01:35:20.868098,
89419,1,,,85551,t,2026-06-28 01:35:20.872063,
89420,1,,,85551,t,2026-06-28 01:35:20.87518,
89421,1,,,85552,t,2026-06-28 01:37:01.995255,
89422,1,,,85552,t,2026-06-28 01:37:01.948649,
89423,1,,,85552,t,2026-06-28 01:37:01.948649,
89424,1,,,85552,t,2026-06-28 01:37:01.948649,
89425,1,,,85553,t,2026-06-28 01:35:20.903829,
89426,1,,,85554,t,2026-06-28 01:35:20.905803,
89427,1,,,85554,t,2026-06-28 01:35:20.909381,
89428,1,,,85554,t,2026-06-28 01:35:20.913621,
89429,1,,,85554,t,2026-06-28 01:35:20.917504,
89430,1,,,85554,t,2026-06-28 01:35:20.919426,
89431,1,,,85555,t,2026-06-28 01:35:20.923481,
89432,1,,,85555,t,2026-06-28 01:35:20.92486,
89433,1,,,85555,t,2026-06-28 01:35:20.929534,
89434,1,,,85555,t,2026-06-28 01:35:20.932973,
89435,1,,,85555,t,2026-06-28 01:35:21.337372,
89436,1,,,85556,t,2026-06-28 01:35:21.342056,
89437,1,,,85556,t,2026-06-28 01:35:21.354902,
89438,1,,,85556,t,2026-06-28 01:35:21.381278,
89439,1,,,85556,t,2026-06-28 01:35:21.386945,
89440,1,,,85556,t,2026-06-28 01:35:21.390043,
89441,1,,,85556,t,2026-06-28 01:35:21.42134,
89442,1,,,85557,t,2026-06-28 01:35:21.431709,
89443,1,,,85557,t,2026-06-28 01:35:21.437623,
89444,1,,,85558,t,2026-06-28 01:35:21.447725,
89445,1,,,85558,t,2026-06-28 01:35:21.452393,
89446,1,,,85558,t,2026-06-28 01:35:21.456309,
89447,1,,,85558,t,2026-06-28 01:35:21.462966,
89448,1,,,85558,t,2026-06-28 01:35:21.465404,
89449,1,,,85559,t,2026-06-28 01:35:21.468044,
89450,1,,,85559,t,2026-06-28 01:35:21.47171,
89451,1,,,85559,t,2026-06-28 01:35:21.477732,
89452,1,,,85560,t,2026-06-28 01:35:21.483348,
89453,1,,,85560,t,2026-06-28 01:35:21.486607,
89454,1,,,85560,t,2026-06-28 01:35:21.488448,
89455,1,,,85560,t,2026-06-28 01:35:21.490958,
89456,1,,,85560,t,2026-06-28 01:35:21.494948,
89457,1,,,85560,t,2026-06-28 01:35:21.49753,
89458,1,,,85561,t,2026-06-28 01:35:21.500946,
89459,1,,,85561,t,2026-06-28 01:35:21.502915,
89460,1,,,85561,t,2026-06-28 01:35:21.505379,
89461,1,,,85561,t,2026-06-28 01:35:21.507239,
89462,1,,,85562,t,2026-06-28 01:35:21.509977,
89463,1,,,85562,t,2026-06-28 01:35:21.511875,
89464,1,,,85562,t,2026-06-28 01:35:21.514128,
89465,1,,,85562,t,2026-06-28 01:35:21.516942,
89466,1,,,85562,t,2026-06-28 01:35:21.518796,
89467,1,,,85562,t,2026-06-28 01:35:21.520706,
89468,1,,,85562,t,2026-06-28 01:35:21.52365,
89469,1,,,85562,t,2026-06-28 01:35:21.525197,
89470,1,,,85563,t,2026-06-28 01:35:21.526854,
89471,1,,,85563,t,2026-06-28 01:35:21.530529,
89472,1,,,85563,t,2026-06-28 01:35:21.533927,
89473,1,,,85564,t,2026-06-28 01:35:21.536344,
89474,1,,,85564,t,2026-06-28 01:35:21.538833,
89475,1,,,85564,t,2026-06-28 01:35:21.541622,
89476,1,,,85564,t,2026-06-28 01:35:21.545314,
89477,1,,,85564,t,2026-06-28 01:35:21.549218,
89478,1,,,85564,t,2026-06-28 01:35:21.552746,
89479,1,,,85564,t,2026-06-28 01:35:21.556088,
89480,1,,,85564,t,2026-06-28 01:35:21.562813,
89481,1,,,85565,t,2026-06-28 01:35:21.566262,
89482,1,,,85566,t,2026-06-28 01:37:02.21681,
89483,1,,,85566,t,2026-06-28 01:37:02.127647,
89484,1,,,85566,t,2026-06-28 01:37:02.127647,
89485,1,,,85566,t,2026-06-28 01:37:02.127647,
89486,1,,,85566,t,2026-06-28 01:37:02.084461,
89487,1,,,85566,t,2026-06-28 01:37:02.173599,
89488,1,,,85567,t,2026-06-28 01:35:21.599078,
89489,1,,,85567,t,2026-06-28 01:35:21.601952,
89490,1,,,85567,t,2026-06-28 01:35:21.603889,
89491,1,,,85567,t,2026-06-28 01:35:21.605692,
89492,1,,,85567,t,2026-06-28 01:35:21.607653,
89493,1,,,85567,t,2026-06-28 01:35:21.610311,
89494,1,,,85567,t,2026-06-28 01:35:21.612735,
89495,1,,,85568,t,2026-06-28 01:35:21.616038,
89496,1,,,85568,t,2026-06-28 01:35:21.618179,
89497,1,,,85568,t,2026-06-28 01:35:21.620012,
89498,1,,,85568,t,2026-06-28 01:35:21.622459,
89499,1,,,85568,t,2026-06-28 01:35:21.624142,
89500,1,,,85568,t,2026-06-28 01:35:21.631103,
89501,1,,,85569,t,2026-06-28 01:35:21.634524,
89502,1,,,85570,t,2026-06-28 01:35:21.636976,
89503,1,,,85570,t,2026-06-28 01:35:21.642897,
89504,1,,,85570,t,2026-06-28 01:35:21.64658,
89505,1,,,85570,t,2026-06-28 01:35:21.649242,
89506,1,,,85570,t,2026-06-28 01:35:21.654935,
89507,1,,,85570,t,2026-06-28 01:35:21.659633,
89508,1,,,85571,t,2026-06-28 01:35:21.664181,
89509,1,,,85572,t,2026-06-28 01:35:21.667297,
89510,1,,,85572,t,2026-06-28 01:35:21.672965,
89511,1,,,85572,t,2026-06-28 01:35:21.678215,
89512,1,,,85572,t,2026-06-28 01:35:21.682334,
89513,1,,,85572,t,2026-06-28 01:35:21.686025,
89514,1,,,85573,t,2026-06-28 01:35:21.687924,
89515,1,,,85573,t,2026-06-28 01:35:21.689879,
89516,1,,,85573,t,2026-06-28 01:35:21.692198,
89517,1,,,85575,t,2026-06-28 01:35:21.694567,
89518,1,,,85575,t,2026-06-28 01:35:21.696385,
89519,1,,,85575,t,2026-06-28 01:35:21.698486,
89520,1,,,85575,t,2026-06-28 01:35:21.705815,
89521,1,,,85575,t,2026-06-28 01:35:21.709347,
89522,1,,,85575,t,2026-06-28 01:35:21.712999,
89523,1,,,85575,t,2026-06-28 01:35:21.71753,
89524,1,,,85576,t,2026-06-28 01:35:21.720746,
89525,1,,,85576,t,2026-06-28 01:35:21.730694,
89526,1,,,85576,t,2026-06-28 01:35:21.734519,
89527,1,,,85576,t,2026-06-28 01:35:21.737262,
89528,1,,,85576,t,2026-06-28 01:35:21.739818,
89529,1,,,85577,t,2026-06-28 01:35:21.74504,
89530,1,,,85577,t,2026-06-28 01:35:21.747401,
89531,1,,,85577,t,2026-06-28 01:35:21.750402,
89532,1,,,85577,t,2026-06-28 01:35:21.754086,
89533,1,,,85577,t,2026-06-28 01:35:21.756649,
89534,1,,,85577,t,2026-06-28 01:35:21.763039,
89535,1,,,85578,t,2026-06-28 01:35:21.998443,
89536,1,,,85578,t,2026-06-28 01:35:22.003134,
89537,1,,,85578,t,2026-06-28 01:35:22.008085,
89538,1,,,85578,t,2026-06-28 01:35:22.011184,
89539,1,,,85578,t,2026-06-28 01:35:22.014373,
89540,1,,,85579,t,2026-06-28 01:35:22.016784,
89541,1,,,85579,t,2026-06-28 01:35:22.019703,
89542,1,,,85580,t,2026-06-28 01:35:22.02943,
89543,1,,,85580,t,2026-06-28 01:35:22.031598,
89544,1,,,85580,t,2026-06-28 01:35:22.034347,
89545,1,,,85580,t,2026-06-28 01:35:22.036476,
89546,1,,,85580,t,2026-06-28 01:35:22.041176,
89547,1,,,85580,t,2026-06-28 01:35:22.048803,
89548,1,,,85581,t,2026-06-28 01:35:22.052634,
89549,1,,,85581,t,2026-06-28 01:35:22.059925,
89550,1,,,85581,t,2026-06-28 01:35:22.062739,
89551,1,,,85581,t,2026-06-28 01:35:22.0683,
89552,1,,,85581,t,2026-06-28 01:35:22.07106,
89553,1,,,85582,t,2026-06-28 01:35:22.080874,
89554,1,,,85582,t,2026-06-28 01:35:22.085043,
89555,1,,,85582,t,2026-06-28 01:35:22.089116,
89556,1,,,85582,t,2026-06-28 01:35:22.093605,
89557,1,,,85582,t,2026-06-28 01:35:22.097539,
89558,1,,,85582,t,2026-06-28 01:35:22.100273,
89559,1,,,85582,t,2026-06-28 01:35:22.102898,
89560,1,,,85582,t,2026-06-28 01:35:22.11182,
89561,1,,,85582,t,2026-06-28 01:35:22.114719,
89562,1,,,85583,t,2026-06-28 01:35:22.119735,
89563,1,,,85583,t,2026-06-28 01:35:22.128529,
89564,1,,,85583,t,2026-06-28 01:35:22.135058,
89565,1,,,85583,t,2026-06-28 01:35:22.137474,
89566,1,,,85583,t,2026-06-28 01:35:22.139561,
89567,1,,,85584,t,2026-06-28 01:35:22.145131,
89568,1,,,85584,t,2026-06-28 01:35:22.147913,
89569,1,,,85584,t,2026-06-28 01:35:22.152921,
89570,1,,,85584,t,2026-06-28 01:35:22.155676,
89571,1,,,85584,t,2026-06-28 01:35:22.162051,
89572,1,,,85584,t,2026-06-28 01:35:22.167168,
89573,1,,,85585,t,2026-06-28 01:35:22.169698,
89574,1,,,85585,t,2026-06-28 01:35:22.171585,
89575,1,,,85586,t,2026-06-28 01:35:22.175476,
89576,1,,,85586,t,2026-06-28 01:35:22.181294,
89577,1,,,85586,t,2026-06-28 01:35:22.184394,
89578,1,,,85586,t,2026-06-28 01:35:22.18627,
89579,1,,,85586,t,2026-06-28 01:35:22.190869,
89580,1,,,85586,t,2026-06-28 01:35:22.19515,
89581,1,,,85586,t,2026-06-28 01:35:22.198416,
89582,1,,,85586,t,2026-06-28 01:35:22.200358,
89583,1,,,85586,t,2026-06-28 01:35:22.202244,
89584,1,,,85587,t,2026-06-28 01:35:22.20604,
89585,1,,,85587,t,2026-06-28 01:35:22.214338,
89586,1,,,85587,t,2026-06-28 01:35:22.217947,
89587,1,,,85587,t,2026-06-28 01:35:22.222078,
89588,1,,,85588,t,2026-06-28 01:35:22.228071,
89589,1,,,85588,t,2026-06-28 01:35:22.234391,
89590,1,,,85588,t,2026-06-28 01:35:22.237099,
89591,1,,,85588,t,2026-06-28 01:35:22.238426,
89592,1,,,85588,t,2026-06-28 01:35:22.244725,
89593,1,,,85589,t,2026-06-28 01:35:22.248043,
89594,1,,,85589,t,2026-06-28 01:35:22.250986,
89595,1,,,85590,t,2026-06-28 01:35:22.253842,
89596,1,,,85590,t,2026-06-28 01:35:22.256704,
89597,1,,,85590,t,2026-06-28 01:35:22.26019,
89598,1,,,85590,t,2026-06-28 01:35:22.263542,
89599,1,,,85590,t,2026-06-28 01:35:22.267306,
89600,1,,,85590,t,2026-06-28 01:35:22.26996,
89601,1,,,85592,t,2026-06-28 01:35:22.27849,
89602,1,,,85592,t,2026-06-28 01:35:22.281552,
89603,1,,,85592,t,2026-06-28 01:35:22.284605,
89604,1,,,85592,t,2026-06-28 01:35:22.28673,
89605,1,,,85592,t,2026-06-28 01:35:22.28861,
89606,1,,,85592,t,2026-06-28 01:35:22.290905,
89607,1,,,85592,t,2026-06-28 01:35:22.293784,
89608,1,,,85593,t,2026-06-28 01:35:22.297178,
89609,1,,,85593,t,2026-06-28 01:35:22.299082,
89610,1,,,85594,t,2026-06-28 01:35:22.3024,
89611,1,,,85594,t,2026-06-28 01:35:22.304427,
89612,1,,,85595,t,2026-06-28 01:35:22.306146,
89613,1,,,85595,t,2026-06-28 01:35:22.307459,
89614,1,,,85595,t,2026-06-28 01:35:22.309979,
89615,1,,,85595,t,2026-06-28 01:35:22.313119,
89616,1,,,85595,t,2026-06-28 01:35:22.317047,
89617,1,,,85595,t,2026-06-28 01:35:22.318959,
89618,1,,,85596,t,2026-06-28 01:35:22.321004,
89619,1,,,85596,t,2026-06-28 01:35:22.322824,
89620,1,,,85596,t,2026-06-28 01:35:22.326015,
89621,1,,,85596,t,2026-06-28 01:35:22.331397,
89622,1,,,85596,t,2026-06-28 01:35:22.333862,
89623,1,,,85597,t,2026-06-28 01:35:22.336411,
89624,1,,,85597,t,2026-06-28 01:35:22.338281,
89625,1,,,85597,t,2026-06-28 01:35:22.342112,
89626,1,,,85597,t,2026-06-28 01:35:22.346631,
89627,1,,,85598,t,2026-06-28 01:35:22.350368,
89628,1,,,85598,t,2026-06-28 01:35:22.354836,
89629,1,,,85598,t,2026-06-28 01:35:22.360529,
89630,1,,,85598,t,2026-06-28 01:35:22.364009,
89631,1,,,85599,t,2026-06-28 01:35:22.368319,
89632,1,,,85599,t,2026-06-28 01:35:22.371183,
89633,1,,,85599,t,2026-06-28 01:35:22.376421,
89634,1,,,85599,t,2026-06-28 01:35:22.381197,
89635,1,,,85599,t,2026-06-28 01:35:22.749464,
89636,1,,,85599,t,2026-06-28 01:35:22.752285,
89637,1,,,85599,t,2026-06-28 01:35:22.75513,
89638,1,,,85599,t,2026-06-28 01:35:22.760371,
89639,1,,,85600,t,2026-06-28 01:35:22.763463,
89640,1,,,85600,t,2026-06-28 01:35:22.765748,
89641,1,,,85600,t,2026-06-28 01:35:22.768323,
89642,1,,,85600,t,2026-06-28 01:35:22.770492,
89643,1,,,85601,t,2026-06-28 01:35:22.780691,
89644,1,,,85602,t,2026-06-28 01:35:22.782976,
89645,1,,,85602,t,2026-06-28 01:35:22.785471,
89646,1,,,85602,t,2026-06-28 01:35:22.788364,
89647,1,,,85602,t,2026-06-28 01:35:22.792712,
89648,1,,,85602,t,2026-06-28 01:35:22.795489,
89649,1,,,85602,t,2026-06-28 01:35:22.797223,
89650,1,,,85603,t,2026-06-28 01:35:22.800256,
89651,1,,,85603,t,2026-06-28 01:35:22.802302,
89652,1,,,85604,t,2026-06-28 01:35:22.807226,
89653,1,,,85604,t,2026-06-28 01:35:22.809945,
89654,1,,,85604,t,2026-06-28 01:35:22.812414,
89655,1,,,85604,t,2026-06-28 01:35:22.815139,
89656,1,,,85604,t,2026-06-28 01:35:22.817623,
89657,1,,,85604,t,2026-06-28 01:35:22.820627,
89658,1,,,85605,t,2026-06-28 01:35:22.823004,
89659,1,,,85605,t,2026-06-28 01:35:22.828438,
89660,1,,,85605,t,2026-06-28 01:35:22.832138,
89661,1,,,85605,t,2026-06-28 01:35:22.836634,
89662,1,,,85605,t,2026-06-28 01:35:22.842245,
89663,1,,,85605,t,2026-06-28 01:35:22.846706,
89664,1,,,85605,t,2026-06-28 01:35:22.849871,
89665,1,,,85605,t,2026-06-28 01:35:22.853929,
89666,1,,,85606,t,2026-06-28 01:35:22.856144,
89667,1,,,85606,t,2026-06-28 01:35:22.858495,
89668,1,,,85606,t,2026-06-28 01:35:22.861665,
89669,1,,,85606,t,2026-06-28 01:35:22.863512,
89670,1,,,85606,t,2026-06-28 01:35:22.865255,
89671,1,,,85606,t,2026-06-28 01:35:22.869206,
89672,1,,,85606,t,2026-06-28 01:35:22.870584,
89673,1,,,85606,t,2026-06-28 01:35:22.872695,
89674,1,,,85607,t,2026-06-28 01:35:22.874582,
89675,1,,,85607,t,2026-06-28 01:35:22.876388,
89676,1,,,85607,t,2026-06-28 01:35:22.87899,
89677,1,,,85607,t,2026-06-28 01:35:22.880713,
89678,1,,,85608,t,2026-06-28 01:35:22.882357,
89679,1,,,85608,t,2026-06-28 01:35:22.884416,
89680,1,,,85608,t,2026-06-28 01:35:22.886334,
89681,1,,,85608,t,2026-06-28 01:35:22.888103,
89682,1,,,85608,t,2026-06-28 01:35:22.890055,
89683,1,,,85608,t,2026-06-28 01:35:22.891928,
89684,1,,,85608,t,2026-06-28 01:35:22.893798,
89685,1,,,85609,t,2026-06-28 01:35:22.897179,
89686,1,,,85609,t,2026-06-28 01:35:22.900599,
89687,1,,,85609,t,2026-06-28 01:35:22.903972,
89688,1,,,85609,t,2026-06-28 01:35:22.907128,
89689,1,,,85610,t,2026-06-28 01:35:22.91116,
89690,1,,,85610,t,2026-06-28 01:35:22.914958,
89691,1,,,85610,t,2026-06-28 01:35:22.920824,
89692,1,,,85610,t,2026-06-28 01:35:22.926849,
89693,1,,,85610,t,2026-06-28 01:35:22.931184,
89694,1,,,85610,t,2026-06-28 01:35:22.936599,
89695,1,,,85611,t,2026-06-28 01:35:22.940069,
89696,1,,,85611,t,2026-06-28 01:35:22.945674,
89697,1,,,85611,t,2026-06-28 01:35:22.950266,
89698,1,,,85612,t,2026-06-28 01:35:22.954024,
89699,1,,,85612,t,2026-06-28 01:35:22.958028,
89700,1,,,85613,t,2026-06-28 01:35:22.961432,
89701,1,,,85613,t,2026-06-28 01:35:22.963878,
89702,1,,,85613,t,2026-06-28 01:35:22.968949,
89703,1,,,85613,t,2026-06-28 01:35:22.971237,
89704,1,,,85613,t,2026-06-28 01:35:22.978589,
89705,1,,,85613,t,2026-06-28 01:35:22.983198,
89706,1,,,85613,t,2026-06-28 01:35:22.985884,
89707,1,,,85614,t,2026-06-28 01:35:22.98944,
89708,1,,,85614,t,2026-06-28 01:35:22.992528,
89709,1,,,85614,t,2026-06-28 01:35:22.995505,
89710,1,,,85615,t,2026-06-28 01:35:23.000774,
89711,1,,,85615,t,2026-06-28 01:35:23.003271,
89712,1,,,85615,t,2026-06-28 01:35:23.011176,
89713,1,,,85616,t,2026-06-28 01:35:23.013516,
89714,1,,,85616,t,2026-06-28 01:35:23.020254,
89715,1,,,85617,t,2026-06-28 01:35:23.027851,
89716,1,,,85617,t,2026-06-28 01:35:23.03047,
89717,1,,,85617,t,2026-06-28 01:35:23.032889,
89718,1,,,85617,t,2026-06-28 01:35:23.037328,
89719,1,,,85617,t,2026-06-28 01:35:23.043309,
89720,1,,,85617,t,2026-06-28 01:35:23.046615,
89721,1,,,85618,t,2026-06-28 01:37:02.451241,
89722,1,,,85618,t,2026-06-28 01:37:02.356145,
89723,1,,,85618,t,2026-06-28 01:37:02.356145,
89724,1,,,85618,t,2026-06-28 01:37:02.295205,
89725,1,,,85618,t,2026-06-28 01:37:02.405805,
89726,1,,,85619,t,2026-06-28 01:35:23.069912,
89727,1,,,85619,t,2026-06-28 01:35:23.079938,
89728,1,,,85619,t,2026-06-28 01:35:23.082829,
89729,1,,,85619,t,2026-06-28 01:35:23.086332,
89730,1,,,85620,t,2026-06-28 01:35:23.090654,
89731,1,,,85620,t,2026-06-28 01:35:23.094089,
89732,1,,,85620,t,2026-06-28 01:35:23.098191,
89733,1,,,85620,t,2026-06-28 01:35:23.099364,
89734,1,,,85620,t,2026-06-28 01:35:23.100533,
89735,1,,,85621,t,2026-06-28 01:37:02.820214,
89736,1,,,85621,t,2026-06-28 01:37:02.716274,
89737,1,,,85621,t,2026-06-28 01:37:02.716274,
89738,1,,,85621,t,2026-06-28 01:37:02.652633,
89739,1,,,85622,t,2026-06-28 01:37:03.014477,
89740,1,,,85622,t,2026-06-28 01:37:02.968298,
89741,1,,,85622,t,2026-06-28 01:37:02.918365,
89742,1,,,85622,t,2026-06-28 01:37:02.918365,
89743,1,,,85623,t,2026-06-28 01:37:03.202754,
89744,1,,,85623,t,2026-06-28 01:37:03.159278,
89745,1,,,85623,t,2026-06-28 01:37:03.159278,
89746,1,,,85623,t,2026-06-28 01:37:03.159278,
89747,1,,,85623,t,2026-06-28 01:37:03.103534,
89748,1,,,85624,t,2026-06-28 01:37:03.383219,
89749,1,,,85624,t,2026-06-28 01:37:03.331161,
89750,1,,,85624,t,2026-06-28 01:37:03.331161,
89751,1,,,85624,t,2026-06-28 01:37:03.332174,
89752,1,,,85625,t,2026-06-28 01:35:23.556147,
89753,1,,,85625,t,2026-06-28 01:35:23.558103,
89754,1,,,85625,t,2026-06-28 01:35:23.560395,
89755,1,,,85625,t,2026-06-28 01:35:23.564524,
89756,1,,,85625,t,2026-06-28 01:35:23.567343,
89757,1,,,85625,t,2026-06-28 01:35:23.569316,
89758,1,,,85625,t,2026-06-28 01:35:23.573446,
89759,1,,,85626,t,2026-06-28 01:37:03.557146,
89760,1,,,85626,t,2026-06-28 01:37:03.471168,
89761,1,,,85626,t,2026-06-28 01:37:03.51648,
89762,1,,,85627,t,2026-06-28 01:35:23.582826,
89763,1,,,85627,t,2026-06-28 01:35:23.58545,
89764,1,,,85627,t,2026-06-28 01:35:23.587545,
89765,1,,,85628,t,2026-06-28 01:35:23.590459,
89766,1,,,85628,t,2026-06-28 01:35:23.592436,
89767,1,,,85629,t,2026-06-28 01:35:23.59435,
89768,1,,,85629,t,2026-06-28 01:35:23.596157,
89769,1,,,85629,t,2026-06-28 01:35:23.597984,
89770,1,,,85629,t,2026-06-28 01:35:23.599198,
89771,1,,,85629,t,2026-06-28 01:35:23.601324,
89772,1,,,85629,t,2026-06-28 01:35:23.603519,
89773,1,,,85630,t,2026-06-28 01:35:23.606906,
89774,1,,,85630,t,2026-06-28 01:35:23.609421,
89775,1,,,85630,t,2026-06-28 01:35:23.610672,
89776,1,,,85630,t,2026-06-28 01:35:23.613007,
89777,1,,,11067,t,2026-06-28 01:35:23.614295,
89778,1,,,11067,t,2026-06-28 01:35:23.616788,
89779,1,,,11067,t,2026-06-28 01:35:23.618749,
89780,1,,,11067,t,2026-06-28 01:35:23.620616,
89781,1,,,11067,t,2026-06-28 01:35:23.625069,
89782,1,,,11067,t,2026-06-28 01:35:23.627692,
89783,1,,,85631,t,2026-06-28 01:37:03.73339,
89784,1,,,85631,t,2026-06-28 01:37:03.645541,
89785,1,,,85631,t,2026-06-28 01:37:03.689872,
89786,1,,,85632,t,2026-06-28 01:37:03.943979,
89787,1,,,85632,t,2026-06-28 01:37:03.900222,
89788,1,,,85632,t,2026-06-28 01:37:03.839709,
89789,1,,,85633,t,2026-06-28 01:35:23.643809,
89790,1,,,85633,t,2026-06-28 01:35:23.646134,
89791,1,,,85633,t,2026-06-28 01:35:23.648164,
89792,1,,,85633,t,2026-06-28 01:35:23.650628,
89793,1,,,85633,t,2026-06-28 01:35:23.653121,
89794,1,,,85634,t,2026-06-28 01:35:23.656747,
89795,1,,,85634,t,2026-06-28 01:35:23.659973,
89796,1,,,85634,t,2026-06-28 01:35:23.662727,
89797,1,,,85634,t,2026-06-28 01:35:23.665389,
89798,1,,,85634,t,2026-06-28 01:35:23.667474,
89799,1,,,85635,t,2026-06-28 01:35:23.669796,
89800,1,,,85635,t,2026-06-28 01:35:23.671541,
89801,1,,,85635,t,2026-06-28 01:35:23.673582,
89802,1,,,85635,t,2026-06-28 01:35:23.675633,
89803,1,,,85635,t,2026-06-28 01:35:23.677438,
89804,1,,,85636,t,2026-06-28 01:35:23.680507,
89805,1,,,85636,t,2026-06-28 01:35:23.687036,
89806,1,,,85636,t,2026-06-28 01:35:23.690697,
89807,1,,,85636,t,2026-06-28 01:35:23.694264,
89808,1,,,85636,t,2026-06-28 01:35:23.698194,
89809,1,,,85636,t,2026-06-28 01:35:23.701013,
89810,1,,,85637,t,2026-06-28 01:35:23.704977,
89811,1,,,85637,t,2026-06-28 01:35:23.711433,
89812,1,,,85637,t,2026-06-28 01:35:23.715494,
89813,1,,,85638,t,2026-06-28 01:35:23.718001,
89814,1,,,85638,t,2026-06-28 01:35:23.720815,
89815,1,,,85638,t,2026-06-28 01:35:23.727144,
89816,1,,,85638,t,2026-06-28 01:35:23.729654,
89817,1,,,85639,t,2026-06-28 01:35:23.732803,
89818,1,,,85639,t,2026-06-28 01:35:23.735922,
89819,1,,,85639,t,2026-06-28 01:35:23.738933,
89820,1,,,85639,t,2026-06-28 01:35:23.741352,
89821,1,,,85639,t,2026-06-28 01:35:23.743669,
89822,1,,,85639,t,2026-06-28 01:35:23.746693,
89823,1,,,85639,t,2026-06-28 01:35:23.748666,
89824,1,,,85640,t,2026-06-28 01:35:23.749975,
89825,1,,,85640,t,2026-06-28 01:35:23.755285,
89826,1,,,85640,t,2026-06-28 01:35:23.760203,
89827,1,,,85640,t,2026-06-28 01:35:23.762815,
89828,1,,,85641,t,2026-06-28 01:35:23.765072,
89829,1,,,85641,t,2026-06-28 01:35:23.767669,
89830,1,,,85641,t,2026-06-28 01:35:23.769483,
89831,1,,,85641,t,2026-06-28 01:35:23.772957,
89832,1,,,85642,t,2026-06-28 01:37:04.127623,
89833,1,,,85642,t,2026-06-28 01:37:04.084256,
89834,1,,,85642,t,2026-06-28 01:37:04.054112,
89835,1,,,85643,t,2026-06-28 01:35:24.107981,
89836,1,,,85643,t,2026-06-28 01:35:24.110392,
89837,1,,,85643,t,2026-06-28 01:35:24.112135,
89838,1,,,85643,t,2026-06-28 01:35:24.113886,
89839,1,,,85643,t,2026-06-28 01:35:24.115031,
89840,1,,,85643,t,2026-06-28 01:35:24.117272,
89841,1,,,85644,t,2026-06-28 01:35:24.118474,
89842,1,,,85644,t,2026-06-28 01:35:24.120188,
89843,1,,,85644,t,2026-06-28 01:35:24.121881,
89844,1,,,85645,t,2026-06-28 01:35:24.123803,
89845,1,,,85645,t,2026-06-28 01:35:24.127371,
89846,1,,,85645,t,2026-06-28 01:35:24.129132,
89847,1,,,85645,t,2026-06-28 01:35:24.130895,
89848,1,,,85646,t,2026-06-28 01:35:24.13266,
89849,1,,,85646,t,2026-06-28 01:35:24.134404,
89850,1,,,85646,t,2026-06-28 01:35:24.136059,
89851,1,,,85647,t,2026-06-28 01:35:24.138329,
89852,1,,,85647,t,2026-06-28 01:35:24.140407,
89853,1,,,85648,t,2026-06-28 01:35:24.141593,
89854,1,,,85648,t,2026-06-28 01:35:24.145345,
89855,1,,,85648,t,2026-06-28 01:35:24.147098,
89856,1,,,85648,t,2026-06-28 01:35:24.14822,
89857,1,,,85649,t,2026-06-28 01:37:04.375343,
89858,1,,,85649,t,2026-06-28 01:37:04.268532,
89859,1,,,85649,t,2026-06-28 01:37:04.268532,
89860,1,,,85649,t,2026-06-28 01:37:04.332332,
89861,1,,,85649,t,2026-06-28 01:37:04.217325,
89862,1,,,85650,t,2026-06-28 01:35:24.167005,
89863,1,,,85650,t,2026-06-28 01:35:24.171675,
89864,1,,,85650,t,2026-06-28 01:35:24.176735,
89865,1,,,85650,t,2026-06-28 01:35:24.179974,
89866,1,,,85651,t,2026-06-28 01:37:04.550812,
89867,1,,,85651,t,2026-06-28 01:37:04.515684,
89868,1,,,85651,t,2026-06-28 01:37:04.515684,
89869,1,,,85652,t,2026-06-28 01:35:24.196985,
89870,1,,,85652,t,2026-06-28 01:35:24.198959,
89871,1,,,85652,t,2026-06-28 01:35:24.201116,
89872,1,,,85652,t,2026-06-28 01:35:24.203368,
89873,1,,,85653,t,2026-06-28 01:37:04.737637,
89874,1,,,85653,t,2026-06-28 01:37:04.685302,
89875,1,,,85653,t,2026-06-28 01:37:04.686234,
89876,1,,,85653,t,2026-06-28 01:37:04.641343,
89877,1,,,85654,t,2026-06-28 01:37:05.011972,
89878,1,,,85654,t,2026-06-28 01:37:04.968981,
89879,1,,,85654,t,2026-06-28 01:37:04.968981,
89880,1,,,85654,t,2026-06-28 01:37:04.916826,
89881,1,,,85654,t,2026-06-28 01:37:04.916826,
89882,1,,,85654,t,2026-06-28 01:37:04.849595,
89883,1,,,85655,t,2026-06-28 01:35:24.239168,
89884,1,,,85655,t,2026-06-28 01:35:24.243948,
89885,1,,,85655,t,2026-06-28 01:35:24.247383,
89886,1,,,85656,t,2026-06-28 01:35:24.251012,
89887,1,,,85656,t,2026-06-28 01:35:24.256008,
89888,1,,,85656,t,2026-06-28 01:35:24.260502,
89889,1,,,85656,t,2026-06-28 01:35:24.263797,
89890,1,,,85656,t,2026-06-28 01:35:24.267201,
89891,1,,,85656,t,2026-06-28 01:35:24.271343,
89892,1,,,85657,t,2026-06-28 01:35:24.276749,
89893,1,,,85658,t,2026-06-28 01:35:24.280547,
89894,1,,,85658,t,2026-06-28 01:35:24.284247,
89895,1,,,85658,t,2026-06-28 01:35:24.28731,
89896,1,,,85659,t,2026-06-28 01:35:24.291902,
89897,1,,,85659,t,2026-06-28 01:35:24.295417,
89898,1,,,85659,t,2026-06-28 01:35:24.300132,
89899,1,,,85659,t,2026-06-28 01:35:24.305251,
89900,1,,,85659,t,2026-06-28 01:35:24.308933,
89901,1,,,85660,t,2026-06-28 01:35:24.311849,
89902,1,,,85660,t,2026-06-28 01:35:24.313737,
89903,1,,,85660,t,2026-06-28 01:35:24.315442,
89904,1,,,85660,t,2026-06-28 01:35:24.31823,
89905,1,,,85661,t,2026-06-28 01:35:24.322094,
89906,1,,,85661,t,2026-06-28 01:35:24.329243,
89907,1,,,85661,t,2026-06-28 01:35:24.333227,
89908,1,,,85661,t,2026-06-28 01:35:24.338002,
89909,1,,,85661,t,2026-06-28 01:35:24.342581,
89910,1,,,85661,t,2026-06-28 01:35:24.346212,
89911,1,,,85662,t,2026-06-28 01:35:24.349016,
89912,1,,,85662,t,2026-06-28 01:35:24.352862,
89913,1,,,85662,t,2026-06-28 01:35:24.3569,
89914,1,,,85662,t,2026-06-28 01:35:24.359275,
89915,1,,,85662,t,2026-06-28 01:35:24.361952,
89916,1,,,85663,t,2026-06-28 01:35:24.365009,
89917,1,,,85663,t,2026-06-28 01:35:24.367503,
89918,1,,,85663,t,2026-06-28 01:35:24.369731,
89919,1,,,85663,t,2026-06-28 01:35:24.372129,
89920,1,,,85663,t,2026-06-28 01:35:24.375013,
89921,1,,,85664,t,2026-06-28 01:35:24.376975,
89922,1,,,85664,t,2026-06-28 01:35:24.38015,
89923,1,,,85664,t,2026-06-28 01:35:24.382278,
89924,1,,,85665,t,2026-06-28 01:35:24.390701,
89925,1,,,85665,t,2026-06-28 01:35:24.394227,
89926,1,,,85665,t,2026-06-28 01:35:24.397341,
89927,1,,,85665,t,2026-06-28 01:35:24.401468,
89928,1,,,85665,t,2026-06-28 01:35:24.408184,
89929,1,,,85666,t,2026-06-28 01:35:24.412991,
89930,1,,,85666,t,2026-06-28 01:35:24.416549,
89931,1,,,85666,t,2026-06-28 01:35:24.426889,
89932,1,,,85667,t,2026-06-28 01:35:24.430916,
89933,1,,,85667,t,2026-06-28 01:35:24.436379,
89934,1,,,85668,t,2026-06-28 01:35:24.440172,
89935,1,,,85668,t,2026-06-28 01:35:24.933694,
89936,1,,,85668,t,2026-06-28 01:35:24.94122,
89937,1,,,85668,t,2026-06-28 01:35:24.944749,
89938,1,,,85668,t,2026-06-28 01:35:24.948266,
89939,1,,,85668,t,2026-06-28 01:35:24.950949,
89940,1,,,85668,t,2026-06-28 01:35:24.953137,
89941,1,,,85669,t,2026-06-28 01:37:05.213684,
89942,1,,,85669,t,2026-06-28 01:37:05.166812,
89943,1,,,85669,t,2026-06-28 01:37:05.089144,
89944,1,,,85669,t,2026-06-28 01:37:05.089144,
89945,1,,,85669,t,2026-06-28 01:37:05.16738,
89946,1,,,85669,t,2026-06-28 01:37:05.16738,
89947,1,,,85670,t,2026-06-28 01:35:24.967065,
89948,1,,,85670,t,2026-06-28 01:35:24.970359,
89949,1,,,85671,t,2026-06-28 01:37:05.419307,
89950,1,,,85671,t,2026-06-28 01:37:05.312217,
89951,1,,,85671,t,2026-06-28 01:37:05.364698,
89952,1,,,85671,t,2026-06-28 01:37:05.364698,
89953,1,,,85671,t,2026-06-28 01:37:05.364698,
89954,1,,,85672,t,2026-06-28 01:35:24.995057,
89955,1,,,85672,t,2026-06-28 01:35:24.998534,
89956,1,,,85672,t,2026-06-28 01:35:25.004778,
89957,1,,,85672,t,2026-06-28 01:35:25.009148,
89958,1,,,85672,t,2026-06-28 01:35:25.01264,
89959,1,,,85672,t,2026-06-28 01:35:25.017421,
89960,1,,,85673,t,2026-06-28 01:35:25.037835,
89961,1,,,85673,t,2026-06-28 01:35:25.039561,
89962,1,,,85673,t,2026-06-28 01:35:25.042324,
89963,1,,,85673,t,2026-06-28 01:35:25.043529,
89964,1,,,85673,t,2026-06-28 01:35:25.044558,
89965,1,,,85673,t,2026-06-28 01:35:25.049305,
89966,1,,,85674,t,2026-06-28 01:35:25.052092,
89967,1,,,85674,t,2026-06-28 01:35:25.056564,
89968,1,,,85675,t,2026-06-28 01:35:25.060006,
89969,1,,,85675,t,2026-06-28 01:35:25.066655,
89970,1,,,85675,t,2026-06-28 01:35:25.068327,
89971,1,,,85675,t,2026-06-28 01:35:25.071172,
89972,1,,,85675,t,2026-06-28 01:35:25.075084,
89973,1,,,85676,t,2026-06-28 01:35:25.081682,
89974,1,,,85676,t,2026-06-28 01:35:25.084773,
89975,1,,,85676,t,2026-06-28 01:35:25.089263,
89976,1,,,85676,t,2026-06-28 01:35:25.092133,
89977,1,,,85676,t,2026-06-28 01:35:25.094302,
89978,1,,,85676,t,2026-06-28 01:35:25.096396,
89979,1,,,85677,t,2026-06-28 01:37:05.605018,
89980,1,,,85677,t,2026-06-28 01:37:05.555477,
89981,1,,,85677,t,2026-06-28 01:37:05.555477,
89982,1,,,85677,t,2026-06-28 01:37:05.555477,
89983,1,,,85677,t,2026-06-28 01:37:05.491089,
89984,1,,,85678,t,2026-06-28 01:37:05.853774,
89985,1,,,85678,t,2026-06-28 01:37:05.731052,
89986,1,,,85678,t,2026-06-28 01:37:05.781591,
89987,1,,,85678,t,2026-06-28 01:37:05.781591,
89988,1,,,85678,t,2026-06-28 01:37:05.731052,
89989,1,,,85678,t,2026-06-28 01:37:05.698995,
89990,1,,,85679,t,2026-06-28 01:35:25.130316,
89991,1,,,85680,t,2026-06-28 01:37:06.056949,
89992,1,,,85680,t,2026-06-28 01:37:06.00036,
89993,1,,,85680,t,2026-06-28 01:37:06.000924,
89994,1,,,85680,t,2026-06-28 01:37:06.000924,
89995,1,,,85680,t,2026-06-28 01:37:06.000924,
89996,1,,,85680,t,2026-06-28 01:37:05.938119,
89997,1,,,85781,t,2026-06-28 01:35:25.151961,
89998,1,,,85781,t,2026-06-28 01:35:25.158189,
89999,1,,,85781,t,2026-06-28 01:35:25.161152,
90000,1,,,85781,t,2026-06-28 01:35:25.164319,
90001,1,,,85682,t,2026-06-28 01:35:25.165655,
90002,1,,,85682,t,2026-06-28 01:35:25.173041,
90003,1,,,85683,t,2026-06-28 01:35:25.177387,
90004,1,,,85684,t,2026-06-28 01:35:25.181373,
90005,1,,,85684,t,2026-06-28 01:35:25.185313,
90006,1,,,85684,t,2026-06-28 01:35:25.189809,
90007,1,,,85685,t,2026-06-28 01:37:06.381754,
90008,1,,,85685,t,2026-06-28 01:37:06.219983,
90009,1,,,85685,t,2026-06-28 01:37:06.282415,
90010,1,,,85685,t,2026-06-28 01:37:06.394988,
90011,1,,,85685,t,2026-06-28 01:37:06.153036,
90012,1,,,85685,t,2026-06-28 01:37:06.153036,
90013,1,,,85685,t,2026-06-28 01:37:06.219983,
90014,1,,,85685,t,2026-06-28 01:37:06.334466,
90015,1,,,85686,t,2026-06-28 01:37:06.619761,
90016,1,,,85686,t,2026-06-28 01:37:06.550642,
90017,1,,,85686,t,2026-06-28 01:37:06.550642,
90018,1,,,85686,t,2026-06-28 01:37:06.550642,
90019,1,,,85686,t,2026-06-28 01:37:06.470892,
90020,1,,,85687,t,2026-06-28 01:35:25.245756,
90021,1,,,85687,t,2026-06-28 01:35:25.248207,
90022,1,,,85687,t,2026-06-28 01:35:25.252278,
90023,1,,,85687,t,2026-06-28 01:35:25.256987,
90024,1,,,85687,t,2026-06-28 01:35:25.26094,
90025,1,,,85687,t,2026-06-28 01:35:25.264418,
90026,1,,,85687,t,2026-06-28 01:35:25.26725,
90027,1,,,85687,t,2026-06-28 01:35:25.278049,
90028,1,,,85687,t,2026-06-28 01:35:25.281953,
90029,1,,,85687,t,2026-06-28 01:35:25.284492,
90030,1,,,85687,t,2026-06-28 01:35:25.288409,
90031,1,,,85687,t,2026-06-28 01:35:25.293148,
90032,1,,,85688,t,2026-06-28 01:35:25.2963,
90033,1,,,85688,t,2026-06-28 01:35:25.302403,
90034,1,,,85688,t,2026-06-28 01:35:25.305189,
90035,1,,,85688,t,2026-06-28 01:35:25.587497,
90036,1,,,85689,t,2026-06-28 01:35:25.591351,
90037,1,,,85689,t,2026-06-28 01:35:25.59693,
90038,1,,,85689,t,2026-06-28 01:35:25.599886,
90039,1,,,85689,t,2026-06-28 01:35:25.60618,
90040,1,,,85690,t,2026-06-28 01:35:25.609348,
90041,1,,,85691,t,2026-06-28 01:37:06.968712,
90042,1,,,85691,t,2026-06-28 01:37:06.84966,
90043,1,,,85691,t,2026-06-28 01:37:06.76247,
90044,1,,,85691,t,2026-06-28 01:37:06.76247,
90045,1,,,85691,t,2026-06-28 01:37:06.72717,
90046,1,,,85691,t,2026-06-28 01:37:06.908031,
90047,1,,,85692,t,2026-06-28 01:35:25.632424,
90048,1,,,85692,t,2026-06-28 01:35:25.63665,
90049,1,,,85692,t,2026-06-28 01:35:25.640189,
90050,1,,,85693,t,2026-06-28 01:35:25.64242,
90051,1,,,85693,t,2026-06-28 01:35:25.646573,
90052,1,,,85693,t,2026-06-28 01:35:25.649921,
90053,1,,,85693,t,2026-06-28 01:35:25.654281,
90054,1,,,85693,t,2026-06-28 01:35:25.659567,
90055,1,,,85693,t,2026-06-28 01:35:25.662745,
90056,1,,,85694,t,2026-06-28 01:37:07.16901,
90057,1,,,85694,t,2026-06-28 01:37:07.112703,
90058,1,,,85694,t,2026-06-28 01:37:07.112703,
90059,1,,,85695,t,2026-06-28 01:35:25.677062,
90060,1,,,85696,t,2026-06-28 01:35:25.679141,
90061,1,,,85696,t,2026-06-28 01:35:25.683859,
90062,1,,,85696,t,2026-06-28 01:35:25.687653,
90063,1,,,85696,t,2026-06-28 01:35:25.692964,
90064,1,,,85696,t,2026-06-28 01:35:25.697029,
90065,1,,,85696,t,2026-06-28 01:35:25.698847,
90066,1,,,85697,t,2026-06-28 01:35:25.701232,
90067,1,,,85697,t,2026-06-28 01:35:25.703171,
90068,1,,,85698,t,2026-06-28 01:35:25.705039,
90069,1,,,85698,t,2026-06-28 01:35:25.709356,
90070,1,,,85698,t,2026-06-28 01:35:25.711428,
90071,1,,,85698,t,2026-06-28 01:35:25.713383,
90072,1,,,85698,t,2026-06-28 01:35:25.715416,
90073,1,,,85699,t,2026-06-28 01:35:25.717287,
90074,1,,,85699,t,2026-06-28 01:35:25.72291,
90075,1,,,85699,t,2026-06-28 01:35:25.72629,
90076,1,,,85699,t,2026-06-28 01:35:25.728898,
90077,1,,,85699,t,2026-06-28 01:35:25.730927,
90078,1,,,85699,t,2026-06-28 01:35:25.732645,
90079,1,,,85700,t,2026-06-28 01:35:25.736195,
90080,1,,,85700,t,2026-06-28 01:35:25.744179,
90081,1,,,85700,t,2026-06-28 01:35:25.748324,
90082,1,,,85700,t,2026-06-28 01:35:25.752841,
90083,1,,,85700,t,2026-06-28 01:35:25.758313,
90084,1,,,85701,t,2026-06-28 01:35:25.761307,
90085,1,,,85701,t,2026-06-28 01:35:25.76673,
90086,1,,,85701,t,2026-06-28 01:35:25.77144,
90087,1,,,85701,t,2026-06-28 01:35:25.775039,
90088,1,,,85701,t,2026-06-28 01:35:25.779101,
90089,1,,,85701,t,2026-06-28 01:35:25.78343,
90090,1,,,85701,t,2026-06-28 01:35:25.787387,
90091,1,,,85702,t,2026-06-28 01:35:25.790945,
90092,1,,,85702,t,2026-06-28 01:35:25.793909,
90093,1,,,85702,t,2026-06-28 01:35:25.796406,
90094,1,,,85702,t,2026-06-28 01:35:25.799651,
90095,1,,,85702,t,2026-06-28 01:35:25.803915,
90096,1,,,85702,t,2026-06-28 01:35:25.806852,
90097,1,,,85703,t,2026-06-28 01:37:07.465635,
90098,1,,,85703,t,2026-06-28 01:37:07.411385,
90099,1,,,85703,t,2026-06-28 01:37:07.34476,
90100,1,,,85703,t,2026-06-28 01:37:07.412024,
90101,1,,,85703,t,2026-06-28 01:37:07.283491,
90102,1,,,85704,t,2026-06-28 01:35:25.824218,
90103,1,,,85704,t,2026-06-28 01:35:25.827234,
90104,1,,,85704,t,2026-06-28 01:35:25.82925,
90105,1,,,85704,t,2026-06-28 01:35:25.8325,
90106,1,,,85704,t,2026-06-28 01:35:25.835574,
90107,1,,,85705,t,2026-06-28 01:35:25.838546,
90108,1,,,85705,t,2026-06-28 01:35:25.84168,
90109,1,,,85705,t,2026-06-28 01:35:25.843899,
90110,1,,,85705,t,2026-06-28 01:35:25.849337,
90111,1,,,85705,t,2026-06-28 01:35:25.852436,
90112,1,,,85705,t,2026-06-28 01:35:25.855861,
90113,1,,,85705,t,2026-06-28 01:35:25.8588,
90114,1,,,85706,t,2026-06-28 01:35:25.862457,
90115,1,,,85706,t,2026-06-28 01:35:25.865188,
90116,1,,,85706,t,2026-06-28 01:35:25.867814,
90117,1,,,85706,t,2026-06-28 01:35:25.87341,
90118,1,,,85706,t,2026-06-28 01:35:25.87674,
90119,1,,,85706,t,2026-06-28 01:35:25.882738,
90120,1,,,85706,t,2026-06-28 01:35:25.885283,
90121,1,,,85707,t,2026-06-28 01:35:25.88937,
90122,1,,,85707,t,2026-06-28 01:35:25.892309,
90123,1,,,85707,t,2026-06-28 01:35:25.900059,
90124,1,,,85707,t,2026-06-28 01:35:25.906382,
90125,1,,,85708,t,2026-06-28 01:37:07.643913,
90126,1,,,85708,t,2026-06-28 01:37:07.58139,
90127,1,,,85708,t,2026-06-28 01:37:07.58139,
90128,1,,,85708,t,2026-06-28 01:37:07.58139,
90129,1,,,85709,t,2026-06-28 01:35:25.922594,
90130,1,,,85709,t,2026-06-28 01:35:25.92514,
90131,1,,,85709,t,2026-06-28 01:35:25.927367,
90132,1,,,85709,t,2026-06-28 01:35:25.92924,
90133,1,,,85709,t,2026-06-28 01:35:25.931277,
90134,1,,,85709,t,2026-06-28 01:35:25.933021,
90135,1,,,85709,t,2026-06-28 01:35:26.449926,
90136,1,,,85710,t,2026-06-28 01:35:26.456737,
90137,1,,,85710,t,2026-06-28 01:35:26.460729,
90138,1,,,85710,t,2026-06-28 01:35:26.464691,
90139,1,,,85710,t,2026-06-28 01:35:26.469601,
90140,1,,,85710,t,2026-06-28 01:35:26.473328,
90141,1,,,85710,t,2026-06-28 01:35:26.47812,
90142,1,,,85711,t,2026-06-28 01:37:07.876961,
90143,1,,,85711,t,2026-06-28 01:37:07.865052,
90144,1,,,85711,t,2026-06-28 01:37:07.81378,
90145,1,,,85712,t,2026-06-28 01:35:26.494144,
90146,1,,,85712,t,2026-06-28 01:35:26.497125,
90147,1,,,85712,t,2026-06-28 01:35:26.500311,
90148,1,,,85712,t,2026-06-28 01:35:26.503715,
90149,1,,,85713,t,2026-06-28 01:35:26.506893,
90150,1,,,85713,t,2026-06-28 01:35:26.510358,
90151,1,,,85713,t,2026-06-28 01:35:26.514266,
90152,1,,,85713,t,2026-06-28 01:35:26.51776,
90153,1,,,85713,t,2026-06-28 01:35:26.52169,
90154,1,,,85713,t,2026-06-28 01:35:26.524828,
90155,1,,,85714,t,2026-06-28 01:35:26.527514,
90156,1,,,85714,t,2026-06-28 01:35:26.531549,
90157,1,,,85714,t,2026-06-28 01:35:26.535507,
90158,1,,,85714,t,2026-06-28 01:35:26.539004,
90159,1,,,85714,t,2026-06-28 01:35:26.544945,
90160,1,,,85714,t,2026-06-28 01:35:26.548322,
90161,1,,,85714,t,2026-06-28 01:35:26.5521,
90162,1,,,85716,t,2026-06-28 01:35:26.556489,
90163,1,,,85716,t,2026-06-28 01:35:26.56023,
90164,1,,,85717,t,2026-06-28 01:37:08.189135,
90165,1,,,85717,t,2026-06-28 01:37:08.028733,
90166,1,,,85717,t,2026-06-28 01:37:08.028733,
90167,1,,,85717,t,2026-06-28 01:37:08.129398,
90168,1,,,85718,t,2026-06-28 01:35:26.577758,
90169,1,,,85718,t,2026-06-28 01:35:26.580956,
90170,1,,,85718,t,2026-06-28 01:35:26.583601,
90171,1,,,85718,t,2026-06-28 01:35:26.586799,
90172,1,,,85718,t,2026-06-28 01:35:26.595652,
90173,1,,,85719,t,2026-06-28 01:35:26.598778,
90174,1,,,85719,t,2026-06-28 01:35:26.602753,
90175,1,,,85719,t,2026-06-28 01:35:26.605722,
90176,1,,,85719,t,2026-06-28 01:35:26.609071,
90177,1,,,85720,t,2026-06-28 01:35:26.613176,
90178,1,,,85720,t,2026-06-28 01:35:26.616506,
90179,1,,,85720,t,2026-06-28 01:35:26.621468,
90180,1,,,85720,t,2026-06-28 01:35:26.624391,
90181,1,,,85721,t,2026-06-28 01:35:26.627979,
90182,1,,,85721,t,2026-06-28 01:35:26.631058,
90183,1,,,85722,t,2026-06-28 01:35:26.63581,
90184,1,,,85722,t,2026-06-28 01:35:26.639274,
90185,1,,,85722,t,2026-06-28 01:35:26.64277,
90186,1,,,85722,t,2026-06-28 01:35:26.645441,
90187,1,,,85723,t,2026-06-28 01:37:08.457255,
90188,1,,,85723,t,2026-06-28 01:37:08.310741,
90189,1,,,85723,t,2026-06-28 01:37:08.39067,
90190,1,,,85723,t,2026-06-28 01:37:08.39067,
90191,1,,,85723,t,2026-06-28 01:37:08.39067,
90192,1,,,85724,t,2026-06-28 01:35:26.669087,
90193,1,,,85724,t,2026-06-28 01:35:26.67373,
90194,1,,,85725,t,2026-06-28 01:37:08.658699,
90195,1,,,85725,t,2026-06-28 01:37:08.598746,
90196,1,,,85725,t,2026-06-28 01:37:08.546602,
90197,1,,,85726,t,2026-06-28 01:35:26.686012,
90198,1,,,85726,t,2026-06-28 01:35:26.689501,
90199,1,,,85726,t,2026-06-28 01:35:26.692328,
90200,1,,,85726,t,2026-06-28 01:35:26.695808,
90201,1,,,85726,t,2026-06-28 01:35:26.698278,
90202,1,,,85727,t,2026-06-28 01:35:26.701434,
90203,1,,,85727,t,2026-06-28 01:35:26.704812,
90204,1,,,85727,t,2026-06-28 01:35:26.708174,
90205,1,,,85727,t,2026-06-28 01:35:26.711236,
90206,1,,,85727,t,2026-06-28 01:35:26.713898,
90207,1,,,85727,t,2026-06-28 01:35:26.716181,
90208,1,,,85727,t,2026-06-28 01:35:26.722398,
90209,1,,,85727,t,2026-06-28 01:35:26.725877,
90210,1,,,11173,t,2026-06-28 01:35:27.533729,
90211,1,,,11173,t,2026-06-28 01:35:27.53811,
90212,1,,,11173,t,2026-06-28 01:35:27.542097,
90213,1,,,11173,t,2026-06-28 01:35:27.54617,
90214,1,,,11173,t,2026-06-28 01:35:27.549803,
90215,1,,,85728,t,2026-06-28 01:35:27.554696,
90216,1,,,85728,t,2026-06-28 01:35:27.558168,
90217,1,,,85729,t,2026-06-28 01:35:27.564644,
90218,1,,,85729,t,2026-06-28 01:35:27.571062,
90219,1,,,85729,t,2026-06-28 01:35:27.575582,
90220,1,,,85783,t,2026-06-28 01:35:27.579697,
90221,1,,,85783,t,2026-06-28 01:35:27.584721,
90222,1,,,85730,t,2026-06-28 01:35:27.593386,
90223,1,,,85730,t,2026-06-28 01:35:27.610212,
90224,1,,,85731,t,2026-06-28 01:35:27.620338,
90225,1,,,85732,t,2026-06-28 01:37:13.43762,
90226,1,,,85732,t,2026-06-28 01:37:13.479429,
90227,1,,,85734,t,2026-06-28 01:35:27.645518,
90228,1,,,85734,t,2026-06-28 01:35:27.653079,
90229,1,,,85734,t,2026-06-28 01:35:27.661799,
90230,1,,,85734,t,2026-06-28 01:35:27.670391,
90231,1,,,85734,t,2026-06-28 01:35:27.677889,
90232,1,,,85734,t,2026-06-28 01:35:27.684952,
90233,1,,,85734,t,2026-06-28 01:35:27.691668,
90234,1,,,85734,t,2026-06-28 01:35:27.702311,
90235,1,,,85734,t,2026-06-28 01:35:28.437503,
90236,1,,,85734,t,2026-06-28 01:35:28.446135,
90237,1,,,85735,t,2026-06-28 01:35:28.453964,
90238,1,,,85736,t,2026-06-28 01:35:28.460877,
90239,1,,,85737,t,2026-06-28 01:37:08.742998,
90240,1,,,85738,t,2026-06-28 01:35:28.470452,
90241,1,,,85738,t,2026-06-28 01:35:28.476274,
90242,1,,,85738,t,2026-06-28 01:35:28.481614,
90243,1,,,85739,t,2026-06-28 01:35:28.488296,
90244,1,,,85739,t,2026-06-28 01:35:28.491631,
90245,1,,,85739,t,2026-06-28 01:35:28.495972,
90246,1,,,85739,t,2026-06-28 01:35:28.503487,
90247,1,,,85739,t,2026-06-28 01:35:28.507528,
90248,1,,,85739,t,2026-06-28 01:35:28.514243,
90249,1,,,85740,t,2026-06-28 01:35:28.520387,
90250,1,,,85740,t,2026-06-28 01:35:28.525044,
90251,1,,,85740,t,2026-06-28 01:35:28.530253,
90252,1,,,85740,t,2026-06-28 01:35:28.536162,
90253,1,,,85741,t,2026-06-28 01:35:28.541145,
90254,1,,,85741,t,2026-06-28 01:35:28.545915,
90255,1,,,85741,t,2026-06-28 01:35:28.552708,
90256,1,,,85741,t,2026-06-28 01:35:28.557876,
90257,1,,,85741,t,2026-06-28 01:35:28.561873,
90258,1,,,85741,t,2026-06-28 01:35:28.568462,
90259,1,,,85742,t,2026-06-28 01:35:28.573735,
90260,1,,,85742,t,2026-06-28 01:35:28.576881,
90261,1,,,85742,t,2026-06-28 01:35:28.5847,
90262,1,,,85742,t,2026-06-28 01:35:28.590538,
90263,1,,,85742,t,2026-06-28 01:35:28.595512,
90264,1,,,85742,t,2026-06-28 01:35:28.601825,
90265,1,,,85742,t,2026-06-28 01:35:28.606414,
90266,1,,,84858,t,2026-06-28 01:35:28.612068,
90267,1,,,84858,t,2026-06-28 01:35:28.617633,
90268,1,,,84858,t,2026-06-28 01:35:28.622164,
90269,1,,,84858,t,2026-06-28 01:35:28.627079,
90270,1,,,85743,t,2026-06-28 01:35:28.63299,
90271,1,,,85743,t,2026-06-28 01:35:28.639372,
90272,1,,,85743,t,2026-06-28 01:35:28.643541,
90273,1,,,85743,t,2026-06-28 01:35:28.65046,
90274,1,,,85743,t,2026-06-28 01:35:28.655894,
90275,1,,,85743,t,2026-06-28 01:35:28.661691,
90276,1,,,85744,t,2026-06-28 01:37:08.887173,
90277,1,,,85744,t,2026-06-28 01:37:08.842089,
90278,1,,,85745,t,2026-06-28 01:37:09.135691,
90279,1,,,85745,t,2026-06-28 01:37:09.040307,
90280,1,,,85745,t,2026-06-28 01:37:09.099634,
90281,1,,,85745,t,2026-06-28 01:37:09.099634,
90282,1,,,85745,t,2026-06-28 01:37:08.979402,
90283,1,,,85746,t,2026-06-28 01:35:28.706811,
90284,1,,,85746,t,2026-06-28 01:35:28.710793,
90285,1,,,85746,t,2026-06-28 01:35:28.71697,
90286,1,,,85746,t,2026-06-28 01:35:28.721506,
90287,1,,,85747,t,2026-06-28 01:35:28.724772,
90288,1,,,85747,t,2026-06-28 01:35:28.728616,
90289,1,,,85749,t,2026-06-28 01:37:09.294644,
90290,1,,,85749,t,2026-06-28 01:37:09.242985,
90291,1,,,85749,t,2026-06-28 01:37:09.242985,
90292,1,,,85749,t,2026-06-28 01:37:09.242985,
90293,1,,,85750,t,2026-06-28 01:35:28.758693,
90294,1,,,85750,t,2026-06-28 01:35:28.764007,
90295,1,,,85750,t,2026-06-28 01:35:28.769048,
90296,1,,,85750,t,2026-06-28 01:35:28.772776,
90297,1,,,85750,t,2026-06-28 01:35:28.777524,
90298,1,,,85750,t,2026-06-28 01:35:28.784674,
90299,1,,,85751,t,2026-06-28 01:35:28.788812,
90300,1,,,85751,t,2026-06-28 01:35:28.793183,
90301,1,,,85752,t,2026-06-28 01:35:28.799327,
90302,1,,,85752,t,2026-06-28 01:35:28.80323,
90303,1,,,85753,t,2026-06-28 01:35:28.807322,
90304,1,,,85754,t,2026-06-28 01:37:09.52423,
90305,1,,,85754,t,2026-06-28 01:37:09.47959,
90306,1,,,85754,t,2026-06-28 01:37:09.47959,
90307,1,,,85754,t,2026-06-28 01:37:09.424317,
90308,1,,,85755,t,2026-06-28 01:35:28.833471,
90309,1,,,85755,t,2026-06-28 01:35:28.839044,
90310,1,,,85756,t,2026-06-28 01:35:28.842806,
90311,1,,,85756,t,2026-06-28 01:35:28.850247,
90312,1,,,85757,t,2026-06-28 01:35:28.854496,
90313,1,,,85757,t,2026-06-28 01:35:28.858149,
90314,1,,,85757,t,2026-06-28 01:35:28.86111,
90315,1,,,85758,t,2026-06-28 01:35:28.867903,
90316,1,,,85758,t,2026-06-28 01:35:28.872782,
90317,1,,,85758,t,2026-06-28 01:35:28.877043,
90318,1,,,85758,t,2026-06-28 01:35:28.883959,
90319,1,,,85758,t,2026-06-28 01:35:28.88882,
90320,1,,,85758,t,2026-06-28 01:35:28.893751,
90321,1,,,85759,t,2026-06-28 01:35:28.900702,
90322,1,,,85759,t,2026-06-28 01:35:28.905781,
90323,1,,,85759,t,2026-06-28 01:35:28.910479,
90324,1,,,85759,t,2026-06-28 01:35:28.917076,
90325,1,,,11223,t,2026-06-28 01:35:28.924186,
90326,1,,,85760,t,2026-06-28 01:35:28.928742,
90327,1,,,85760,t,2026-06-28 01:35:28.935463,
90328,1,,,85761,t,2026-06-28 01:35:28.940086,
90329,1,,,85761,t,2026-06-28 01:35:28.945559,
90330,1,,,85763,t,2026-06-28 01:35:28.951347,
90331,1,,,85764,t,2026-06-28 01:35:28.955402,
90332,1,,,85765,t,2026-06-28 01:35:28.957917,
90333,1,,,85765,t,2026-06-28 01:35:28.963644,
90334,1,,,85766,t,2026-06-28 01:35:28.969415,
90335,1,,,85766,t,2026-06-28 01:35:29.285173,
90336,1,,,85766,t,2026-06-28 01:35:29.288379,
90337,1,,,85766,t,2026-06-28 01:35:29.291362,
90338,1,,,85766,t,2026-06-28 01:35:29.294614,
90339,1,,,85766,t,2026-06-28 01:35:29.29801,
90340,1,,,85766,t,2026-06-28 01:35:29.30158,
90341,1,,,85767,t,2026-06-28 01:35:29.304304,
90342,1,,,85767,t,2026-06-28 01:35:29.306229,
90343,1,,,85767,t,2026-06-28 01:35:29.309211,
90344,1,,,85767,t,2026-06-28 01:35:29.312251,
90345,1,,,85767,t,2026-06-28 01:35:29.316441,
90346,1,,,85768,t,2026-06-28 01:35:29.319003,
90347,1,,,85768,t,2026-06-28 01:35:29.322006,
90348,1,,,85768,t,2026-06-28 01:35:29.325106,
90349,1,,,85768,t,2026-06-28 01:35:29.328528,
90350,1,,,85768,t,2026-06-28 01:35:29.333183,
90351,1,,,85768,t,2026-06-28 01:35:29.336145,
90352,1,,,85769,t,2026-06-28 01:35:29.338581,
90353,1,,,85769,t,2026-06-28 01:35:29.341392,
90354,1,,,85769,t,2026-06-28 01:35:29.344928,
90355,1,,,85769,t,2026-06-28 01:35:29.350868,
90356,1,,,85769,t,2026-06-28 01:35:29.354668,
90357,1,,,85769,t,2026-06-28 01:35:29.358663,
90358,1,,,85770,t,2026-06-28 01:35:29.361954,
90359,1,,,85771,t,2026-06-28 01:37:09.839741,
90360,1,,,85771,t,2026-06-28 01:37:09.676192,
90361,1,,,85771,t,2026-06-28 01:37:09.780721,
90362,1,,,85771,t,2026-06-28 01:37:09.781201,
90363,1,,,85771,t,2026-06-28 01:37:09.676618,
90364,1,,,85771,t,2026-06-28 01:37:09.676618,
90365,1,,,85771,t,2026-06-28 01:37:09.781201,
90366,1,,,85771,t,2026-06-28 01:37:09.613211,
90367,1,,,85772,t,2026-06-28 01:35:29.401565,
90368,1,,,85772,t,2026-06-28 01:35:29.406963,
90369,1,,,85772,t,2026-06-28 01:35:29.413026,
90370,1,,,11233,t,2026-06-28 01:35:29.417581,
90371,1,,,11233,t,2026-06-28 01:35:29.422696,
90372,1,,,11233,t,2026-06-28 01:35:29.427408,
90373,1,,,11233,t,2026-06-28 01:35:29.431118,
90374,1,,,11233,t,2026-06-28 01:35:29.434576,
90375,1,,,85773,t,2026-06-28 01:35:29.437657,
90376,1,,,85773,t,2026-06-28 01:35:29.441041,
90377,1,,,84956,t,2026-06-28 01:35:29.442961,
90378,1,,,84974,t,2026-06-28 01:35:29.445895,
90379,1,,,84983,t,2026-06-28 01:35:29.44856,
90380,1,,,85015,t,2026-06-28 01:35:29.450339,
90381,1,,,85774,t,2026-06-28 01:35:29.452894,
90382,1,,,85774,t,2026-06-28 01:35:29.455098,
90383,1,,,85774,t,2026-06-28 01:35:29.458355,
90384,1,,,85774,t,2026-06-28 01:35:29.462586,
90385,1,,,85774,t,2026-06-28 01:35:29.469465,
90386,1,,,85774,t,2026-06-28 01:35:29.471956,
90387,1,,,85774,t,2026-06-28 01:35:29.474393,
90388,1,,,85775,t,2026-06-28 01:35:29.476321,
90389,1,,,85119,t,2026-06-28 01:35:29.479699,
90390,1,,,85123,t,2026-06-28 01:36:47.351942,
90391,1,,,85167,t,2026-06-28 01:35:29.485209,
90392,1,,,85776,t,2026-06-28 01:35:29.487486,
90393,1,,,85776,t,2026-06-28 01:35:29.490036,
90394,1,,,85776,t,2026-06-28 01:35:29.49252,
90395,1,,,85776,t,2026-06-28 01:35:29.494307,
90396,1,,,85247,t,2026-06-28 01:35:29.496877,
90397,1,,,85274,t,2026-06-28 01:35:29.4995,
90398,1,,,85278,t,2026-06-28 01:35:29.501503,
90399,1,,,85777,t,2026-06-28 01:35:29.504199,
90400,1,,,85777,t,2026-06-28 01:35:29.506111,
90401,1,,,85777,t,2026-06-28 01:35:29.50804,
90402,1,,,85777,t,2026-06-28 01:35:29.510542,
90403,1,,,85777,t,2026-06-28 01:35:29.513863,
90404,1,,,85777,t,2026-06-28 01:35:29.519065,
90405,1,,,85325,t,2026-06-28 01:35:29.522268,
90406,1,,,85957,t,2026-06-28 01:35:29.525703,
90407,1,,,85449,t,2026-06-28 01:35:29.52897,
90408,1,,,85779,t,2026-06-28 01:35:29.532544,
90409,1,,,85779,t,2026-06-28 01:35:29.536394,
90410,1,,,85779,t,2026-06-28 01:35:29.53839,
90411,1,,,85595,t,2026-06-28 01:35:29.541072,
90412,1,,,85606,t,2026-06-28 01:35:29.543003,
90413,1,,,85621,t,2026-06-28 01:37:02.587593,
90414,1,,,85621,t,2026-06-28 01:37:02.780727,
90415,1,,,85780,t,2026-06-28 01:35:29.557717,
90416,1,,,85780,t,2026-06-28 01:35:29.56192,
90417,1,,,85780,t,2026-06-28 01:35:29.565223,
90418,1,,,85780,t,2026-06-28 01:35:29.569012,
90419,1,,,85780,t,2026-06-28 01:35:29.572909,
90420,1,,,85780,t,2026-06-28 01:35:29.575541,
90421,1,,,85719,t,2026-06-28 01:35:29.583387,
90422,1,,,85782,t,2026-06-28 01:35:29.58595,
90423,1,,,85782,t,2026-06-28 01:35:29.588462,
90424,1,,,85782,t,2026-06-28 01:35:29.593697,
90425,1,,,85734,t,2026-06-28 01:35:29.597481,
90426,1,,,85784,t,2026-06-28 01:35:29.603082,
90427,1,,,85784,t,2026-06-28 01:35:29.605326,
90428,1,,,85786,t,2026-06-28 01:35:29.607842,
90429,1,,,85786,t,2026-06-28 01:35:29.611608,
90430,1,,,85787,t,2026-06-28 01:35:29.617056,
90431,1,,,85787,t,2026-06-28 01:35:29.619536,
90432,1,,,85787,t,2026-06-28 01:35:29.622134,
90433,1,,,85787,t,2026-06-28 01:35:29.632913,
90434,1,,,85787,t,2026-06-28 01:35:29.638074,
90435,1,,,85787,t,2026-06-28 01:35:30.007595,
90436,1,,,85013,t,2026-06-28 01:35:30.010605,
90437,1,,,85610,t,2026-06-28 01:35:30.018631,
90438,1,,,85788,t,2026-06-28 01:35:30.021202,
90439,1,,,85788,t,2026-06-28 01:35:30.025703,
90440,1,,,84887,t,2026-06-28 01:35:30.036789,
90441,1,,,85082,t,2026-06-28 01:36:45.763227,
90442,1,,,85294,t,2026-06-28 01:35:30.047276,
90443,1,,,85375,t,2026-06-28 01:35:30.049754,
90444,1,,,85789,t,2026-06-28 01:35:30.051634,
90445,1,,,85790,t,2026-06-28 01:35:30.052809,
90446,1,,,85790,t,2026-06-28 01:35:30.056404,
90447,1,,,85462,t,2026-06-28 01:35:30.058075,
90448,1,,,85462,t,2026-06-28 01:35:30.059157,
90449,1,,,85474,t,2026-06-28 01:35:30.06024,
90450,1,,,85791,t,2026-06-28 01:35:30.06146,
90451,1,,,85791,t,2026-06-28 01:35:30.062519,
90452,1,,,85791,t,2026-06-28 01:35:30.063684,
90453,1,,,85791,t,2026-06-28 01:35:30.064253,
90454,1,,,85791,t,2026-06-28 01:35:30.065403,
90455,1,,,85792,t,2026-06-28 01:35:30.066541,
90456,1,,,85792,t,2026-06-28 01:35:30.067653,
90457,1,,,85793,t,2026-06-28 01:35:30.069225,
90458,1,,,85793,t,2026-06-28 01:35:30.075931,
90459,1,,,85793,t,2026-06-28 01:35:30.08131,
90460,1,,,85793,t,2026-06-28 01:35:30.086067,
90461,1,,,85794,t,2026-06-28 01:35:30.08828,
90462,1,,,85794,t,2026-06-28 01:35:30.091115,
90463,1,,,85795,t,2026-06-28 01:35:30.093119,
90464,1,,,85795,t,2026-06-28 01:35:30.095762,
90465,1,,,85796,t,2026-06-28 01:35:30.097719,
90466,1,,,85796,t,2026-06-28 01:35:30.100523,
90467,1,,,85797,t,2026-06-28 01:35:30.102369,
90468,1,,,85797,t,2026-06-28 01:35:30.104382,
90469,1,,,85798,t,2026-06-28 01:35:30.106625,
90470,1,,,85798,t,2026-06-28 01:35:30.108541,
90471,1,,,85798,t,2026-06-28 01:35:30.110928,
90472,1,,,85798,t,2026-06-28 01:35:30.112486,
90473,1,,,85798,t,2026-06-28 01:35:30.114385,
90474,1,,,85798,t,2026-06-28 01:35:30.116893,
90475,1,,,85798,t,2026-06-28 01:35:30.11877,
90476,1,,,85798,t,2026-06-28 01:35:30.120829,
90477,1,,,85798,t,2026-06-28 01:35:30.122694,
90478,1,,,85798,t,2026-06-28 01:35:30.124931,
90479,1,,,85798,t,2026-06-28 01:35:30.126814,
90480,1,,,85619,t,2026-06-28 01:35:30.132748,
90481,1,,,85800,t,2026-06-28 01:35:30.136714,
90482,1,,,85800,t,2026-06-28 01:35:30.138789,
90483,1,,,85800,t,2026-06-28 01:35:30.140709,
90484,1,,,84918,t,2026-06-28 01:35:30.142462,
90485,1,,,85098,t,2026-06-28 01:35:30.146801,
90486,1,,,85115,t,2026-06-28 01:35:30.15053,
90487,1,,,85869,t,2026-06-28 01:35:30.153709,
90488,1,,,85801,t,2026-06-28 01:35:30.156629,
90489,1,,,85277,t,2026-06-28 01:35:30.160449,
90490,1,,,85277,t,2026-06-28 01:35:30.164445,
90491,1,,,85277,t,2026-06-28 01:35:30.1671,
90492,1,,,85277,t,2026-06-28 01:35:30.170124,
90493,1,,,85802,t,2026-06-28 01:35:30.177468,
90494,1,,,85385,t,2026-06-28 01:35:30.18362,
90495,1,,,85803,t,2026-06-28 01:35:30.187975,
90496,1,,,85804,t,2026-06-28 01:35:30.191192,
90497,1,,,85804,t,2026-06-28 01:35:30.196596,
90498,1,,,85804,t,2026-06-28 01:35:30.199543,
90499,1,,,85804,t,2026-06-28 01:35:30.203618,
90500,1,,,85804,t,2026-06-28 01:35:30.207162,
90501,1,,,85503,t,2026-06-28 01:35:30.212691,
90502,1,,,85805,t,2026-06-28 01:35:30.217777,
90503,1,,,85805,t,2026-06-28 01:35:30.221101,
90504,1,,,85805,t,2026-06-28 01:35:30.223551,
90505,1,,,85805,t,2026-06-28 01:35:30.225487,
90506,1,,,85805,t,2026-06-28 01:35:30.227469,
90507,1,,,85805,t,2026-06-28 01:35:30.232261,
90508,1,,,85805,t,2026-06-28 01:35:30.235593,
90509,1,,,85806,t,2026-06-28 01:35:30.238547,
90510,1,,,85806,t,2026-06-28 01:35:30.24036,
90511,1,,,85807,t,2026-06-28 01:35:30.24239,
90512,1,,,85807,t,2026-06-28 01:35:30.247303,
90513,1,,,85808,t,2026-06-28 01:35:30.25164,
90514,1,,,85808,t,2026-06-28 01:35:30.255147,
90515,1,,,85808,t,2026-06-28 01:35:30.258224,
90516,1,,,85809,t,2026-06-28 01:35:30.264656,
90517,1,,,85809,t,2026-06-28 01:35:30.268798,
90518,1,,,85798,t,2026-06-28 01:35:30.271904,
90519,1,,,85798,t,2026-06-28 01:35:30.276197,
90520,1,,,85811,t,2026-06-28 01:35:30.280355,
90521,1,,,85811,t,2026-06-28 01:35:30.283932,
90522,1,,,85812,t,2026-06-28 01:35:30.289289,
90523,1,,,85812,t,2026-06-28 01:35:30.292065,
90524,1,,,85813,t,2026-06-28 01:35:30.297116,
90525,1,,,85813,t,2026-06-28 01:35:30.299896,
90526,1,,,85846,t,2026-06-28 01:35:30.304494,
90527,1,,,85814,t,2026-06-28 01:35:30.308712,
90528,1,,,85814,t,2026-06-28 01:35:30.315093,
90529,1,,,85814,t,2026-06-28 01:35:30.318665,
90530,1,,,85814,t,2026-06-28 01:35:30.320886,
90531,1,,,85814,t,2026-06-28 01:35:30.323168,
90532,1,,,85814,t,2026-06-28 01:35:30.32577,
90533,1,,,85327,t,2026-06-28 01:35:30.333326,
90534,1,,,86001,t,2026-06-28 01:35:30.338674,
90535,1,,,85815,t,2026-06-28 01:35:30.645611,
90536,1,,,85815,t,2026-06-28 01:35:30.649735,
90537,1,,,85815,t,2026-06-28 01:35:30.651538,
90538,1,,,85815,t,2026-06-28 01:35:30.654912,
90539,1,,,85815,t,2026-06-28 01:35:30.656832,
90540,1,,,85815,t,2026-06-28 01:35:30.659139,
90541,1,,,85424,t,2026-06-28 01:36:57.259016,
90542,1,,,85816,t,2026-06-28 01:35:30.663771,
90543,1,,,85816,t,2026-06-28 01:35:30.665632,
90544,1,,,85812,t,2026-06-28 01:35:30.667464,
90545,1,,,85817,t,2026-06-28 01:35:30.669497,
90546,1,,,85817,t,2026-06-28 01:35:30.671264,
90547,1,,,85817,t,2026-06-28 01:35:30.672444,
90548,1,,,85818,t,2026-06-28 01:35:30.67408,
90549,1,,,85818,t,2026-06-28 01:35:30.67596,
90550,1,,,85818,t,2026-06-28 01:35:30.6781,
90551,1,,,85818,t,2026-06-28 01:35:30.679831,
90552,1,,,85818,t,2026-06-28 01:35:30.681628,
90553,1,,,85818,t,2026-06-28 01:35:30.683482,
90554,1,,,85819,t,2026-06-28 01:35:30.686897,
90555,1,,,85819,t,2026-06-28 01:35:30.689523,
90556,1,,,85819,t,2026-06-28 01:35:30.691766,
90557,1,,,85819,t,2026-06-28 01:35:30.69778,
90558,1,,,85819,t,2026-06-28 01:35:30.703308,
90559,1,,,85819,t,2026-06-28 01:35:30.706258,
90560,1,,,85820,t,2026-06-28 01:35:30.71182,
90561,1,,,85820,t,2026-06-28 01:35:30.716156,
90562,1,,,85249,t,2026-06-28 01:35:30.719886,
90563,1,,,85822,t,2026-06-28 01:35:30.722807,
90564,1,,,85536,t,2026-06-28 01:35:30.72456,
90565,1,,,85536,t,2026-06-28 01:35:30.726521,
90566,1,,,85907,t,2026-06-28 01:35:30.729743,
90567,1,,,85823,t,2026-06-28 01:35:30.734365,
90568,1,,,85824,t,2026-06-28 01:35:30.736516,
90569,1,,,85824,t,2026-06-28 01:35:30.738575,
90570,1,,,85805,t,2026-06-28 01:35:30.742283,
90571,1,,,85825,t,2026-06-28 01:35:30.748992,
90572,1,,,85825,t,2026-06-28 01:35:30.754181,
90573,1,,,85825,t,2026-06-28 01:35:30.75732,
90574,1,,,85825,t,2026-06-28 01:35:30.764379,
90575,1,,,85825,t,2026-06-28 01:35:30.767612,
90576,1,,,85825,t,2026-06-28 01:35:30.773573,
90577,1,,,85825,t,2026-06-28 01:35:30.776282,
90578,1,,,85825,t,2026-06-28 01:35:30.780489,
90579,1,,,85788,t,2026-06-28 01:35:30.783821,
90580,1,,,85788,t,2026-06-28 01:35:30.78755,
90581,1,,,85826,t,2026-06-28 01:35:30.790822,
90582,1,,,85826,t,2026-06-28 01:35:30.795726,
90583,1,,,85826,t,2026-06-28 01:35:30.799046,
90584,1,,,85826,t,2026-06-28 01:35:30.802155,
90585,1,,,85826,t,2026-06-28 01:35:30.805156,
90586,1,,,85827,t,2026-06-28 01:35:30.808034,
90587,1,,,85827,t,2026-06-28 01:35:30.810598,
90588,1,,,85827,t,2026-06-28 01:35:30.81511,
90589,1,,,85295,t,2026-06-28 01:35:30.817215,
90590,1,,,85380,t,2026-06-28 01:35:30.820013,
90591,1,,,85822,t,2026-06-28 01:35:30.82295,
90592,1,,,85791,t,2026-06-28 01:35:30.826167,
90593,1,,,85791,t,2026-06-28 01:35:30.830546,
90594,1,,,85829,t,2026-06-28 01:35:30.83356,
90595,1,,,85830,t,2026-06-28 01:35:30.836566,
90596,1,,,85830,t,2026-06-28 01:35:30.839377,
90597,1,,,85830,t,2026-06-28 01:35:30.84262,
90598,1,,,85830,t,2026-06-28 01:35:30.846531,
90599,1,,,85831,t,2026-06-28 01:35:30.850443,
90600,1,,,85831,t,2026-06-28 01:35:30.853909,
90601,1,,,85832,t,2026-06-28 01:35:30.859912,
90602,1,,,85832,t,2026-06-28 01:35:30.864799,
90603,1,,,85832,t,2026-06-28 01:35:30.869248,
90604,1,,,85832,t,2026-06-28 01:35:30.872037,
90605,1,,,85833,t,2026-06-28 01:35:30.876541,
90606,1,,,85833,t,2026-06-28 01:35:30.881028,
90607,1,,,85833,t,2026-06-28 01:35:30.884076,
90608,1,,,85833,t,2026-06-28 01:35:30.888302,
90609,1,,,85833,t,2026-06-28 01:35:30.891108,
90610,1,,,85833,t,2026-06-28 01:35:30.896526,
90611,1,,,85833,t,2026-06-28 01:35:30.900059,
90612,1,,,85834,t,2026-06-28 01:35:30.902038,
90613,1,,,85834,t,2026-06-28 01:35:30.907039,
90614,1,,,85834,t,2026-06-28 01:35:30.909269,
90615,1,,,85834,t,2026-06-28 01:35:30.912057,
90616,1,,,85835,t,2026-06-28 01:35:30.914832,
90617,1,,,85835,t,2026-06-28 01:35:30.918479,
90618,1,,,85835,t,2026-06-28 01:35:30.923647,
90619,1,,,85835,t,2026-06-28 01:35:30.925737,
90620,1,,,85835,t,2026-06-28 01:35:30.930726,
90621,1,,,85835,t,2026-06-28 01:35:30.934284,
90622,1,,,85836,t,2026-06-28 01:35:30.936869,
90623,1,,,85836,t,2026-06-28 01:35:30.939905,
90624,1,,,85837,t,2026-06-28 01:35:30.941872,
90625,1,,,85837,t,2026-06-28 01:35:30.946677,
90626,1,,,85838,t,2026-06-28 01:35:30.9497,
90627,1,,,85838,t,2026-06-28 01:35:30.951833,
90628,1,,,85838,t,2026-06-28 01:35:30.955313,
90629,1,,,85838,t,2026-06-28 01:35:30.957177,
90630,1,,,85838,t,2026-06-28 01:35:30.959774,
90631,1,,,85838,t,2026-06-28 01:35:30.96347,
90632,1,,,85839,t,2026-06-28 01:35:30.968304,
90633,1,,,85839,t,2026-06-28 01:35:30.971231,
90634,1,,,85839,t,2026-06-28 01:35:30.973968,
90635,1,,,85839,t,2026-06-28 01:35:31.356618,
90636,1,,,85839,t,2026-06-28 01:35:31.365729,
90637,1,,,85839,t,2026-06-28 01:35:31.368744,
90638,1,,,85839,t,2026-06-28 01:35:31.372181,
90639,1,,,85839,t,2026-06-28 01:35:31.380034,
90640,1,,,85839,t,2026-06-28 01:35:31.385772,
90641,1,,,85839,t,2026-06-28 01:35:31.389199,
90642,1,,,85839,t,2026-06-28 01:35:31.398418,
90643,1,,,85839,t,2026-06-28 01:35:31.403737,
90644,1,,,85839,t,2026-06-28 01:35:31.409477,
90645,1,,,85840,t,2026-06-28 01:35:31.413755,
90646,1,,,85840,t,2026-06-28 01:35:31.416369,
90647,1,,,85840,t,2026-06-28 01:35:31.421922,
90648,1,,,85840,t,2026-06-28 01:35:31.424644,
90649,1,,,85841,t,2026-06-28 01:35:31.430663,
90650,1,,,85841,t,2026-06-28 01:35:31.434239,
90651,1,,,85841,t,2026-06-28 01:35:31.438996,
90652,1,,,85841,t,2026-06-28 01:35:31.441739,
90653,1,,,85841,t,2026-06-28 01:35:31.446114,
90654,1,,,85841,t,2026-06-28 01:35:31.449235,
90655,1,,,85841,t,2026-06-28 01:35:31.451509,
90656,1,,,85841,t,2026-06-28 01:35:31.454111,
90657,1,,,84939,t,2026-06-28 01:35:31.456863,
90658,1,,,84955,t,2026-06-28 01:35:31.460296,
90659,1,,,84955,t,2026-06-28 01:35:31.462833,
90660,1,,,84955,t,2026-06-28 01:35:31.465463,
90661,1,,,85842,t,2026-06-28 01:35:31.469583,
90662,1,,,85842,t,2026-06-28 01:35:31.471914,
90663,1,,,85842,t,2026-06-28 01:35:31.473621,
90664,1,,,85843,t,2026-06-28 01:35:31.47926,
90665,1,,,85843,t,2026-06-28 01:35:31.481923,
90666,1,,,85843,t,2026-06-28 01:35:31.488224,
90667,1,,,85843,t,2026-06-28 01:35:31.493097,
90668,1,,,85843,t,2026-06-28 01:35:31.50228,
90669,1,,,85844,t,2026-06-28 01:35:31.504829,
90670,1,,,84993,t,2026-06-28 01:35:31.507565,
90671,1,,,85845,t,2026-06-28 01:35:31.510348,
90672,1,,,85845,t,2026-06-28 01:35:31.514994,
90673,1,,,85845,t,2026-06-28 01:35:31.517346,
90674,1,,,85845,t,2026-06-28 01:35:31.519779,
90675,1,,,85846,t,2026-06-28 01:35:31.522638,
90676,1,,,85846,t,2026-06-28 01:35:31.527147,
90677,1,,,85847,t,2026-06-28 01:35:31.531033,
90678,1,,,85847,t,2026-06-28 01:35:31.53335,
90679,1,,,85051,t,2026-06-28 01:35:31.536544,
90680,1,,,85051,t,2026-06-28 01:35:31.538355,
90681,1,,,85848,t,2026-06-28 01:35:31.540662,
90682,1,,,85848,t,2026-06-28 01:35:31.546185,
90683,1,,,85848,t,2026-06-28 01:35:31.548275,
90684,1,,,85848,t,2026-06-28 01:35:31.549432,
90685,1,,,85848,t,2026-06-28 01:35:31.552473,
90686,1,,,85096,t,2026-06-28 01:35:31.554602,
90687,1,,,85849,t,2026-06-28 01:35:31.556792,
90688,1,,,85849,t,2026-06-28 01:35:31.56174,
90689,1,,,85849,t,2026-06-28 01:35:31.564231,
90690,1,,,85849,t,2026-06-28 01:35:31.567082,
90691,1,,,85849,t,2026-06-28 01:35:31.568866,
90692,1,,,85850,t,2026-06-28 01:35:31.571941,
90693,1,,,85850,t,2026-06-28 01:35:31.575375,
90694,1,,,85850,t,2026-06-28 01:35:31.581338,
90695,1,,,85851,t,2026-06-28 01:35:31.584051,
90696,1,,,85851,t,2026-06-28 01:35:31.587344,
90697,1,,,85851,t,2026-06-28 01:35:31.589556,
90698,1,,,85852,t,2026-06-28 01:35:31.591874,
90699,1,,,85852,t,2026-06-28 01:35:31.596071,
90700,1,,,85852,t,2026-06-28 01:35:31.599091,
90701,1,,,85852,t,2026-06-28 01:35:31.601462,
90702,1,,,85853,t,2026-06-28 01:35:31.604816,
90703,1,,,85853,t,2026-06-28 01:35:31.606983,
90704,1,,,85853,t,2026-06-28 01:35:31.612822,
90705,1,,,85853,t,2026-06-28 01:35:31.615747,
90706,1,,,85853,t,2026-06-28 01:35:31.618925,
90707,1,,,85853,t,2026-06-28 01:35:31.621186,
90708,1,,,85853,t,2026-06-28 01:35:31.623367,
90709,1,,,85131,t,2026-06-28 01:35:31.625301,
90710,1,,,85854,t,2026-06-28 01:35:31.628416,
90711,1,,,85854,t,2026-06-28 01:35:31.631758,
90712,1,,,85854,t,2026-06-28 01:35:31.637066,
90713,1,,,85854,t,2026-06-28 01:35:31.638962,
90714,1,,,85854,t,2026-06-28 01:35:31.640867,
90715,1,,,85855,t,2026-06-28 01:35:31.646782,
90716,1,,,85855,t,2026-06-28 01:35:31.650104,
90717,1,,,85855,t,2026-06-28 01:35:31.653424,
90718,1,,,85855,t,2026-06-28 01:35:31.656967,
90719,1,,,85855,t,2026-06-28 01:35:31.663767,
90720,1,,,85855,t,2026-06-28 01:35:31.666885,
90721,1,,,85855,t,2026-06-28 01:35:31.670004,
90722,1,,,85856,t,2026-06-28 01:35:31.67302,
90723,1,,,85856,t,2026-06-28 01:35:31.675941,
90724,1,,,85856,t,2026-06-28 01:35:31.680936,
90725,1,,,85856,t,2026-06-28 01:35:31.685221,
90726,1,,,85856,t,2026-06-28 01:35:31.687811,
90727,1,,,85856,t,2026-06-28 01:35:31.69026,
90728,1,,,85856,t,2026-06-28 01:35:31.693659,
90729,1,,,85143,t,2026-06-28 01:35:31.69803,
90730,1,,,85932,t,2026-06-28 01:35:31.70212,
90731,1,,,85857,t,2026-06-28 01:35:31.707602,
90732,1,,,85857,t,2026-06-28 01:35:31.715604,
90733,1,,,85858,t,2026-06-28 01:35:31.718957,
90734,1,,,85858,t,2026-06-28 01:35:31.725568,
90735,1,,,85858,t,2026-06-28 01:35:31.936893,
90736,1,,,85858,t,2026-06-28 01:35:31.940071,
90737,1,,,85858,t,2026-06-28 01:35:31.944732,
90738,1,,,85858,t,2026-06-28 01:35:31.94883,
90739,1,,,85858,t,2026-06-28 01:35:31.952156,
90740,1,,,85859,t,2026-06-28 01:35:31.955518,
90741,1,,,85859,t,2026-06-28 01:35:31.961239,
90742,1,,,85859,t,2026-06-28 01:35:31.963926,
90743,1,,,85859,t,2026-06-28 01:35:31.966797,
90744,1,,,85859,t,2026-06-28 01:35:31.969252,
90745,1,,,85859,t,2026-06-28 01:35:31.97228,
90746,1,,,85860,t,2026-06-28 01:35:31.978507,
90747,1,,,85860,t,2026-06-28 01:35:31.983286,
90748,1,,,85860,t,2026-06-28 01:35:31.986422,
90749,1,,,85860,t,2026-06-28 01:35:31.989152,
90750,1,,,85860,t,2026-06-28 01:35:31.993749,
90751,1,,,85860,t,2026-06-28 01:35:31.996151,
90752,1,,,85861,t,2026-06-28 01:35:31.998546,
90753,1,,,85861,t,2026-06-28 01:35:32.000413,
90754,1,,,85861,t,2026-06-28 01:35:32.002294,
90755,1,,,85861,t,2026-06-28 01:35:32.004034,
90756,1,,,85198,t,2026-06-28 01:35:32.007388,
90757,1,,,85198,t,2026-06-28 01:35:32.010189,
90758,1,,,85862,t,2026-06-28 01:35:32.012867,
90759,1,,,85862,t,2026-06-28 01:35:32.01526,
90760,1,,,85862,t,2026-06-28 01:35:32.018199,
90761,1,,,85862,t,2026-06-28 01:35:32.021031,
90762,1,,,85863,t,2026-06-28 01:35:32.023679,
90763,1,,,85863,t,2026-06-28 01:35:32.028168,
90764,1,,,85863,t,2026-06-28 01:35:32.030624,
90765,1,,,85864,t,2026-06-28 01:35:32.031866,
90766,1,,,85864,t,2026-06-28 01:35:32.034157,
90767,1,,,85864,t,2026-06-28 01:35:32.036395,
90768,1,,,85864,t,2026-06-28 01:35:32.03833,
90769,1,,,85864,t,2026-06-28 01:35:32.04025,
90770,1,,,85864,t,2026-06-28 01:35:32.042116,
90771,1,,,85865,t,2026-06-28 01:35:32.044603,
90772,1,,,85865,t,2026-06-28 01:35:32.04656,
90773,1,,,85865,t,2026-06-28 01:35:32.04819,
90774,1,,,85865,t,2026-06-28 01:35:32.050087,
90775,1,,,85866,t,2026-06-28 01:35:32.052824,
90776,1,,,85866,t,2026-06-28 01:35:32.055407,
90777,1,,,85866,t,2026-06-28 01:35:32.057847,
90778,1,,,85867,t,2026-06-28 01:35:32.060464,
90779,1,,,85867,t,2026-06-28 01:35:32.063326,
90780,1,,,85867,t,2026-06-28 01:35:32.066382,
90781,1,,,85867,t,2026-06-28 01:35:32.067693,
90782,1,,,85867,t,2026-06-28 01:35:32.069449,
90783,1,,,85867,t,2026-06-28 01:35:32.071249,
90784,1,,,85868,t,2026-06-28 01:35:32.073645,
90785,1,,,85868,t,2026-06-28 01:35:32.076678,
90786,1,,,85868,t,2026-06-28 01:35:32.079272,
90787,1,,,85869,t,2026-06-28 01:35:32.081863,
90788,1,,,85869,t,2026-06-28 01:35:32.085669,
90789,1,,,85869,t,2026-06-28 01:35:32.087485,
90790,1,,,85870,t,2026-06-28 01:35:32.089987,
90791,1,,,85870,t,2026-06-28 01:35:32.093592,
90792,1,,,85870,t,2026-06-28 01:35:32.09592,
90793,1,,,85870,t,2026-06-28 01:35:32.09848,
90794,1,,,85870,t,2026-06-28 01:35:32.100736,
90795,1,,,85870,t,2026-06-28 01:35:32.103359,
90796,1,,,85870,t,2026-06-28 01:35:32.106071,
90797,1,,,85949,t,2026-06-28 01:35:32.121193,
90798,1,,,85871,t,2026-06-28 01:35:32.125356,
90799,1,,,85871,t,2026-06-28 01:35:32.132372,
90800,1,,,85871,t,2026-06-28 01:35:32.137412,
90801,1,,,85871,t,2026-06-28 01:35:32.142307,
90802,1,,,85871,t,2026-06-28 01:35:32.1488,
90803,1,,,85871,t,2026-06-28 01:35:32.153882,
90804,1,,,85871,t,2026-06-28 01:35:32.157757,
90805,1,,,85872,t,2026-06-28 01:35:32.164679,
90806,1,,,85872,t,2026-06-28 01:35:32.168315,
90807,1,,,85872,t,2026-06-28 01:35:32.170476,
90808,1,,,85872,t,2026-06-28 01:35:32.177613,
90809,1,,,85872,t,2026-06-28 01:35:32.183992,
90810,1,,,85873,t,2026-06-28 01:35:32.187521,
90811,1,,,85873,t,2026-06-28 01:35:32.191533,
90812,1,,,85873,t,2026-06-28 01:35:32.196041,
90813,1,,,85873,t,2026-06-28 01:35:32.199607,
90814,1,,,85873,t,2026-06-28 01:35:32.203331,
90815,1,,,85873,t,2026-06-28 01:35:32.206891,
90816,1,,,85874,t,2026-06-28 01:35:32.213127,
90817,1,,,85874,t,2026-06-28 01:35:32.216779,
90818,1,,,85874,t,2026-06-28 01:35:32.221871,
90819,1,,,85874,t,2026-06-28 01:35:32.228644,
90820,1,,,85874,t,2026-06-28 01:35:32.235461,
90821,1,,,85874,t,2026-06-28 01:35:32.241447,
90822,1,,,85874,t,2026-06-28 01:35:32.249068,
90823,1,,,85874,t,2026-06-28 01:35:32.253747,
90824,1,,,85874,t,2026-06-28 01:35:32.25897,
90825,1,,,85875,t,2026-06-28 01:35:32.26503,
90826,1,,,85876,t,2026-06-28 01:35:32.270874,
90827,1,,,85876,t,2026-06-28 01:35:32.277397,
90828,1,,,85876,t,2026-06-28 01:35:32.281501,
90829,1,,,85876,t,2026-06-28 01:35:32.28659,
90830,1,,,85876,t,2026-06-28 01:35:32.290867,
90831,1,,,85876,t,2026-06-28 01:35:32.29574,
90832,1,,,85876,t,2026-06-28 01:35:32.299166,
90833,1,,,85876,t,2026-06-28 01:35:32.303226,
90834,1,,,85877,t,2026-06-28 01:35:32.307769,
90835,1,,,85877,t,2026-06-28 01:35:32.797322,
90836,1,,,85877,t,2026-06-28 01:35:32.801806,
90837,1,,,85877,t,2026-06-28 01:35:32.805266,
90838,1,,,85878,t,2026-06-28 01:35:32.809577,
90839,1,,,85878,t,2026-06-28 01:35:32.814077,
90840,1,,,85878,t,2026-06-28 01:35:32.817301,
90841,1,,,85878,t,2026-06-28 01:35:32.820901,
90842,1,,,85878,t,2026-06-28 01:35:32.82429,
90843,1,,,85878,t,2026-06-28 01:35:32.828938,
90844,1,,,85879,t,2026-06-28 01:35:32.831207,
90845,1,,,85879,t,2026-06-28 01:35:32.834777,
90846,1,,,85880,t,2026-06-28 01:35:32.837812,
90847,1,,,85880,t,2026-06-28 01:35:32.841387,
90848,1,,,85880,t,2026-06-28 01:35:32.849453,
90849,1,,,85880,t,2026-06-28 01:35:32.85483,
90850,1,,,85880,t,2026-06-28 01:35:32.860716,
90851,1,,,85881,t,2026-06-28 01:35:32.867259,
90852,1,,,85881,t,2026-06-28 01:35:32.873123,
90853,1,,,85881,t,2026-06-28 01:35:32.879159,
90854,1,,,85881,t,2026-06-28 01:35:32.882876,
90855,1,,,85881,t,2026-06-28 01:35:32.88683,
90856,1,,,85881,t,2026-06-28 01:35:32.88972,
90857,1,,,85881,t,2026-06-28 01:35:32.893952,
90858,1,,,85882,t,2026-06-28 01:35:32.897014,
90859,1,,,85882,t,2026-06-28 01:35:32.900136,
90860,1,,,85882,t,2026-06-28 01:35:32.903081,
90861,1,,,85882,t,2026-06-28 01:35:32.905463,
90862,1,,,85882,t,2026-06-28 01:35:32.910993,
90863,1,,,85883,t,2026-06-28 01:35:32.914527,
90864,1,,,85883,t,2026-06-28 01:35:32.918374,
90865,1,,,85883,t,2026-06-28 01:35:32.921492,
90866,1,,,85883,t,2026-06-28 01:35:32.92747,
90867,1,,,85884,t,2026-06-28 01:35:32.930619,
90868,1,,,85884,t,2026-06-28 01:35:32.933453,
90869,1,,,85884,t,2026-06-28 01:35:32.936531,
90870,1,,,85885,t,2026-06-28 01:35:32.939905,
90871,1,,,85885,t,2026-06-28 01:35:32.943981,
90872,1,,,85885,t,2026-06-28 01:35:32.945867,
90873,1,,,85416,t,2026-06-28 01:35:32.949352,
90874,1,,,85432,t,2026-06-28 01:35:32.952053,
90875,1,,,85885,t,2026-06-28 01:35:32.955887,
90876,1,,,85885,t,2026-06-28 01:35:32.960506,
90877,1,,,85885,t,2026-06-28 01:35:32.963456,
90878,1,,,85885,t,2026-06-28 01:35:32.967236,
90879,1,,,85885,t,2026-06-28 01:35:32.969594,
90880,1,,,85885,t,2026-06-28 01:35:32.9728,
90881,1,,,85885,t,2026-06-28 01:35:32.978827,
90882,1,,,85886,t,2026-06-28 01:35:32.9816,
90883,1,,,85886,t,2026-06-28 01:35:32.98527,
90884,1,,,85886,t,2026-06-28 01:35:32.989575,
90885,1,,,85886,t,2026-06-28 01:35:32.994718,
90886,1,,,85886,t,2026-06-28 01:35:32.997923,
90887,1,,,85887,t,2026-06-28 01:35:33.001974,
90888,1,,,85887,t,2026-06-28 01:35:33.004436,
90889,1,,,85887,t,2026-06-28 01:35:33.007619,
90890,1,,,85888,t,2026-06-28 01:35:33.011133,
90891,1,,,85888,t,2026-06-28 01:35:33.013134,
90892,1,,,85888,t,2026-06-28 01:35:33.017887,
90893,1,,,85888,t,2026-06-28 01:35:33.01969,
90894,1,,,85888,t,2026-06-28 01:35:33.022666,
90895,1,,,85888,t,2026-06-28 01:35:33.025759,
90896,1,,,85888,t,2026-06-28 01:35:33.029074,
90897,1,,,85889,t,2026-06-28 01:35:33.031683,
90898,1,,,85889,t,2026-06-28 01:35:33.033469,
90899,1,,,85889,t,2026-06-28 01:35:33.036301,
90900,1,,,85889,t,2026-06-28 01:35:33.038845,
90901,1,,,85889,t,2026-06-28 01:35:33.041521,
90902,1,,,85889,t,2026-06-28 01:35:33.045353,
90903,1,,,85890,t,2026-06-28 01:35:33.047868,
90904,1,,,85890,t,2026-06-28 01:35:33.0505,
90905,1,,,85475,t,2026-06-28 01:35:33.053191,
90906,1,,,85891,t,2026-06-28 01:35:33.058645,
90907,1,,,85891,t,2026-06-28 01:35:33.061366,
90908,1,,,85891,t,2026-06-28 01:35:33.066819,
90909,1,,,85891,t,2026-06-28 01:35:33.070854,
90910,1,,,85891,t,2026-06-28 01:35:33.073775,
90911,1,,,85892,t,2026-06-28 01:35:33.077245,
90912,1,,,85892,t,2026-06-28 01:35:33.080845,
90913,1,,,85892,t,2026-06-28 01:35:33.083265,
90914,1,,,85892,t,2026-06-28 01:35:33.085693,
90915,1,,,85892,t,2026-06-28 01:35:33.088223,
90916,1,,,85892,t,2026-06-28 01:35:33.091289,
90917,1,,,85893,t,2026-06-28 01:35:33.093277,
90918,1,,,85893,t,2026-06-28 01:35:33.096565,
90919,1,,,85893,t,2026-06-28 01:35:33.099091,
90920,1,,,85893,t,2026-06-28 01:35:33.100957,
90921,1,,,85893,t,2026-06-28 01:35:33.103124,
90922,1,,,85895,t,2026-06-28 01:35:33.105609,
90923,1,,,85551,t,2026-06-28 01:35:33.106931,
90924,1,,,85551,t,2026-06-28 01:35:33.110739,
90925,1,,,85897,t,2026-06-28 01:35:33.113928,
90926,1,,,85897,t,2026-06-28 01:35:33.11632,
90927,1,,,85899,t,2026-06-28 01:37:09.979398,
90928,1,,,85899,t,2026-06-28 01:37:09.939932,
90929,1,,,85900,t,2026-06-28 01:35:33.126362,
90930,1,,,85900,t,2026-06-28 01:35:33.130181,
90931,1,,,85900,t,2026-06-28 01:35:33.133606,
90932,1,,,85900,t,2026-06-28 01:35:33.141412,
90933,1,,,85900,t,2026-06-28 01:35:33.145582,
90934,1,,,85900,t,2026-06-28 01:35:33.154287,
90935,1,,,85900,t,2026-06-28 01:35:33.438682,
90936,1,,,85900,t,2026-06-28 01:35:33.441555,
90937,1,,,85901,t,2026-06-28 01:35:33.44376,
90938,1,,,85901,t,2026-06-28 01:35:33.44564,
90939,1,,,85901,t,2026-06-28 01:35:33.449824,
90940,1,,,85901,t,2026-06-28 01:35:33.452336,
90941,1,,,85902,t,2026-06-28 01:35:33.458329,
90942,1,,,85902,t,2026-06-28 01:35:33.4652,
90943,1,,,85902,t,2026-06-28 01:35:33.469496,
90944,1,,,85629,t,2026-06-28 01:35:33.472266,
90945,1,,,85903,t,2026-06-28 01:35:33.476309,
90946,1,,,85903,t,2026-06-28 01:35:33.478259,
90947,1,,,85903,t,2026-06-28 01:35:33.480364,
90948,1,,,85903,t,2026-06-28 01:35:33.482068,
90949,1,,,85903,t,2026-06-28 01:35:33.483186,
90950,1,,,85903,t,2026-06-28 01:35:33.485457,
90951,1,,,85903,t,2026-06-28 01:35:33.486701,
90952,1,,,85903,t,2026-06-28 01:35:33.48861,
90953,1,,,85904,t,2026-06-28 01:35:33.491238,
90954,1,,,85904,t,2026-06-28 01:35:33.493106,
90955,1,,,85904,t,2026-06-28 01:35:33.495689,
90956,1,,,85904,t,2026-06-28 01:35:33.497442,
90957,1,,,85904,t,2026-06-28 01:35:33.499271,
90958,1,,,85904,t,2026-06-28 01:35:33.501151,
90959,1,,,85905,t,2026-06-28 01:35:33.503009,
90960,1,,,85905,t,2026-06-28 01:35:33.505456,
90961,1,,,85651,t,2026-06-28 01:37:04.455128,
90962,1,,,85906,t,2026-06-28 01:35:33.514939,
90963,1,,,85906,t,2026-06-28 01:35:33.518383,
90964,1,,,85906,t,2026-06-28 01:35:33.527254,
90965,1,,,85906,t,2026-06-28 01:35:33.529014,
90966,1,,,85906,t,2026-06-28 01:35:33.531542,
90967,1,,,85907,t,2026-06-28 01:35:33.53332,
90968,1,,,85907,t,2026-06-28 01:35:33.535181,
90969,1,,,85908,t,2026-06-28 01:35:33.537179,
90970,1,,,85909,t,2026-06-28 01:35:33.539188,
90971,1,,,85909,t,2026-06-28 01:35:33.541017,
90972,1,,,85909,t,2026-06-28 01:35:33.542347,
90973,1,,,85910,t,2026-06-28 01:35:33.544703,
90974,1,,,85911,t,2026-06-28 01:37:10.230179,
90975,1,,,85911,t,2026-06-28 01:37:10.104675,
90976,1,,,85911,t,2026-06-28 01:37:10.185988,
90977,1,,,85911,t,2026-06-28 01:37:10.104675,
90978,1,,,85911,t,2026-06-28 01:37:10.104675,
90979,1,,,85911,t,2026-06-28 01:37:10.185988,
90980,1,,,85912,t,2026-06-28 01:35:33.560089,
90981,1,,,85912,t,2026-06-28 01:35:33.562493,
90982,1,,,85912,t,2026-06-28 01:35:33.564587,
90983,1,,,85913,t,2026-06-28 01:35:33.567081,
90984,1,,,85913,t,2026-06-28 01:35:33.569819,
90985,1,,,85913,t,2026-06-28 01:35:33.572046,
90986,1,,,85696,t,2026-06-28 01:35:33.574879,
90987,1,,,85829,t,2026-06-28 01:35:33.57818,
90988,1,,,85916,t,2026-06-28 01:35:33.580213,
90989,1,,,85916,t,2026-06-28 01:35:33.582699,
90990,1,,,85916,t,2026-06-28 01:35:33.584775,
90991,1,,,85916,t,2026-06-28 01:35:33.586393,
90992,1,,,85916,t,2026-06-28 01:35:33.588375,
90993,1,,,85917,t,2026-06-28 01:35:33.591096,
90994,1,,,85917,t,2026-06-28 01:35:33.593738,
90995,1,,,85917,t,2026-06-28 01:35:33.596832,
90996,1,,,85917,t,2026-06-28 01:35:33.599364,
90997,1,,,85917,t,2026-06-28 01:35:33.602013,
90998,1,,,85917,t,2026-06-28 01:35:33.603916,
90999,1,,,85917,t,2026-06-28 01:35:33.606574,
91000,1,,,85918,t,2026-06-28 01:35:33.609048,
91001,1,,,85918,t,2026-06-28 01:35:33.612025,
91002,1,,,85919,t,2026-06-28 01:35:33.613759,
91003,1,,,85926,t,2026-06-28 01:35:33.615574,
91004,1,,,85930,t,2026-06-28 01:35:33.617996,
91005,1,,,85930,t,2026-06-28 01:35:33.619831,
91006,1,,,85930,t,2026-06-28 01:35:33.621652,
91007,1,,,85930,t,2026-06-28 01:35:33.624703,
91008,1,,,85930,t,2026-06-28 01:35:33.626639,
91009,1,,,85042,t,2026-06-28 01:35:33.628654,
91010,1,,,85106,t,2026-06-28 01:35:33.630475,
91011,1,,,85920,t,2026-06-28 01:35:33.632697,
91012,1,,,85920,t,2026-06-28 01:35:33.633901,
91013,1,,,85920,t,2026-06-28 01:35:33.635753,
91014,1,,,85921,t,2026-06-28 01:35:33.638489,
91015,1,,,85921,t,2026-06-28 01:35:33.640865,
91016,1,,,85921,t,2026-06-28 01:35:33.643721,
91017,1,,,85922,t,2026-06-28 01:35:33.645357,
91018,1,,,85922,t,2026-06-28 01:35:33.647158,
91019,1,,,85922,t,2026-06-28 01:35:33.64897,
91020,1,,,85922,t,2026-06-28 01:35:33.65094,
91021,1,,,85922,t,2026-06-28 01:35:33.652151,
91022,1,,,85386,t,2026-06-28 01:35:33.654554,
91023,1,,,85391,t,2026-06-28 01:35:33.656487,
91024,1,,,85412,t,2026-06-28 01:36:56.238288,
91025,1,,,85922,t,2026-06-28 01:35:33.662139,
91026,1,,,85587,t,2026-06-28 01:35:33.663347,
91027,1,,,85673,t,2026-06-28 01:35:33.665219,
91028,1,,,85925,t,2026-06-28 01:35:33.66748,
91029,1,,,85925,t,2026-06-28 01:35:33.668699,
91030,1,,,85727,t,2026-06-28 01:35:33.67054,
91031,1,,,85925,t,2026-06-28 01:35:33.673982,
91032,1,,,85927,t,2026-06-28 01:35:33.676424,
91033,1,,,85927,t,2026-06-28 01:35:33.678281,
91034,1,,,85927,t,2026-06-28 01:35:33.680128,
91035,1,,,85927,t,2026-06-28 01:35:34.112362,
91036,1,,,85927,t,2026-06-28 01:35:34.114341,
91037,1,,,85927,t,2026-06-28 01:35:34.116047,
91038,1,,,85928,t,2026-06-28 01:35:34.118104,
91039,1,,,85928,t,2026-06-28 01:35:34.120981,
91040,1,,,85929,t,2026-06-28 01:35:34.124437,
91041,1,,,85929,t,2026-06-28 01:35:34.128239,
91042,1,,,85929,t,2026-06-28 01:35:34.130179,
91043,1,,,85929,t,2026-06-28 01:35:34.132778,
91044,1,,,85930,t,2026-06-28 01:35:34.134547,
91045,1,,,85931,t,2026-06-28 01:35:34.137423,
91046,1,,,85931,t,2026-06-28 01:35:34.141025,
91047,1,,,85931,t,2026-06-28 01:35:34.143732,
91048,1,,,85931,t,2026-06-28 01:35:34.145739,
91049,1,,,85932,t,2026-06-28 01:35:34.150512,
91050,1,,,85932,t,2026-06-28 01:35:34.153242,
91051,1,,,85932,t,2026-06-28 01:35:34.159138,
91052,1,,,85932,t,2026-06-28 01:35:34.161818,
91053,1,,,85932,t,2026-06-28 01:35:34.164869,
91054,1,,,85932,t,2026-06-28 01:35:34.166753,
91055,1,,,85933,t,2026-06-28 01:37:10.385119,
91056,1,,,85933,t,2026-06-28 01:37:10.338034,
91057,1,,,85933,t,2026-06-28 01:37:10.338034,
91058,1,,,85934,t,2026-06-28 01:35:34.178283,
91059,1,,,85934,t,2026-06-28 01:35:34.180841,
91060,1,,,85934,t,2026-06-28 01:35:34.185595,
91061,1,,,85934,t,2026-06-28 01:35:34.190935,
91062,1,,,85934,t,2026-06-28 01:35:34.193825,
91063,1,,,85934,t,2026-06-28 01:35:34.19593,
91064,1,,,85935,t,2026-06-28 01:35:34.198533,
91065,1,,,85935,t,2026-06-28 01:35:34.201276,
91066,1,,,85935,t,2026-06-28 01:35:34.202438,
91067,1,,,85936,t,2026-06-28 01:35:34.203579,
91068,1,,,85936,t,2026-06-28 01:35:34.210665,
91069,1,,,85936,t,2026-06-28 01:35:34.214081,
91070,1,,,85936,t,2026-06-28 01:35:34.215889,
91071,1,,,85936,t,2026-06-28 01:35:34.217817,
91072,1,,,85936,t,2026-06-28 01:35:34.219547,
91073,1,,,85936,t,2026-06-28 01:35:34.230875,
91074,1,,,85936,t,2026-06-28 01:35:34.235442,
91075,1,,,85694,t,2026-06-28 01:37:07.112703,
91076,1,,,85937,t,2026-06-28 01:35:34.243319,
91077,1,,,85937,t,2026-06-28 01:35:34.245783,
91078,1,,,85939,t,2026-06-28 01:35:34.250656,
91079,1,,,85939,t,2026-06-28 01:35:34.253088,
91080,1,,,85940,t,2026-06-28 01:35:34.257799,
91081,1,,,85940,t,2026-06-28 01:35:34.261633,
91082,1,,,85941,t,2026-06-28 01:35:34.266483,
91083,1,,,85941,t,2026-06-28 01:35:34.268296,
91084,1,,,11223,t,2026-06-28 01:35:34.269969,
91085,1,,,85942,t,2026-06-28 01:35:34.275739,
91086,1,,,85942,t,2026-06-28 01:35:34.280096,
91087,1,,,85942,t,2026-06-28 01:35:34.285308,
91088,1,,,85942,t,2026-06-28 01:35:34.291406,
91089,1,,,85942,t,2026-06-28 01:35:34.297225,
91090,1,,,85943,t,2026-06-28 01:35:34.300247,
91091,1,,,85943,t,2026-06-28 01:35:34.302912,
91092,1,,,85943,t,2026-06-28 01:35:34.306241,
91093,1,,,85943,t,2026-06-28 01:35:34.309218,
91094,1,,,85943,t,2026-06-28 01:35:34.311769,
91095,1,,,84925,t,2026-06-28 01:37:17.064553,
91096,1,,,85944,t,2026-06-28 01:35:34.31917,
91097,1,,,85944,t,2026-06-28 01:35:34.323734,
91098,1,,,85944,t,2026-06-28 01:35:34.328416,
91099,1,,,85944,t,2026-06-28 01:35:34.331704,
91100,1,,,85944,t,2026-06-28 01:35:34.334177,
91101,1,,,85944,t,2026-06-28 01:35:34.336343,
91102,1,,,85944,t,2026-06-28 01:35:34.343284,
91103,1,,,85945,t,2026-06-28 01:35:34.345959,
91104,1,,,85945,t,2026-06-28 01:35:34.348041,
91105,1,,,85945,t,2026-06-28 01:35:34.349872,
91106,1,,,85945,t,2026-06-28 01:35:34.359145,
91107,1,,,85945,t,2026-06-28 01:35:34.363928,
91108,1,,,85021,t,2026-06-28 01:35:34.366901,
91109,1,,,85946,t,2026-06-28 01:35:34.368547,
91110,1,,,85946,t,2026-06-28 01:35:34.370349,
91111,1,,,85946,t,2026-06-28 01:35:34.37232,
91112,1,,,85946,t,2026-06-28 01:35:34.374754,
91113,1,,,85946,t,2026-06-28 01:35:34.376048,
91114,1,,,85946,t,2026-06-28 01:35:34.378921,
91115,1,,,85946,t,2026-06-28 01:35:34.380857,
91116,1,,,85947,t,2026-06-28 01:35:34.383272,
91117,1,,,85947,t,2026-06-28 01:35:34.385134,
91118,1,,,85947,t,2026-06-28 01:35:34.388885,
91119,1,,,85947,t,2026-06-28 01:35:34.393231,
91120,1,,,85137,t,2026-06-28 01:35:34.39642,
91121,1,,,85193,t,2026-06-28 01:36:48.608534,
91122,1,,,85947,t,2026-06-28 01:35:34.403963,
91123,1,,,85947,t,2026-06-28 01:35:34.406286,
91124,1,,,85947,t,2026-06-28 01:35:34.411971,
91125,1,,,85947,t,2026-06-28 01:35:34.41444,
91126,1,,,85267,t,2026-06-28 01:35:34.416822,
91127,1,,,85270,t,2026-06-28 01:35:34.418624,
91128,1,,,85948,t,2026-06-28 01:35:34.420674,
91129,1,,,85948,t,2026-06-28 01:35:34.423313,
91130,1,,,85948,t,2026-06-28 01:35:34.430032,
91131,1,,,85948,t,2026-06-28 01:35:34.433962,
91132,1,,,85948,t,2026-06-28 01:35:34.438541,
91133,1,,,85948,t,2026-06-28 01:35:34.442301,
91134,1,,,85948,t,2026-06-28 01:35:34.448707,
91135,1,,,85949,t,2026-06-28 01:35:34.778072,
91136,1,,,85949,t,2026-06-28 01:35:34.782186,
91137,1,,,85292,t,2026-06-28 01:35:34.784757,
91138,1,,,85950,t,2026-06-28 01:35:34.78696,
91139,1,,,85951,t,2026-06-28 01:35:34.789213,
91140,1,,,85951,t,2026-06-28 01:35:34.791147,
91141,1,,,85951,t,2026-06-28 01:35:34.793152,
91142,1,,,85951,t,2026-06-28 01:35:34.795677,
91143,1,,,85951,t,2026-06-28 01:35:34.79756,
91144,1,,,85952,t,2026-06-28 01:35:34.799368,
91145,1,,,85952,t,2026-06-28 01:35:34.801188,
91146,1,,,85952,t,2026-06-28 01:35:34.805535,
91147,1,,,85952,t,2026-06-28 01:35:34.80864,
91148,1,,,85323,t,2026-06-28 01:35:34.812469,
91149,1,,,85953,t,2026-06-28 01:35:34.817494,
91150,1,,,85953,t,2026-06-28 01:35:34.822374,
91151,1,,,85953,t,2026-06-28 01:35:34.82662,
91152,1,,,85953,t,2026-06-28 01:35:34.829403,
91153,1,,,85953,t,2026-06-28 01:35:34.831833,
91154,1,,,85953,t,2026-06-28 01:35:34.834232,
91155,1,,,85954,t,2026-06-28 01:35:34.835348,
91156,1,,,85954,t,2026-06-28 01:35:34.840092,
91157,1,,,85954,t,2026-06-28 01:35:34.842722,
91158,1,,,85954,t,2026-06-28 01:35:34.845365,
91159,1,,,85954,t,2026-06-28 01:35:34.847255,
91160,1,,,85385,t,2026-06-28 01:35:34.848999,
91161,1,,,85955,t,2026-06-28 01:35:34.850984,
91162,1,,,85955,t,2026-06-28 01:35:34.853361,
91163,1,,,85955,t,2026-06-28 01:35:34.855396,
91164,1,,,85955,t,2026-06-28 01:35:34.858249,
91165,1,,,85956,t,2026-06-28 01:35:34.860556,
91166,1,,,85956,t,2026-06-28 01:35:34.862416,
91167,1,,,85956,t,2026-06-28 01:35:34.864439,
91168,1,,,85956,t,2026-06-28 01:35:34.866859,
91169,1,,,85956,t,2026-06-28 01:35:34.868127,
91170,1,,,85956,t,2026-06-28 01:35:34.870238,
91171,1,,,85956,t,2026-06-28 01:35:34.874351,
91172,1,,,85956,t,2026-06-28 01:35:34.877568,
91173,1,,,85956,t,2026-06-28 01:35:34.879645,
91174,1,,,85421,t,2026-06-28 01:35:34.881645,
91175,1,,,85957,t,2026-06-28 01:35:34.883314,
91176,1,,,85440,t,2026-06-28 01:36:58.57846,
91177,1,,,85444,t,2026-06-28 01:35:34.889295,
91178,1,,,85959,t,2026-06-28 01:35:34.895891,
91179,1,,,85959,t,2026-06-28 01:35:34.899641,
91180,1,,,85959,t,2026-06-28 01:35:34.907947,
91181,1,,,85959,t,2026-06-28 01:35:34.911549,
91182,1,,,85959,t,2026-06-28 01:35:34.913933,
91183,1,,,85505,t,2026-06-28 01:35:34.917879,
91184,1,,,85505,t,2026-06-28 01:35:34.924141,
91185,1,,,85505,t,2026-06-28 01:35:34.927965,
91186,1,,,85923,t,2026-06-28 01:35:34.932859,
91187,1,,,85923,t,2026-06-28 01:35:34.936494,
91188,1,,,85546,t,2026-06-28 01:35:34.93945,
91189,1,,,85961,t,2026-06-28 01:35:34.944073,
91190,1,,,85961,t,2026-06-28 01:35:34.947367,
91191,1,,,85961,t,2026-06-28 01:35:34.952877,
91192,1,,,85574,t,2026-06-28 01:35:34.955477,
91193,1,,,85963,t,2026-06-28 01:35:34.957852,
91194,1,,,85963,t,2026-06-28 01:35:34.960007,
91195,1,,,85964,t,2026-06-28 01:37:10.544959,
91196,1,,,85964,t,2026-06-28 01:37:10.487207,
91197,1,,,85964,t,2026-06-28 01:37:10.487207,
91198,1,,,85627,t,2026-06-28 01:35:34.983432,
91199,1,,,85965,t,2026-06-28 01:35:34.989118,
91200,1,,,85965,t,2026-06-28 01:35:34.995494,
91201,1,,,85649,t,2026-06-28 01:37:04.268532,
91202,1,,,85966,t,2026-06-28 01:35:35.000698,
91203,1,,,85967,t,2026-06-28 01:35:35.007219,
91204,1,,,85967,t,2026-06-28 01:35:35.011626,
91205,1,,,85967,t,2026-06-28 01:35:35.01452,
91206,1,,,85967,t,2026-06-28 01:35:35.017718,
91207,1,,,85967,t,2026-06-28 01:35:35.026365,
91208,1,,,85967,t,2026-06-28 01:35:35.030131,
91209,1,,,85782,t,2026-06-28 01:35:35.034535,
91210,1,,,85736,t,2026-06-28 01:35:35.039175,
91211,1,,,85739,t,2026-06-28 01:35:35.04336,
91212,1,,,85968,t,2026-06-28 01:35:35.045204,
91213,1,,,85968,t,2026-06-28 01:35:35.047603,
91214,1,,,85968,t,2026-06-28 01:35:35.049419,
91215,1,,,85968,t,2026-06-28 01:35:35.051131,
91216,1,,,85969,t,2026-06-28 01:35:35.057206,
91217,1,,,85970,t,2026-06-28 01:35:35.060494,
91218,1,,,85970,t,2026-06-28 01:35:35.064148,
91219,1,,,85970,t,2026-06-28 01:35:35.06804,
91220,1,,,85970,t,2026-06-28 01:35:35.075488,
91221,1,,,85970,t,2026-06-28 01:35:35.078625,
91222,1,,,85970,t,2026-06-28 01:35:35.081345,
91223,1,,,85919,t,2026-06-28 01:35:35.084213,
91224,1,,,85971,t,2026-06-28 01:35:35.090997,
91225,1,,,85971,t,2026-06-28 01:35:35.093764,
91226,1,,,85972,t,2026-06-28 01:35:35.098741,
91227,1,,,85972,t,2026-06-28 01:35:35.10108,
91228,1,,,85972,t,2026-06-28 01:35:35.105768,
91229,1,,,85972,t,2026-06-28 01:35:35.108272,
91230,1,,,85973,t,2026-06-28 01:35:35.113893,
91231,1,,,85973,t,2026-06-28 01:35:35.11712,
91232,1,,,85973,t,2026-06-28 01:35:35.124887,
91233,1,,,85974,t,2026-06-28 01:35:35.128359,
91234,1,,,85974,t,2026-06-28 01:35:35.130982,
91235,1,,,85975,t,2026-06-28 01:35:35.455002,
91236,1,,,85976,t,2026-06-28 01:35:35.458354,
91237,1,,,85976,t,2026-06-28 01:35:35.4615,
91238,1,,,85976,t,2026-06-28 01:35:35.464009,
91239,1,,,85977,t,2026-06-28 01:35:35.466501,
91240,1,,,85977,t,2026-06-28 01:35:35.469328,
91241,1,,,85977,t,2026-06-28 01:35:35.4758,
91242,1,,,85977,t,2026-06-28 01:35:35.479526,
91243,1,,,85977,t,2026-06-28 01:35:35.484575,
91244,1,,,85977,t,2026-06-28 01:35:35.491334,
91245,1,,,85978,t,2026-06-28 01:35:35.493835,
91246,1,,,85978,t,2026-06-28 01:35:35.497524,
91247,1,,,85978,t,2026-06-28 01:35:35.500649,
91248,1,,,85978,t,2026-06-28 01:35:35.503277,
91249,1,,,85978,t,2026-06-28 01:35:35.506715,
91250,1,,,85978,t,2026-06-28 01:35:35.510046,
91251,1,,,85979,t,2026-06-28 01:35:35.513027,
91252,1,,,85979,t,2026-06-28 01:35:35.515502,
91253,1,,,85979,t,2026-06-28 01:35:35.517507,
91254,1,,,85979,t,2026-06-28 01:35:35.522653,
91255,1,,,85980,t,2026-06-28 01:35:35.525693,
91256,1,,,85980,t,2026-06-28 01:35:35.528066,
91257,1,,,85980,t,2026-06-28 01:35:35.530653,
91258,1,,,85980,t,2026-06-28 01:35:35.534541,
91259,1,,,85980,t,2026-06-28 01:35:35.544182,
91260,1,,,85982,t,2026-06-28 01:35:35.549844,
91261,1,,,85982,t,2026-06-28 01:35:35.555202,
91262,1,,,85982,t,2026-06-28 01:35:35.557639,
91263,1,,,85982,t,2026-06-28 01:35:35.561425,
91264,1,,,85982,t,2026-06-28 01:35:35.563597,
91265,1,,,85982,t,2026-06-28 01:35:35.565594,
91266,1,,,85983,t,2026-06-28 01:35:35.568973,
91267,1,,,85983,t,2026-06-28 01:35:35.573108,
91268,1,,,85983,t,2026-06-28 01:35:35.576403,
91269,1,,,85984,t,2026-06-28 01:35:35.580194,
91270,1,,,85984,t,2026-06-28 01:35:35.583618,
91271,1,,,85984,t,2026-06-28 01:35:35.587131,
91272,1,,,85984,t,2026-06-28 01:35:35.590532,
91273,1,,,85984,t,2026-06-28 01:35:35.593986,
91274,1,,,85984,t,2026-06-28 01:35:35.596933,
91275,1,,,85984,t,2026-06-28 01:35:35.599965,
91276,1,,,85985,t,2026-06-28 01:35:35.602554,
91277,1,,,85985,t,2026-06-28 01:35:35.606739,
91278,1,,,85985,t,2026-06-28 01:35:35.609971,
91279,1,,,85986,t,2026-06-28 01:35:35.61242,
91280,1,,,85986,t,2026-06-28 01:35:35.61513,
91281,1,,,85986,t,2026-06-28 01:35:35.617379,
91282,1,,,85987,t,2026-06-28 01:35:35.627217,
91283,1,,,85987,t,2026-06-28 01:35:35.6297,
91284,1,,,85987,t,2026-06-28 01:35:35.632203,
91285,1,,,85987,t,2026-06-28 01:35:35.634115,
91286,1,,,85987,t,2026-06-28 01:35:35.638353,
91287,1,,,85958,t,2026-06-28 01:35:35.64074,
91288,1,,,85958,t,2026-06-28 01:35:35.642626,
91289,1,,,85988,t,2026-06-28 01:35:35.645168,
91290,1,,,85988,t,2026-06-28 01:35:35.647398,
91291,1,,,85988,t,2026-06-28 01:35:35.649332,
91292,1,,,85988,t,2026-06-28 01:35:35.651944,
91293,1,,,85988,t,2026-06-28 01:35:35.654308,
91294,1,,,85988,t,2026-06-28 01:35:35.664241,
91295,1,,,85989,t,2026-06-28 01:35:35.667443,
91296,1,,,85989,t,2026-06-28 01:35:35.674926,
91297,1,,,85990,t,2026-06-28 01:35:35.678536,
91298,1,,,85991,t,2026-06-28 01:35:35.681206,
91299,1,,,85991,t,2026-06-28 01:35:35.683142,
91300,1,,,85991,t,2026-06-28 01:35:35.685411,
91301,1,,,85991,t,2026-06-28 01:35:35.688706,
91302,1,,,85992,t,2026-06-28 01:35:35.693663,
91303,1,,,85992,t,2026-06-28 01:35:35.697472,
91304,1,,,85992,t,2026-06-28 01:35:35.700257,
91305,1,,,85992,t,2026-06-28 01:35:35.704902,
91306,1,,,85992,t,2026-06-28 01:35:35.708904,
91307,1,,,85992,t,2026-06-28 01:35:35.712668,
91308,1,,,85992,t,2026-06-28 01:35:35.719061,
91309,1,,,85993,t,2026-06-28 01:35:35.722936,
91310,1,,,85993,t,2026-06-28 01:35:35.72664,
91311,1,,,85993,t,2026-06-28 01:35:35.729314,
91312,1,,,85993,t,2026-06-28 01:35:35.732322,
91313,1,,,85993,t,2026-06-28 01:35:35.734039,
91314,1,,,85993,t,2026-06-28 01:35:35.741342,
91315,1,,,85994,t,2026-06-28 01:35:35.74365,
91316,1,,,85994,t,2026-06-28 01:35:35.749246,
91317,1,,,85994,t,2026-06-28 01:35:35.753403,
91318,1,,,85994,t,2026-06-28 01:35:35.758421,
91319,1,,,85994,t,2026-06-28 01:35:35.762348,
91320,1,,,85995,t,2026-06-28 01:37:10.750439,
91321,1,,,85995,t,2026-06-28 01:37:10.654747,
91322,1,,,85995,t,2026-06-28 01:37:10.654747,
91323,1,,,85995,t,2026-06-28 01:37:10.706001,
91324,1,,,85995,t,2026-06-28 01:37:10.706001,
91325,1,,,85996,t,2026-06-28 01:35:35.790734,
91326,1,,,85996,t,2026-06-28 01:35:35.795653,
91327,1,,,85996,t,2026-06-28 01:35:35.799626,
91328,1,,,85996,t,2026-06-28 01:35:35.806603,
91329,1,,,85996,t,2026-06-28 01:35:35.818441,
91330,1,,,85996,t,2026-06-28 01:35:35.823328,
91331,1,,,85996,t,2026-06-28 01:35:35.827827,
91332,1,,,85996,t,2026-06-28 01:35:35.831878,
91333,1,,,85997,t,2026-06-28 01:35:35.835677,
91334,1,,,85997,t,2026-06-28 01:35:35.83963,
91335,1,,,85997,t,2026-06-28 01:35:36.186679,
91336,1,,,85997,t,2026-06-28 01:35:36.190205,
91337,1,,,85997,t,2026-06-28 01:35:36.193029,
91338,1,,,85997,t,2026-06-28 01:35:36.195871,
91339,1,,,85998,t,2026-06-28 01:35:36.198855,
91340,1,,,85998,t,2026-06-28 01:35:36.204588,
91341,1,,,85998,t,2026-06-28 01:35:36.208092,
91342,1,,,85998,t,2026-06-28 01:35:36.21043,
91343,1,,,85272,t,2026-06-28 01:35:36.213093,
91344,1,,,85999,t,2026-06-28 01:35:36.215683,
91345,1,,,86000,t,2026-06-28 01:35:36.218122,
91346,1,,,86000,t,2026-06-28 01:35:36.2201,
91347,1,,,86000,t,2026-06-28 01:35:36.227204,
91348,1,,,86000,t,2026-06-28 01:35:36.229871,
91349,1,,,86000,t,2026-06-28 01:35:36.231923,
91350,1,,,86001,t,2026-06-28 01:35:36.233909,
91351,1,,,86001,t,2026-06-28 01:35:36.2374,
91352,1,,,86001,t,2026-06-28 01:35:36.240479,
91353,1,,,86002,t,2026-06-28 01:35:36.243163,
91354,1,,,85633,t,2026-06-28 01:35:36.244992,
91355,1,,,86003,t,2026-06-28 01:35:36.247521,
91356,1,,,86003,t,2026-06-28 01:35:36.249484,
91357,1,,,85666,t,2026-06-28 01:35:36.251392,
91358,1,,,85706,t,2026-06-28 01:35:36.253936,
91359,1,,,86004,t,2026-06-28 01:35:36.256481,
91360,1,,,86004,t,2026-06-28 01:35:36.258376,
91361,1,,,86005,t,2026-06-28 01:35:36.260309,
91362,1,,,86005,t,2026-06-28 01:35:36.262664,
91363,1,,,86005,t,2026-06-28 01:35:36.264346,
91364,1,,,86005,t,2026-06-28 01:35:36.266831,
91365,1,,,86005,t,2026-06-28 01:35:36.27497,
91366,1,,,86005,t,2026-06-28 01:35:36.277995,
91367,1,,,86006,t,2026-06-28 01:35:36.281384,
91368,1,,,86006,t,2026-06-28 01:35:36.286235,
91369,1,,,86007,t,2026-06-28 01:35:36.288982,
91370,1,,,86007,t,2026-06-28 01:35:36.292485,
91371,1,,,86007,t,2026-06-28 01:35:36.296442,
91372,1,,,86007,t,2026-06-28 01:35:36.300962,
91373,1,,,86007,t,2026-06-28 01:35:36.305256,
91374,1,,,86007,t,2026-06-28 01:35:36.308624,
91375,1,,,86007,t,2026-06-28 01:35:36.320624,
91376,1,,,86008,t,2026-06-28 01:35:36.325657,
91377,1,,,86008,t,2026-06-28 01:35:36.329455,
91378,1,,,86008,t,2026-06-28 01:35:36.334282,
91379,1,,,86008,t,2026-06-28 01:35:36.340837,
91380,1,,,86008,t,2026-06-28 01:35:36.343437,
91381,1,,,86008,t,2026-06-28 01:35:36.348032,
91382,1,,,86008,t,2026-06-28 01:35:36.350806,
91383,1,,,86009,t,2026-06-28 01:35:36.355398,
91384,1,,,86010,t,2026-06-28 01:37:10.996893,
91385,1,,,86010,t,2026-06-28 01:37:10.942618,
91386,1,,,86010,t,2026-06-28 01:37:10.871935,
91387,1,,,86010,t,2026-06-28 01:37:10.872801,
91388,1,,,84919,t,2026-06-28 01:37:11.24722,
91389,1,,,84994,t,2026-06-28 01:35:36.373601,
91390,1,,,85021,t,2026-06-28 01:35:36.378421,
91391,1,,,85022,t,2026-06-28 01:37:11.353214,
91392,1,,,86011,t,2026-06-28 01:37:11.59705,
91393,1,,,86011,t,2026-06-28 01:37:11.455678,
91394,1,,,86011,t,2026-06-28 01:37:11.456231,
91395,1,,,86011,t,2026-06-28 01:37:11.456231,
91396,1,,,86011,t,2026-06-28 01:37:11.456231,
91397,1,,,86011,t,2026-06-28 01:37:11.456231,
91398,1,,,86011,t,2026-06-28 01:37:11.539278,
91399,1,,,86011,t,2026-06-28 01:37:11.456231,
91400,1,,,85857,t,2026-06-28 01:35:36.414527,
91401,1,,,85183,t,2026-06-28 01:37:11.813716,
91402,1,,,85183,t,2026-06-28 01:37:11.687239,
91403,1,,,86012,t,2026-06-28 01:37:12.093321,
91404,1,,,86012,t,2026-06-28 01:37:12.036603,
91405,1,,,86012,t,2026-06-28 01:37:12.037612,
91406,1,,,86012,t,2026-06-28 01:37:12.038117,
91407,1,,,86012,t,2026-06-28 01:37:11.944117,
91408,1,,,85310,t,2026-06-28 01:35:36.445847,
91409,1,,,85878,t,2026-06-28 01:35:36.448597,
91410,1,,,86013,t,2026-06-28 01:37:12.162805,
91411,1,,,85593,t,2026-06-28 01:35:36.456737,
91412,1,,,85655,t,2026-06-28 01:35:36.46182,
91413,1,,,86014,t,2026-06-28 01:35:36.463791,
91414,1,,,85711,t,2026-06-28 01:37:07.752141,
91415,1,,,85718,t,2026-06-28 01:35:36.472523,
91416,1,,,85783,t,2026-06-28 01:35:36.4775,
91417,1,,,86015,t,2026-06-28 01:35:36.481144,
91418,1,,,86016,t,2026-06-28 01:35:36.483435,
91419,1,,,86016,t,2026-06-28 01:35:36.488401,
91420,1,,,11213,t,2026-06-28 01:37:12.452839,
91421,1,,,11213,t,2026-06-28 01:37:12.320606,
91422,1,,,11213,t,2026-06-28 01:37:12.321112,
91423,1,,,11213,t,2026-06-28 01:37:12.391759,
91424,1,,,11213,t,2026-06-28 01:37:12.254125,
91425,1,,,86017,t,2026-06-28 01:37:12.654013,
91426,1,,,86017,t,2026-06-28 01:37:12.607113,
91427,1,,,86017,t,2026-06-28 01:37:12.550295,
91428,1,,,86018,t,2026-06-28 01:37:13.009222,
91429,1,,,86018,t,2026-06-28 01:37:12.952574,
91430,1,,,86018,t,2026-06-28 01:37:12.895878,
91431,1,,,86018,t,2026-06-28 01:37:12.806189,
91432,1,,,86018,t,2026-06-28 01:37:12.806718,
91433,1,,,86018,t,2026-06-28 01:37:12.806718,
91434,1,,,86018,t,2026-06-28 01:37:12.750897,
91435,1,,,86019,t,2026-06-28 01:35:36.871407,
91436,1,,,86019,t,2026-06-28 01:35:36.880864,
91437,1,,,11217,t,2026-06-28 01:37:13.342521,
91438,1,,,11217,t,2026-06-28 01:37:13.208913,
91439,1,,,11217,t,2026-06-28 01:37:13.208913,
91440,1,,,11217,t,2026-06-28 01:37:13.293286,
91441,1,,,11217,t,2026-06-28 01:37:13.111504,
91442,1,,,86023,t,2026-06-28 01:35:36.913544,
91443,1,,,85732,t,2026-06-28 01:37:13.526359,
91444,1,,,86028,t,2026-06-28 01:35:36.921152,
91445,1,,,86029,t,2026-06-28 01:37:13.616337,
91446,1,,,84932,t,2026-06-28 01:35:36.930741,
91447,1,,,86011,t,2026-06-28 01:37:11.539278,
91448,1,,,86011,t,2026-06-28 01:37:11.53988,
91449,1,,,86011,t,2026-06-28 01:37:11.53988,
91450,1,,,86011,t,2026-06-28 01:37:11.53988,
91451,1,,,85124,t,2026-06-28 01:35:36.953255,
91452,1,,,85922,t,2026-06-28 01:35:36.955973,
91453,1,,,85431,t,2026-06-28 01:36:58.109905,
91454,1,,,85546,t,2026-06-28 01:35:36.963543,
91455,1,,,85739,t,2026-06-28 01:35:36.968944,
91456,1,,,11213,t,2026-06-28 01:37:12.391759,
91457,1,,,85764,t,2026-06-28 01:35:36.979465,
91458,1,,,85764,t,2026-06-28 01:35:36.981391,
91459,1,,,86031,t,2026-06-28 01:35:36.985277,
91460,1,,,86031,t,2026-06-28 01:35:36.988486,
91461,1,,,86031,t,2026-06-28 01:35:36.991594,
91462,1,,,86031,t,2026-06-28 01:35:36.994108,
91463,1,,,86032,t,2026-06-28 01:35:36.997835,
91464,1,,,86032,t,2026-06-28 01:35:37.00171,
91465,1,,,86032,t,2026-06-28 01:35:37.003595,
91466,1,,,86032,t,2026-06-28 01:35:37.007501,
91467,1,,,86033,t,2026-06-28 01:35:37.009364,
91468,1,,,86033,t,2026-06-28 01:35:37.01431,
91469,1,,,86033,t,2026-06-28 01:35:37.019757,
91470,1,,,86033,t,2026-06-28 01:35:37.024963,
91471,1,,,86033,t,2026-06-28 01:35:37.029109,
91472,1,,,86033,t,2026-06-28 01:35:37.033012,
91473,1,,,86033,t,2026-06-28 01:35:37.037517,
91474,1,,,86033,t,2026-06-28 01:35:37.041408,
91475,1,,,86033,t,2026-06-28 01:35:37.044619,
91476,1,,,86033,t,2026-06-28 01:35:37.048319,
91477,1,,,86033,t,2026-06-28 01:35:37.053447,
91478,1,,,86034,t,2026-06-28 01:35:37.057631,
91479,1,,,86034,t,2026-06-28 01:35:37.060957,
91480,1,,,86034,t,2026-06-28 01:35:37.064459,
91481,1,,,86034,t,2026-06-28 01:35:37.072532,
91483,1,,,86016,t,2026-06-28 01:35:37.079433,
